credit_score,country,gender,age,tenure,balance,products_number,credit_card,active_member,estimated_salary,churn,churn_probability(%)
619,1,0,42,2,0.0,1,1,1,0.5067348931822989,1,27.715645
608,2,0,41,1,0.334031478677259,1,0,1,0.5627087386845444,0,48.7792
502,1,0,42,8,0.6363571759354565,3,1,0,0.5696543519906151,1,62.318523
699,1,0,39,1,0.0,2,0,0,0.46912005096486714,0,2.7737684
850,2,0,43,2,0.5002462155052676,1,1,1,0.3954003607344502,0,38.98037
645,2,1,44,8,0.45339436422174445,2,1,0,0.7487971601287922,1,20.70516
822,1,1,50,7,0.0,2,1,1,0.050260899915941966,0,8.349303
376,0,0,29,4,0.4585397202505608,4,1,0,0.5967334880481086,1,89.18046
501,1,1,44,4,0.5661703921301275,2,0,1,0.37468038197647874,0,4.2141213
684,1,1,27,2,0.5364882610306042,1,1,1,0.3586049967771922,0,7.389747
528,1,1,31,6,0.4066062041365082,2,0,0,0.40088598461153035,0,0.68380463
497,2,1,24,3,0.0,2,1,0,0.3819286241836095,0,3.529409
476,1,0,34,10,0.0,2,1,0,0.13125953528561976,0,2.5932155
549,1,0,25,5,0.0,2,0,0,0.9543221877689319,0,0.46109796
635,2,0,35,7,0.0,2,1,1,0.32973183939066175,0,5.387747
616,0,1,45,3,0.5704683124530762,2,0,1,0.32160911367035555,0,26.422256
653,0,1,58,1,0.5285129113577549,1,1,0,0.02543287883992921,1,96.65586
549,2,0,24,9,0.0,2,1,1,0.07198102418780992,0,4.8118663
587,2,1,45,6,0.0,1,0,0,0.7934419237037137,0,75.77873
726,1,0,24,6,0.0,2,1,1,0.2735883776900694,0,1.5907094
732,1,1,41,8,0.0,2,1,1,0.8544545504095641,0,1.5996367
636,2,0,32,8,0.0,2,1,0,0.6927855610210775,0,6.406901
510,2,0,38,4,0.0,1,1,0,0.5945665311037204,1,43.75905
669,1,1,46,3,0.0,2,0,1,0.04238489775773586,0,2.2532172
846,1,0,38,5,0.0,1,1,1,0.9381124897427704,0,14.039914
577,1,1,25,3,0.0,2,0,1,0.6225430028567728,0,0.24305533
756,0,1,36,2,0.5453036330408096,1,1,1,0.8502330472560129,0,39.927628
571,1,1,44,9,0.0,2,0,0,0.19212719814742305,0,4.1308627
574,0,0,43,3,0.5633738782148561,1,1,1,0.5009270885369552,0,59.070396
411,1,1,29,0,0.23793393564693938,2,1,1,0.26738368514193106,0,3.7584298
591,2,0,39,3,0.0,3,1,0,0.702356075005163,1,87.056305
533,1,1,36,7,0.3400253066892618,1,0,1,0.7836764911049005,0,7.5538225
553,0,1,41,9,0.43887356814872525,2,0,0,0.40947525488684167,0,6.499986
520,2,0,42,6,0.0,2,1,1,0.17201127707696084,0,9.701144
722,2,0,29,9,0.0,2,1,1,0.710175271738451,0,2.6903603
475,1,0,45,0,0.5351337668612783,1,1,0,0.13907033121663118,1,72.51281
490,2,1,31,3,0.5789610833625718,1,0,1,0.570330416554781,0,6.328081
804,2,1,33,7,0.3050983767951363,1,0,1,0.49225636048242605,0,6.065945
850,1,1,36,7,0.0,1,1,1,0.20402608449106888,0,7.9394727
582,0,1,41,6,0.28039065582364536,2,0,1,0.8903973329452962,0,2.354071
472,2,1,40,4,0.0,1,1,0,0.35074669630949756,0,40.991608
465,1,0,51,8,0.48833500486193426,1,0,0,0.9065169223660858,1,89.66013
556,1,0,61,2,0.46799618920973063,1,1,1,0.47075620721778927,0,28.524908
834,1,0,49,2,0.5236969320890407,1,0,0,0.97186371298459,1,90.24452
660,2,0,61,5,0.6214918176539327,1,1,1,0.7917096582723651,0,28.211403
776,0,0,32,4,0.4361178277602672,2,1,1,0.6325898123270772,0,4.35009
829,0,0,27,9,0.4465784095845449,1,1,1,0.5985403105996623,1,14.613255
637,0,0,39,9,0.5494015518412276,1,1,1,0.5881122647212809,1,44.517506
550,0,1,38,2,0.4120851617483418,1,0,1,0.454376142921649,0,44.564804
776,0,0,37,2,0.4135911118334939,2,1,0,0.9705303856518297,0,9.210519
698,0,1,44,10,0.4637873887361997,2,1,0,0.9903324767515297,0,11.10155
585,0,1,36,5,0.5821127215436356,2,0,0,0.43210621614364175,0,2.6616268
788,1,0,33,5,0.0,2,0,0,0.584888906890608,0,0.9560497
655,0,1,41,8,0.5004500831393337,1,0,0,0.8202251315000582,1,35.802727
601,0,1,42,1,0.3925726178306101,1,1,0,0.20003500334281923,1,43.352215
619,1,1,43,1,0.49905489515683443,1,1,1,0.567048703151151,0,41.440483
656,1,1,45,5,0.5096268369360644,1,1,0,0.43552154230729034,0,24.784145
725,0,1,19,0,0.3024662324053563,1,0,0,0.22803262711588954,0,6.155106
511,2,0,66,4,0.0,1,1,0,0.008158429129981912,1,89.780205
614,1,1,51,4,0.16216113881137956,1,1,1,0.23384083179943682,0,42.412693
742,0,1,35,5,0.5454684808481405,1,0,0,0.422530301643807,0,21.88465
687,0,0,27,9,0.6071344743995462,2,0,0,0.6324766015154447,0,9.252321
555,2,1,33,1,0.2235357391520996,2,0,0,0.8940181287312938,0,4.3397293
684,2,1,56,8,0.31370171052318496,1,1,1,0.49698136172004426,0,32.699047
603,0,1,26,4,0.4351024354151122,1,1,1,0.4641897801240018,0,4.2396917
751,0,0,36,6,0.6768941923790652,2,1,1,0.13874715035285867,0,7.649945
581,0,0,34,1,0.4050769776685028,1,1,0,0.5521523805523427,0,54.460342
735,0,1,43,10,0.4909563480535065,2,1,1,0.9834024149306257,0,15.26462
661,0,0,35,5,0.6007440311721783,2,0,1,0.5682806207992863,0,6.683335
675,1,0,21,8,0.39208453121345005,1,1,0,0.09096578723268071,0,2.2874136
738,0,1,58,2,0.5330667921784499,4,1,0,0.14182494428217893,1,99.545685
813,1,1,29,6,0.0,1,1,0,0.1697276589914337,0,17.797333
657,2,0,37,0,0.6520861916485694,1,0,1,0.22098095368107654,0,31.909502
604,0,0,25,5,0.6288642532113338,2,1,1,0.2921040459363869,0,2.4128704
519,1,1,36,9,0.0,2,0,1,0.7278236071544831,0,1.5036172
735,1,0,21,1,0.7123138721382855,2,1,0,0.11189278576104017,0,0.26789132
664,1,1,55,8,0.0,2,1,1,0.6958167504996727,0,7.647538
678,1,0,32,9,0.0,1,1,1,0.7410660718098578,0,6.305431
757,2,1,33,5,0.30790676804275396,1,0,1,0.9712330027517627,0,7.1795635
416,0,0,41,10,0.48700912788933554,2,1,0,0.4914970879719013,0,7.713799
665,1,0,34,1,0.38519838871631107,2,0,0,0.8570922523100956,0,0.89054984
777,1,0,32,2,0.0,1,1,0,0.6822982094790052,1,18.719316
543,1,0,36,3,0.0,2,0,0,0.13005247001088602,0,1.035946
506,1,0,34,4,0.359937455083855,1,1,1,0.7961945865830187,0,3.6108937
493,1,0,46,4,0.0,2,1,0,0.009481305464671876,0,16.96805
652,2,0,75,10,0.0,2,1,1,0.5733756073705039,0,1.2868253
750,2,1,22,3,0.484985039144778,1,1,0,0.6432202775365047,1,34.84535
729,1,1,30,9,0.0,2,1,0,0.7593613690107405,0,0.5692089
646,1,0,46,4,0.0,3,1,0,0.4662437262758593,1,88.35515
635,0,0,28,3,0.3253259919196675,2,1,1,0.7839737694949866,0,5.3470683
647,2,0,44,5,0.0,3,1,1,0.8710513854073063,1,94.80568
808,1,1,45,7,0.47280770451460996,2,1,0,0.7356746569297367,0,4.328535
524,1,0,36,10,0.0,2,1,0,0.5480672904262357,0,2.069989
769,1,1,29,8,0.0,2,1,1,0.8614774210937143,0,0.4121623
730,2,1,42,4,0.0,2,0,1,0.4298955050207295,0,3.6127653
515,2,1,35,10,0.7025719087777832,1,0,1,0.6063889101409184,0,10.313617
773,2,1,41,9,0.40983747624384076,1,0,1,0.32294919164780234,0,7.00669
814,0,1,29,8,0.386955516480815,2,1,1,0.9864169528189942,0,1.8768301
710,2,1,22,8,0.0,2,0,0,0.4982148795209942,0,4.962245
413,1,1,34,9,0.0,2,0,0,0.03261611483896712,0,0.48447913
665,1,0,40,6,0.0,1,1,1,0.8092595342855242,0,7.3725767
623,1,0,44,6,0.0,2,0,0,0.8358340721538906,0,4.0956845
738,1,1,31,9,0.32951287114222355,1,1,0,0.20981573740292198,0,3.6065228
528,2,1,36,7,0.0,2,1,0,0.30265380343822834,0,3.0530653
670,2,0,65,1,0.0,1,1,1,0.8883053331593166,1,5.086784
622,2,0,46,4,0.4267600044304842,2,1,1,0.15487984102481786,1,23.621613
582,0,1,32,1,0.3544810564321155,1,1,1,0.050219545966639814,0,7.872591
785,0,0,36,2,0.39779836506527416,1,0,1,0.18484235244465844,0,49.7114
605,2,1,33,5,0.5982221706032119,1,0,0,0.3592903622295929,0,36.494877
479,0,1,35,9,0.37000636393844216,1,1,0,0.49723888631364294,1,53.142822
685,0,1,30,3,0.3608509335403869,1,0,1,0.3153866194221548,0,25.31524
538,0,1,39,7,0.4306732665840542,2,1,0,0.13611139863856997,0,3.0104208
562,1,1,42,2,0.3995181868463009,1,0,0,0.43397059419174533,0,15.188064
675,2,1,36,9,0.4232417632194809,1,0,1,0.11492467530649175,0,6.9854455
721,0,1,28,9,0.6156903785118493,2,0,1,0.5064951702887626,1,3.7282019
628,0,0,30,9,0.5275101536245255,2,1,1,0.370823163612125,0,3.488246
668,0,0,37,6,0.6690541167531407,1,1,0,0.5781887670272511,0,30.877161
506,1,0,41,1,0.0,2,1,0,0.1587887643269932,0,1.701004
524,0,0,31,8,0.42973077236259555,1,1,0,0.9986644224523442,1,57.434315
699,0,1,34,4,0.7380439205416033,2,1,0,0.6041721984449514,0,2.2241592
828,1,1,34,8,0.5158801328459695,2,0,0,0.19061915412921931,0,0.8513947
674,2,1,39,6,0.4790527500627845,1,0,0,0.5006446615651794,0,12.568371
656,1,0,39,6,0.0,2,1,0,0.7053588617712991,0,1.6614199
684,0,0,48,10,0.5037281072964725,1,1,1,0.9906835102752312,0,76.73525
625,1,0,28,3,0.0,1,0,0,0.9182618440061026,0,9.4398365
432,1,1,42,9,0.6082288231050306,1,1,0,0.5513209511508349,1,11.94375
549,1,0,52,1,0.0,1,0,1,0.04312646857774917,1,77.5546
625,0,1,56,0,0.5919026326585428,1,1,0,0.2340848551036624,1,98.21013
828,1,0,41,7,0.0,2,1,0,0.8569177856485293,0,1.3892407
770,1,1,24,9,0.40585031954607553,1,1,0,0.836303717004974,0,10.508701
758,1,0,34,3,0.0,2,1,1,0.6211322181268311,0,1.3202822
795,0,0,33,9,0.5215760311288141,1,1,1,0.5746730312744868,0,12.193998
687,1,1,38,9,0.4885285097228122,1,1,1,0.17800349933418638,0,15.214579
686,1,1,25,1,0.0,2,0,1,0.08224680456983641,0,1.02313
789,0,1,39,7,0.4975265455388681,2,1,1,0.6220569064345645,0,2.6451895
589,0,0,50,5,0.5775055920114817,2,1,1,0.17466493050086282,0,20.483065
461,0,0,34,5,0.25374417955911904,1,0,1,0.8389436191156254,0,35.107494
637,1,1,40,2,0.5319414747238611,1,0,1,0.46581328516873355,0,14.580626
584,2,0,48,2,0.849532971733663,1,1,0,0.3757842373946712,1,85.71883
579,2,0,35,1,0.5161073964333488,2,0,1,0.04290034698313688,1,4.565476
756,0,1,44,10,0.547840320346799,1,1,0,0.9477521103265361,0,61.26123
663,1,1,34,7,0.0,2,1,1,0.9021644567056153,0,0.5858369
682,1,0,43,5,0.5016057714907276,1,1,1,0.9666260627889962,0,29.523573
793,2,1,52,2,0.0,1,1,0,0.79563718335101,1,95.89496
691,1,0,31,5,0.16307637096798946,1,1,0,0.6310715673346804,1,35.09518
485,2,0,21,5,0.4510086944065617,1,1,1,0.27067544950542777,0,2.8894234
635,2,0,29,8,0.5512076237806355,2,1,0,0.705387014459881,0,6.067846
650,1,1,37,5,0.42633716342758926,1,0,0,0.12242894196395754,0,5.6282735
735,1,1,44,9,0.4809985998697719,1,1,0,0.37415953223532844,0,20.794603
416,1,1,32,0,0.0,2,0,1,0.004336864170528285,0,3.4931586
754,2,0,32,7,0.0,2,1,0,0.4475885947107949,0,3.4742851
535,1,0,48,9,0.0,1,1,0,0.7494776251131983,1,76.97575
716,2,1,42,8,0.0,2,1,0,0.9040305349160845,0,5.3851633
539,1,1,37,2,0.5086112453068097,1,1,0,0.49322030253889243,0,4.906477
614,1,0,43,6,0.0,2,1,1,0.5452018167735019,0,15.84886
706,2,1,57,7,0.0,1,1,0,0.08965646219213934,1,97.78351
758,1,0,33,7,0.0,2,0,0,0.41496407906955113,0,0.3766185
586,2,0,28,2,0.0,2,1,1,0.4603228108284341,0,4.069519
646,1,0,73,6,0.3876444416137246,1,0,1,0.5235904028834754,0,1.4375383
631,0,0,33,4,0.49122215318578155,1,0,0,0.5634337579238817,0,37.76151
717,2,0,22,6,0.40279401887834226,1,0,1,0.42348034237269655,0,8.254251
684,1,1,30,2,0.0,2,1,0,0.417351057025946,0,2.3078237
800,1,0,49,7,0.4304829901255925,1,0,0,0.23559014885921603,0,68.33058
721,2,0,36,2,0.0,2,1,1,0.5348821812483092,0,8.481709
683,2,1,29,0,0.5328972014095446,1,1,0,0.27788133766774725,1,73.95237
660,0,1,31,9,0.49896653258699586,2,1,1,0.6993810408894049,0,1.451807
704,0,0,24,7,0.4505184555211242,1,1,0,0.8125370972927914,1,69.87664
615,2,0,41,9,0.43449206807433255,1,1,0,0.9825357321624214,0,42.416718
667,2,0,39,2,0.0,2,1,0,0.20356774071923867,1,6.402587
682,0,1,24,9,0.2308898007155017,2,0,0,0.2656389685214938,0,6.3068705
484,1,0,29,4,0.518594581568955,1,1,0,0.8201098704926321,0,12.319463
628,0,1,27,5,0.3819339158779567,2,1,0,0.7800013901327576,0,1.2946594
480,0,1,44,10,0.5165785439020282,1,1,0,0.02730820793385768,1,85.83939
578,1,1,30,4,0.6754220010204144,1,1,0,0.560931218931408,0,5.510685
512,1,1,40,5,0.0,2,1,1,0.7323011847631448,0,2.179139
484,2,0,35,7,0.5335561143570284,1,1,1,0.13638562482717098,0,12.228446
510,1,0,30,0,0.0,2,1,1,0.6527717897059169,0,16.255684
606,0,1,36,5,0.75919063393428,2,0,0,0.8967871931769484,0,1.758638
597,2,0,40,8,0.4065121420414161,1,0,1,0.47385795343455295,0,32.182297
754,0,0,55,3,0.6441213243193682,1,1,0,0.04035020344442894,1,96.224335
850,2,0,45,2,0.4874935875358797,1,1,1,0.09736389825228309,0,52.473633
510,1,1,65,2,0.0,2,1,1,0.24032310085613173,0,2.342621
778,0,0,45,1,0.6462800095449114,2,1,0,0.872681791111051,0,10.104532
636,1,1,42,2,0.0,2,1,1,0.27732248429725037,0,2.1370816
804,1,0,50,4,0.0,1,1,1,0.04268052599023207,1,80.70563
514,1,1,32,8,0.0,2,1,0,0.4792737706450966,0,0.7204858
730,1,0,39,1,0.39462504477415516,1,1,0,0.974764189980143,0,18.560328
525,2,0,37,0,0.0,1,0,1,0.6576135020894495,0,53.0662
616,2,1,30,5,0.0,2,0,1,0.9805782952271942,0,3.9705486
687,0,0,34,7,0.44395786352937167,2,1,0,0.7428368409183077,0,11.026057
715,1,0,41,8,0.22405451552062436,2,0,0,0.4648995479068251,1,2.0247178
512,1,0,36,3,0.33610367460350143,2,1,0,0.08832733526051738,0,1.0790592
479,1,1,40,1,0.0,2,0,0,0.5749791605098287,0,2.2526321
601,1,1,32,8,0.3707198010156236,1,1,0,0.43477072060381766,0,10.121119
580,2,1,29,9,0.24595818963787253,2,1,0,0.6403922574605875,0,2.331028
807,1,1,35,3,0.6966579538329687,1,1,1,0.002944181169301668,0,4.1474433
616,2,0,32,6,0.0,2,1,1,0.21496992962827946,0,7.256466
721,0,1,37,3,0.4293402153838637,1,1,1,0.7929734289624658,0,32.855682
501,1,1,57,10,0.0,2,1,1,0.23920089368534694,0,5.2340574
521,1,1,35,6,0.38431476301792494,1,1,0,0.05238930317845354,0,13.395521
850,2,1,30,2,0.5621406284918312,1,1,1,0.02983594933316131,0,6.270627
759,1,1,42,4,0.4201713133806639,1,0,1,0.6070453728331056,0,5.8385806
516,2,1,50,5,0.0,1,0,1,0.7307415358166705,1,72.312874
711,1,0,38,2,0.5142409015548903,2,1,1,0.07182325912124607,1,5.5615573
512,2,1,33,3,0.7041369665269274,1,1,0,0.47334115408021465,0,30.734257
550,1,1,37,3,0.0,1,1,1,0.8983794452370201,0,10.831378
608,2,0,41,3,0.35777012092838173,1,0,0,0.9965609715727851,1,54.565193
618,1,1,34,5,0.5378858404223006,1,1,1,0.7597866096212188,0,11.108145
643,1,1,45,5,0.0,1,1,0,0.7125776511656863,1,22.105827
671,1,1,45,2,0.42398429577522895,1,0,1,0.7913407730438257,0,11.842009
689,0,1,33,2,0.6449416972444869,2,1,0,0.8469324820520359,0,7.948535
603,1,1,31,8,0.0,2,1,1,0.8495983366411491,0,1.1651199
620,1,0,41,9,0.0,2,0,0,0.4442468755766176,0,2.7144363
676,1,0,34,1,0.25147664535828074,1,1,1,0.20319055469797362,0,10.821265
572,0,1,26,4,0.4714544060498827,2,0,0,0.3021074512615955,0,0.7525966
668,0,1,47,7,0.425886900932566,1,0,1,0.7898126271058885,1,68.25293
695,1,1,46,7,0.1973412790826746,1,1,0,0.6650423115407521,0,28.979115
730,2,0,33,9,0.0,2,0,0,0.8829095178589554,0,3.335499
807,1,1,43,1,0.4216824448524101,2,1,0,0.17439895510021206,1,1.8280692
592,1,1,54,8,0.0,1,1,1,0.14364436803714753,1,53.979797
726,1,0,31,9,0.45724560916346557,2,1,1,0.49088182921469004,0,1.0882529
514,2,1,30,7,0.0,1,0,1,0.6250529925607895,0,8.338356
567,1,1,42,2,0.0,2,1,1,0.8399453647823366,0,1.0452871
850,1,1,33,10,0.0,1,1,0,0.024253016163043567,1,15.626079
671,0,1,45,6,0.39683131904272373,1,1,1,0.5443563360300908,1,49.420933
670,1,1,37,4,0.6797895910646431,2,1,0,0.9913011692616644,0,0.43098027
694,1,0,30,9,0.0,2,1,1,0.13475651924758814,0,1.3015252
547,0,0,39,6,0.297316531983165,3,1,1,0.42871564234384385,1,79.73503
751,0,1,50,2,0.3861663115889005,1,1,0,0.38601021397543467,1,94.267685
594,0,0,29,3,0.5214476523117415,1,1,0,0.30521389792725206,0,45.944626
673,1,1,72,1,0.0,2,0,1,0.5599015205952168,0,0.19496211
610,1,1,40,0,0.0,2,1,0,0.31113481337467724,0,3.3754132
512,1,0,37,1,0.0,2,0,1,0.7805417917411113,0,6.726229
767,0,1,20,3,0.4771429308210358,2,0,1,0.7506906909609867,0,0.40840918
585,1,0,67,5,0.4542839285863038,2,0,1,0.4657171259855316,0,2.4784603
763,0,1,42,6,0.39920889792345576,1,1,0,0.16727277454996953,1,41.743244
712,1,0,29,2,0.0,1,1,1,0.7218860401168311,0,4.503502
539,0,0,43,3,0.463217954349513,3,1,0,0.27898854340589524,1,92.802345
668,1,0,46,2,0.0,3,1,0,0.44522691917078083,1,87.306335
703,1,1,28,2,0.3235330727308447,2,0,1,0.8140806447015689,0,1.956756
662,2,1,38,4,0.0,2,1,0,0.6813054146671006,0,3.8103433
725,0,0,39,5,0.4655428026574456,1,1,0,0.6202661854207077,0,36.826893
703,1,1,37,8,0.42232956018118756,2,0,1,0.3707715086790789,0,1.7875482
659,0,1,67,6,0.4679653001742661,1,1,1,0.2253190679709912,1,6.459967
523,2,1,34,7,0.0,2,1,0,0.3101220166525903,0,5.09934
635,1,0,40,10,0.4922220810847943,1,1,0,0.6597712581551538,1,39.480484
772,0,1,26,7,0.6074199688008786,2,1,0,0.3970500182767454,0,0.44076225
545,1,0,26,1,0.0,2,1,1,0.9982302309870592,0,0.66757894
634,0,1,24,8,0.41091524451222416,1,1,1,0.7879037948124046,0,21.261747
739,0,1,54,8,0.5038625044933583,1,1,0,0.6721100365084866,1,82.736145
771,0,0,36,5,0.310272987729799,1,0,0,0.49901970638195947,0,38.17678
587,2,0,34,1,0.0,2,1,1,0.48965226179100096,0,5.396419
681,1,0,79,0,0.0,2,0,1,0.8548686899598911,0,0.44857883
544,0,1,37,2,0.3177860381479987,1,1,1,0.28776433149365765,0,47.595554
696,2,1,28,8,0.0,1,0,0,0.8835938332110717,0,30.284643
766,2,1,41,0,0.0,2,0,1,0.17137461627585435,0,1.9987683
727,1,1,34,10,0.0,2,1,1,0.993223652858848,0,1.9768159
671,0,0,34,6,0.1485330956485161,2,0,0,0.784602629551122,0,1.4528935
693,1,0,30,6,0.5101364063791798,1,1,1,0.252252190084153,0,9.381943
850,0,1,38,3,0.21881796708775267,1,1,1,0.700386736933377,0,25.71539
732,0,1,42,9,0.4334352644932451,2,1,1,0.32658883923414683,0,5.4329476
726,2,0,48,6,0.39819430271469985,1,1,0,0.32158901175062216,0,85.69367
557,1,0,32,6,0.7361012991370322,2,1,0,0.07473143685221938,0,1.3260741
682,1,0,26,0,0.44103173523560907,1,0,1,0.559391571895116,0,12.947096
738,2,1,31,9,0.3149477941422352,1,1,1,0.09298212979339526,0,5.053389
531,2,0,36,9,0.39554111392398406,1,1,0,0.6156859480080347,0,32.089027
498,1,1,34,2,0.0,2,1,1,0.7426542234783421,0,0.6956792
651,1,1,36,7,0.0,2,1,0,0.06944028154688772,0,1.1424805
549,2,0,39,7,0.0,1,0,0,0.40627714946777416,1,55.495026
791,0,0,35,7,0.20899401824860445,1,1,0,0.8052777540255094,0,34.77313
650,2,1,41,9,0.0,2,0,1,0.9580319420504658,0,2.874084
733,0,1,34,3,0.39991520062986535,3,1,0,0.24276123369781813,1,20.34108
811,0,0,34,1,0.5950511221508303,2,1,1,0.9317297801940084,0,8.261435
707,1,1,30,8,0.0,2,1,0,0.16575477958145002,0,0.6041117
712,0,1,28,4,0.580336980644213,1,0,1,0.4694045781372121,0,12.278754
706,2,0,37,7,0.0,2,1,1,0.5544915539434015,0,6.317809
756,1,1,62,3,0.0,1,1,1,0.055942642522360884,1,38.17422
777,1,0,53,10,0.0,2,1,0,0.9499976747779413,0,20.535261
646,1,1,35,6,0.3349043430342575,1,0,1,0.821298984052977,0,7.9657474
714,1,1,46,1,0.0,1,1,0,0.760853711529451,1,30.933975
782,1,1,39,8,0.0,2,1,1,0.1697066569857421,0,1.5326318
775,2,1,29,10,0.0,2,1,1,0.340694286304342,0,1.8783798
479,0,1,35,4,0.5528895018690657,1,1,1,0.23622360935469336,1,21.418638
807,1,1,42,7,0.471405382161339,1,1,1,0.1293830560818558,0,13.592246
799,1,0,22,8,0.6942499243417917,2,0,1,0.9632033359185802,0,0.3304391
675,1,1,40,7,0.45121451502480553,2,1,0,0.1728454067363433,0,1.1374452
602,2,1,29,5,0.4141413750897825,1,1,0,0.8061682890716063,0,39.38037
475,1,0,32,8,0.47438894413265564,1,1,0,0.5040716888462847,0,24.483261
744,2,0,26,5,0.6628105060504846,1,1,1,0.9085010618514068,0,4.2441807
588,2,1,34,10,0.0,2,1,0,0.39537440825598846,0,8.940406
703,0,1,42,9,0.25200271552485715,1,0,1,0.6865892692752158,0,31.26251
747,2,0,41,5,0.37673132545568605,2,1,0,0.9746694809354292,0,8.991801
583,1,1,27,7,0.0,2,1,0,0.2563940356304027,0,0.4924445
750,2,0,34,9,0.4496736503653735,1,0,0,0.7520215680597496,1,10.770308
681,1,1,38,3,0.0,2,1,1,0.5624556145111859,0,3.4070148
773,1,1,25,2,0.5416674554995616,1,1,0,0.3682591687506157,0,4.0808764
714,1,0,31,4,0.49888486596290954,1,1,1,0.5331774684482368,0,4.78718
687,2,0,44,7,0.0,3,1,0,0.7792841216336159,1,96.589745
511,1,1,58,0,0.594334177673493,1,1,1,0.813017293151496,0,40.546814
627,1,1,33,5,0.0,2,1,1,0.518680734010098,0,1.280936
694,1,0,31,10,0.0,2,1,0,0.8049703246660055,0,2.955875
616,2,0,36,6,0.5273524003311464,1,0,0,0.07726367868131406,0,58.30934
687,1,1,35,8,0.0,2,1,0,0.05161727945018748,0,1.270135
712,1,0,33,6,0.0,2,1,1,0.9534639558077795,0,1.5254424
553,1,1,33,4,0.47064084864097616,1,0,0,0.4721894440919107,0,8.520519
667,1,1,31,1,0.47535909898716255,1,1,1,0.1412437387770532,0,2.3622577
731,1,1,43,2,0.0,1,1,1,0.8501980439131938,1,24.01423
629,0,1,35,7,0.625143419784503,2,1,0,0.15907874201986288,0,1.9628385
614,1,1,50,4,0.5464548175715488,1,1,0,0.6358352722685017,1,64.27968
438,0,1,31,8,0.31247224719805566,1,1,0,0.2246486039416764,0,31.914625
652,1,0,80,4,0.0,2,1,1,0.943047511037304,0,0.16088961
729,0,1,30,6,0.2537660609532739,1,1,0,0.7255682417670887,0,20.66419
642,1,1,38,3,0.0,2,0,0,0.8573431262685586,0,0.5053864
806,0,0,59,0,0.5392481465283375,1,1,0,0.9141419005515026,0,97.800476
744,2,1,36,2,0.6130155873247183,1,1,1,0.43605039281251357,0,24.516258
474,2,1,37,3,0.0,2,0,0,0.28584599829283697,0,3.2628012
559,1,1,49,2,0.5861733742173965,1,1,0,0.6027038082136844,1,62.227512
706,2,1,42,9,0.0,2,1,1,0.14352750687690674,0,3.6441808
628,2,0,22,3,0.0,1,1,0,0.4271142894146391,0,30.301294
429,1,1,24,4,0.38159616918566425,1,1,0,0.23081789310879186,0,3.7864447
525,2,0,57,2,0.5817713877375471,1,1,1,0.32221467150112837,0,58.116478
680,1,0,30,8,0.563741836376674,1,1,1,0.08134471842060916,0,4.482301
749,1,1,40,1,0.5551672792726322,1,1,0,0.914306516272304,1,7.9967895
763,1,0,31,4,0.0,2,0,0,0.25198976502255965,0,0.5160686
734,1,1,30,3,0.0,2,1,0,0.5381947475983956,0,0.47862986
716,1,1,35,4,0.5756475467788535,1,1,0,0.6706693989275975,0,7.320462
594,1,1,35,2,0.0,2,1,0,0.5173949612187964,0,1.17766
644,1,0,46,9,0.3803985514596784,1,1,0,0.5437992828315104,1,40.046608
671,0,1,35,1,0.5773210150782735,1,1,1,0.895089081007236,0,10.247992
664,0,1,26,7,0.46331217587188495,2,1,1,0.47571323061352355,0,0.372124
656,1,1,50,7,0.0,2,0,1,0.3606937462527671,0,4.378749
667,2,0,40,1,0.5839106626917727,1,1,0,0.09576569562393207,0,33.75503
663,0,1,44,2,0.46643878397001753,2,0,1,0.723412085854199,0,8.054347
584,0,0,30,8,0.4464514257561706,1,1,0,0.8888871387217478,1,45.593513
626,2,0,37,6,0.4315272786652143,1,1,0,0.027934467741669324,0,40.58476
485,1,1,29,7,0.7258875107419113,1,1,0,0.5841404354115818,1,4.0160646
659,0,0,32,3,0.6015340332004919,2,0,1,0.8732880490086803,0,3.3680513
649,1,1,33,2,0.0,2,1,0,0.009997954804683847,0,1.417703
805,2,0,39,5,0.6587221528868554,1,1,0,0.07049808256688513,1,66.878235
716,0,0,39,10,0.4595543553161366,1,1,0,0.2175998807886153,1,70.93872
642,0,0,40,6,0.5161557427559533,2,0,1,0.4304793607789544,1,9.408623
659,1,1,31,4,0.47167461498013,1,0,0,0.8078902035144356,0,4.1790185
545,2,0,47,5,0.0,2,1,1,0.19481140448912868,0,28.571209
543,1,1,22,8,0.0,2,0,0,0.6379391231862642,0,0.16175476
718,1,0,25,7,0.0,2,1,0,0.15185720236282563,0,0.7178218
840,1,0,43,7,0.0,2,1,0,0.45453025763960453,0,4.9939027
630,0,0,34,9,0.4262170748290671,2,1,0,0.6913831770934125,0,4.622225
643,0,1,59,3,0.6788866746653991,1,1,1,0.16081640796696084,0,63.975018
654,0,0,32,1,0.45640383312603144,1,1,1,0.6307184836151852,0,12.743267
582,1,1,39,5,0.0,2,1,1,0.6494687742679425,0,0.864151
659,2,1,32,3,0.4288359070409823,2,1,1,0.5120752031819038,0,1.3737946
762,2,1,39,2,0.32392885095299057,1,1,1,0.09354938396616876,0,17.973269
568,2,0,32,7,0.6751729357525201,1,1,0,0.3096527718397107,0,57.890392
670,2,1,25,6,0.0,2,1,1,0.3917742144374788,0,0.2521807
613,1,0,45,1,0.7486784375281614,2,1,1,0.7361337507731988,0,22.538065
539,1,1,30,0,0.0,2,1,0,0.8049172695992467,0,1.8428061
850,2,0,57,8,0.5052900163568405,2,1,1,0.6614977230325495,0,21.368301
522,2,1,34,9,0.5039348446215752,1,1,0,0.871267906085031,1,26.856688
737,1,1,41,1,0.40638308565840425,1,1,1,0.6177374939306703,0,13.480163
520,1,1,58,3,0.0,2,0,1,0.16390785319998055,0,20.848776
706,2,1,28,3,0.0,2,0,1,0.9077471398518558,0,4.0469966
643,0,0,45,2,0.6012119502384414,1,0,1,0.011543002356725066,1,89.672226
648,1,0,50,9,0.4086741752398355,1,1,1,0.9477485599874788,0,36.49866
443,0,0,29,9,0.3946925622271577,2,1,0,0.05464931900996544,0,11.665326
640,1,1,68,9,0.0,2,1,1,0.9975042616569882,0,3.6107416
628,2,0,33,3,0.0,1,1,1,0.940998215329564,0,17.19919
540,0,0,42,9,0.3478360875525199,2,1,0,0.8628877057759016,0,12.0686865
460,0,0,35,8,0.4095005665447673,2,1,1,0.9467305127639689,0,10.065936
636,0,1,34,2,0.15984780912441385,2,0,1,0.26752844896687633,0,3.2791321
593,1,0,29,2,0.6068815828769363,1,1,0,0.16998053314091496,0,14.121398
801,2,1,42,4,0.5657582726118003,1,1,1,0.05293860563683832,0,16.143993
640,0,0,75,1,0.42370952285846425,2,0,1,0.5671401118806846,0,1.4420873
611,0,1,31,0,0.4299945447970529,2,1,1,0.9174696183485522,0,25.46605
802,0,1,31,1,0.49826493298534086,1,1,1,0.9383221597662575,0,5.896037
717,0,1,35,7,0.23304031529295424,2,1,1,0.8623214016938617,0,1.7426288
769,1,0,39,8,0.0,1,0,1,0.10503213056846927,0,4.563404
745,0,1,45,10,0.4672479969855491,3,1,1,0.6119056369883323,1,96.71406
572,2,1,35,4,0.6073791155604255,1,1,0,0.640621579360829,0,38.19916
629,2,0,30,2,0.13556751269011255,1,1,0,0.09780459033837731,0,33.580116
687,2,0,39,2,0.0,3,0,0,0.9407849449622439,1,89.61548
483,1,0,50,9,0.0,2,1,1,0.5550963116977672,0,10.254565
690,1,1,36,7,0.4048779725664712,2,1,0,0.6188769527489875,0,1.7834802
492,0,0,30,10,0.3075705757664397,2,0,1,0.7335132505154242,0,2.878246
709,0,1,28,8,0.4969974861107951,2,1,0,0.7262682086139226,0,2.406841
705,0,1,44,3,0.42222306275826976,1,1,0,0.4122999246428034,0,67.7068
560,1,0,66,9,0.0,1,1,1,0.0795921510504253,0,10.190396
611,2,1,46,6,0.0,2,1,0,0.22939565728527073,0,11.281178
730,2,1,62,2,0.0,2,1,1,0.932480901926134,0,13.9495735
709,2,0,45,2,0.0,2,0,1,0.8146331474655829,0,41.753063
544,1,0,21,10,0.643791110566047,2,1,0,0.046260367865131116,0,0.20360337
712,0,0,29,7,0.5866886830425853,1,1,1,0.42464465356441533,0,12.24735
752,0,1,38,3,0.7297875005744365,1,1,1,0.35776186625822765,0,42.936382
648,2,1,46,9,0.5070146209562616,2,1,0,0.38700880934129206,1,13.6125145
556,2,1,38,8,0.0,2,0,0,0.0020293438023331225,1,5.130527
594,2,0,24,0,0.388119893618959,1,1,1,0.35700204369517285,0,56.246098
645,0,0,37,2,0.5457398659352091,2,0,1,0.7670165500805326,0,19.915985
557,1,1,33,3,0.2172338179218503,1,1,1,0.001797521663318847,0,5.338171
547,0,1,32,8,0.6206777022495469,1,1,0,0.3389244172818504,0,22.001877
701,1,0,39,9,0.0,2,0,1,0.729486265938397,0,3.657188
616,1,0,66,1,0.5414246477524003,1,1,0,0.9192324366977046,1,93.45018
605,1,1,52,1,0.2524919579897958,1,1,0,0.5444312931884995,0,66.99272
593,0,0,38,4,0.5161435067122273,1,1,1,0.7703720205279603,0,47.574066
751,2,1,52,8,0.0,2,0,1,0.8964869645051102,0,19.803555
443,2,1,36,6,0.28074350825070055,2,0,1,0.28465643468951285,0,1.7410152
685,1,1,23,8,0.0,2,1,1,0.5611908437255757,0,0.6515088
718,1,1,36,9,0.0,1,1,0,0.2295133685266943,0,6.19135
538,2,0,49,9,0.5637111067684892,1,0,0,0.8689213319872047,1,91.68172
611,2,0,37,4,0.0,2,1,0,0.6284834201666258,0,6.201597
668,0,1,37,10,0.6096431025042878,2,1,1,0.7979463538767951,0,12.427631
537,0,0,41,3,0.5512450891913925,1,1,0,0.5338004279408683,0,38.375237
709,2,1,23,10,0.0,2,0,0,0.6479548796910104,0,10.622204
850,1,1,38,1,0.0,2,1,1,0.40001355129414856,0,1.241851
745,2,0,31,3,0.49553521910031284,1,1,1,0.7022667664761983,0,19.645702
693,0,0,41,9,0.7232477536995201,3,1,1,0.9396789893434822,1,67.06516
795,2,1,35,8,0.0,2,1,0,0.8357987187776431,0,2.09541
626,2,1,26,8,0.0,2,0,0,0.9571370565889041,0,3.705474
487,0,0,61,5,0.4398918700417369,1,0,0,0.056869781064091615,1,98.4167
556,1,0,39,9,0.35707067359500433,1,1,1,0.4744779126406572,0,12.306683
643,1,0,46,6,0.0,2,0,0,0.5339010375490859,0,3.528209
605,1,0,28,6,0.0,2,0,0,0.7975608670628044,0,2.2684412
756,0,0,60,3,0.4620397468948449,1,1,0,0.46760770653597417,1,99.21197
586,1,0,38,2,0.0,2,1,0,0.4358260213850423,0,2.8002634
535,0,1,40,7,0.44542586992192734,1,1,0,0.04058757611351883,1,52.956326
678,1,0,35,4,0.0,1,1,0,0.6275936351921608,0,18.403603
596,1,1,39,9,0.0,1,1,0,0.244783426817261,0,12.825859
648,1,1,26,9,0.6493626555706343,1,1,0,0.491830269790765,0,2.6019735
492,0,1,39,10,0.4965229109555996,2,1,0,0.7429361003975878,0,6.066836
702,1,1,45,0,0.3220175171520836,1,1,1,0.13732926494480222,0,24.736967
486,0,0,40,9,0.28433891226513525,1,1,0,0.38093952972508877,0,54.125244
568,0,1,40,1,0.39570899084963146,1,0,0,0.6730110725574292,1,53.68374
619,0,1,57,3,0.5498104429571387,1,1,1,0.36231665124019347,1,87.40797
724,0,1,41,2,0.5097391135978756,2,0,1,0.9982646842773485,0,2.4061565
548,0,0,33,0,0.402890113671252,1,1,0,0.21371175947302964,0,64.062485
545,0,0,37,8,0.4573732705577791,1,1,0,0.6802592647597845,1,63.55657
683,1,1,33,8,0.0,1,0,0,0.3677994248450727,0,8.526711
762,1,0,51,3,0.39572632856631157,1,0,1,0.42787611216871213,0,87.83464
627,0,0,30,4,0.31834048637038254,2,1,0,0.6491385427308307,0,3.6897752
516,1,1,35,10,0.41486401909237336,2,0,0,0.5983292404424623,0,1.4780852
800,1,0,38,2,0.6703531700859102,2,1,0,0.3402349924417782,0,2.1200929
464,0,0,42,3,0.34149024410668094,1,1,1,0.8205441619674678,0,64.972466
626,1,0,35,3,0.0,1,0,0,0.4009321890240518,0,10.789959
790,1,0,31,9,0.0,2,1,0,0.4206160188297982,0,0.73526686
534,1,0,34,7,0.4844659439216935,2,1,1,0.35087060814307763,0,0.97176814
745,1,1,46,2,0.4871308107606559,1,1,1,0.5901189563603324,0,38.915016
553,2,1,47,3,0.4644441494154061,1,0,0,0.7285326248656746,1,87.13222
748,1,0,26,1,0.3100075014520836,1,0,1,0.9152765589113759,0,0.9268964
722,1,1,37,2,0.0,1,0,0,0.6045339829953761,0,5.4326625
501,1,1,40,4,0.5015271339849579,1,1,1,0.5021592062041925,0,3.9040215
675,1,0,38,6,0.2712886335643289,1,0,0,0.6938933668165309,1,17.780779
778,2,0,47,6,0.5073746874677285,2,1,0,0.6234765920145374,0,18.731714
494,0,0,38,7,0.6972458020704743,1,1,0,0.20038283656089154,0,68.425575
850,1,1,40,9,0.0,2,0,1,0.5961606833452594,0,1.322696
592,2,1,31,7,0.4387084014868348,1,0,0,0.21956986892248206,0,45.703445
590,2,0,44,3,0.555733086688703,1,1,0,0.3110858586995058,0,80.92878
758,1,0,39,6,0.5076075310099013,1,0,1,0.2828541125677502,0,7.649414
506,1,1,36,5,0.0,2,1,0,0.8212872829355203,0,0.8126381
733,1,1,33,3,0.0,1,1,1,0.03827940568324274,0,5.7435417
711,1,1,38,3,0.0,2,1,0,0.3424123503794612,0,0.8579529
514,0,1,43,1,0.38085706431643224,1,0,1,0.9964071568834824,1,87.71511
637,2,1,37,8,0.0,1,1,1,0.9303427477324083,0,24.005032
468,0,1,29,1,0.4451288568996281,2,1,1,0.9785913554744478,0,2.8052633
539,1,1,39,3,0.0,2,1,0,0.1834204666545655,0,0.7520206
509,2,0,25,3,0.43339791865294797,2,1,0,0.5345960039183743,0,1.9913194
662,1,0,32,4,0.5338835779897727,1,1,1,0.243593763204386,1,4.554995
818,2,1,26,4,0.0,2,1,1,0.8352065622266927,0,0.16074383
608,1,1,33,9,0.35858658788514497,1,1,0,0.34386123874830044,0,11.08924
850,2,0,32,9,0.0,2,1,1,0.0945757319824043,0,1.0858139
816,0,0,38,5,0.5216410774589795,3,1,0,0.35950528275450305,1,58.06798
536,1,1,35,8,0.0,2,1,0,0.3241394553179829,0,1.3845531
753,1,1,35,3,0.0,2,1,1,0.9242492158001088,0,0.9574983
631,2,1,27,10,0.53475743876727,1,1,1,0.8836765911144513,0,31.145555
703,1,1,37,1,0.5969040258536843,1,1,0,0.10309894594933816,1,12.848369
774,1,1,26,2,0.3740350912994197,1,1,0,0.14203246410032158,0,3.5513825
785,1,1,28,8,0.0,2,1,0,0.3861353259236257,0,0.8635311
571,1,0,33,1,0.0,2,1,0,0.5137446626152797,0,1.57914
621,0,1,46,6,0.5622935192531757,1,0,0,0.1728626083791002,1,84.34454
605,0,0,31,1,0.47028094155678907,1,1,1,0.9180236212558298,0,33.837692
611,1,0,40,8,0.401805888598036,2,1,0,0.7368038147643099,0,2.4087718
569,1,1,38,7,0.0,1,1,1,0.5423398934598254,0,6.4477205
658,1,1,29,4,0.31990119972615183,1,1,1,0.103016038031632,0,1.7619454
788,2,1,34,6,0.623674018403249,1,0,1,0.9060124241865098,0,8.183621
525,1,0,23,5,0.0,2,1,0,0.801264120723529,0,0.9808724
798,1,1,37,8,0.0,3,0,0,0.5539113985385604,0,14.269827
486,0,1,37,9,0.45922226829227764,2,1,0,0.7249879863526966,0,1.7000802
615,2,1,61,9,0.0,2,1,0,0.7511530851196289,1,93.46724
730,1,0,35,0,0.6196561719541189,1,1,1,0.26855914739857656,0,22.674833
641,1,1,37,7,0.0,2,1,0,0.37621952896501615,0,0.5778501
542,1,1,39,3,0.53845276382933,1,1,1,0.07171609888744375,1,33.834305
692,1,1,30,2,0.0,2,0,1,0.6524372577581159,0,5.176639
714,0,0,55,9,0.7177225621765396,1,1,1,0.5006284600179317,0,79.84198
591,2,1,29,1,0.388768364079615,1,1,1,0.9818167134961389,0,18.936113
710,1,0,41,2,0.622033631264391,1,1,1,0.04986626222804277,0,12.799319
639,1,0,38,4,0.32503611326814014,2,0,1,0.5948727603486132,0,3.0558121
531,1,0,47,6,0.0,1,0,0,0.9750269150703891,1,79.73836
673,1,0,38,2,0.6778127326517314,2,0,0,0.6745132160121291,1,0.82154536
765,0,1,36,8,0.3679204572661354,2,1,1,0.36459971927319057,0,2.0796118
622,1,0,32,6,0.6739364974838988,2,1,0,0.5052801042499558,0,1.7275728
806,1,1,40,5,0.32130148938160513,1,1,1,0.7142035064348645,0,15.703091
757,0,1,26,8,0.4845854346679164,2,1,1,0.6352979709562262,0,0.46090624
570,1,0,58,8,0.0,1,0,1,0.5825173304050536,1,47.917606
555,2,1,32,4,0.0,2,1,1,0.27199702571595585,0,1.0765543
692,1,1,54,5,0.0,2,1,1,0.44359366319483506,0,2.7357328
774,1,1,60,5,0.3423364043943101,1,1,0,0.3706548975427153,1,97.13974
638,2,1,44,9,0.3094377880676573,2,1,1,0.5567263673680837,0,8.075805
543,2,0,41,4,0.0,1,0,0,0.9745459691400529,0,52.94329
584,1,1,31,5,0.0,2,1,0,0.15732847486935,0,0.7962063
691,0,1,30,7,0.4660373859362581,1,1,0,0.10594416766801228,0,35.091465
684,0,0,40,6,0.5473403563972926,1,1,0,0.9349143843237029,0,68.04279
733,1,1,22,5,0.0,2,1,1,0.5860090138608237,0,0.44469252
599,2,0,37,2,0.0,2,1,1,0.7187071865363142,0,9.155283
524,0,0,31,10,0.26799319197687,2,1,1,0.809075516711846,0,4.000693
632,0,0,38,6,0.34503953378042856,2,1,0,0.4904434873530422,0,4.2231584
735,2,1,34,5,0.0,2,0,0,0.3554530957706461,0,2.0152285
734,1,1,34,6,0.5324807374978423,1,1,1,0.06548455377488549,0,4.217381
605,1,0,51,3,0.5428051684251562,1,1,1,0.3355270928373659,1,70.81113
793,2,1,38,9,0.0,2,1,0,0.44110932594062735,0,1.6403517
468,1,0,56,10,0.0,3,0,1,0.31125617496470914,1,92.936844
779,0,1,37,7,0.47865059474944593,2,1,0,0.6796356052002966,0,1.1579508
698,1,1,48,4,0.4035034304167083,2,0,1,0.8891063596573472,1,5.3580403
707,1,1,58,6,0.3574595565872981,1,0,1,0.6323581402023893,0,36.119305
850,1,0,35,1,0.8440650544609567,1,1,0,0.9429027472123587,1,16.014418
850,1,1,56,7,0.5233897157208333,1,1,1,0.5958762561824654,0,46.077915
527,2,1,37,5,0.3735489975232574,2,1,1,0.6954771680695506,0,2.0497782
696,0,1,32,8,0.40319553648256157,1,1,1,0.5795801999090913,0,9.239646
661,1,1,48,3,0.47955940995804314,1,0,0,0.48230441007116176,0,61.1791
776,1,0,31,2,0.0,2,1,1,0.5617432964848142,0,2.6536949
701,1,1,43,2,0.0,2,1,1,0.8265399845685263,0,1.8701258
610,1,1,26,8,0.0,2,1,0,0.8301767818826696,0,0.46706566
572,0,0,48,3,0.6091237681402836,1,1,0,0.1920193878515398,1,92.68576
673,1,1,30,1,0.25547324812237515,1,1,1,0.38889598956700366,0,1.3577015
519,2,0,57,2,0.4744370513143405,2,1,1,0.14931530961206793,0,25.052813
702,2,0,26,4,0.5389422055783686,1,0,1,0.2987087766881737,0,11.524603
729,1,1,32,6,0.37343616286596687,1,1,1,0.3995759094993572,0,4.738072
543,2,1,35,10,0.23678390696397889,1,1,0,0.3838464073319002,0,47.398533
550,1,0,40,7,0.45578246530294436,1,1,0,0.2700625409726629,0,21.946615
608,1,1,59,1,0.0,1,1,0,0.3532240328951415,1,97.08312
639,0,1,35,10,0.510860405513649,2,1,0,0.2954372642587367,0,5.0368023
686,2,1,34,9,0.0,2,1,0,0.6378520148674198,0,3.6666048
564,0,0,62,5,0.4580798124051085,3,0,1,0.09125571492077492,1,93.4205
745,0,0,28,1,0.44269511975958054,1,1,0,0.3663568870827164,1,50.080585
833,1,1,37,8,0.6027394628631888,2,1,1,0.6806545525097646,0,1.5588614
622,1,1,26,9,0.0,2,1,1,0.7662032224077399,0,0.64662766
597,1,0,42,4,0.25803353066577756,1,1,1,0.5341987159773758,0,22.710953
721,2,1,51,0,0.6748243081483802,1,1,0,0.5453859343567311,1,90.30775
504,1,0,49,7,0.0,3,0,1,0.43909473354705375,1,89.055824
842,2,0,44,2,0.44899536700339177,2,1,0,0.6332274732236928,0,19.320927
587,1,1,38,0,0.0,2,1,0,0.2370354868889979,0,4.4936266
479,0,0,30,7,0.5737961576351578,2,1,0,0.20936204407520914,0,10.7565
508,1,1,49,7,0.4880525794357383,2,1,1,0.3790187962950462,0,5.242844
749,1,1,24,1,0.0,3,1,1,0.2395201241718584,0,5.7083206
721,0,0,36,3,0.26007798624533174,2,1,0,0.14364471807057572,0,6.0616555
674,0,1,47,6,0.4260771375342077,1,1,1,0.01033908738284506,1,62.449287
685,2,0,25,10,0.5121985185299738,1,1,0,0.6078117960265205,0,30.068916
417,1,1,34,7,0.0,2,1,0,0.274987311288228,0,0.645283
574,0,1,33,3,0.5174797066011941,1,1,0,0.9656914235309472,0,33.84029
590,2,0,51,3,0.6176331992005201,3,0,1,0.9596951008821342,1,97.28574
587,0,1,40,5,0.5509882518436071,2,1,0,0.7971087238831308,0,4.2949467
598,0,1,41,3,0.3648370938176532,1,1,0,0.9573774295445214,1,52.836155
741,2,1,53,3,0.0,2,1,1,0.1945290775269038,0,29.989555
850,2,0,70,5,0.0,1,1,1,0.003468331225632047,0,16.364761
584,0,0,29,7,0.41930972850371245,1,0,1,0.6924583797752685,0,16.516235
650,2,1,61,1,0.60968471302432,1,0,1,0.4148351667584254,0,23.353163
607,2,1,36,8,0.6307807285420148,1,1,1,0.3837023435738113,0,21.758558
509,1,0,46,1,0.0,1,1,0,0.35619906701089954,1,61.33264
689,2,0,38,6,0.4823514200526597,1,1,1,0.0608586620022212,0,51.003777
543,1,1,36,4,0.0,2,1,1,0.7060620289237621,0,1.4850389
438,2,0,54,2,0.0,1,0,0,0.9588490200814177,1,94.753845
687,2,0,63,1,0.5488908265503337,1,1,1,0.18965391194859105,0,44.17751
737,0,1,31,5,0.4830336492398169,2,1,1,0.3744307581374021,0,2.0754786
761,1,1,31,7,0.0,3,1,1,0.8335126004533432,0,1.796934
601,1,1,44,1,0.4005059584152275,2,1,1,0.31336467632658915,0,4.691805
651,1,1,45,1,0.0,1,1,0,0.3386748434475492,1,32.685585
745,1,1,35,9,0.3689407520001448,2,1,0,0.8076180775264037,0,0.48134196
648,2,0,49,10,0.0,2,1,1,0.7991973233443793,1,33.74002
848,2,1,40,3,0.4421315443254272,1,1,1,0.15434103956927886,0,26.302633
546,1,0,27,8,0.0,2,1,1,0.07423968989038453,0,0.90506226
439,2,0,32,3,0.5536176461128102,1,1,0,0.3784080879724014,0,44.360157
755,1,1,30,4,0.4911064089806344,2,0,1,0.7209264484758294,0,0.3994537
593,1,0,41,6,0.0,1,1,0,0.3258265164323193,0,18.90708
701,1,1,39,2,0.0,2,1,1,0.41261610483801203,0,2.2501106
701,2,1,36,8,0.0,2,1,0,0.8458301767818825,0,4.4054685
607,2,0,33,2,0.43217495198947115,2,0,1,0.5464512360930468,1,7.2749095
586,2,0,57,3,0.0,2,0,1,0.030234037350566977,0,36.110233
547,0,0,30,9,0.2885331251425629,1,1,0,0.3853646023195215,0,48.98579
647,0,0,51,1,0.47725261678954994,2,0,0,0.2747408877547806,1,36.862747
760,1,0,51,2,0.4023414845445815,1,0,0,0.8981018687284634,1,91.2661
621,2,1,53,9,0.6795262570552052,1,1,0,0.17789943939646236,1,87.727295
725,1,1,44,5,0.0,1,1,1,0.5867788373789696,0,15.821077
526,1,1,36,1,0.0,1,1,0,0.803502434482493,0,10.600047
519,2,0,47,6,0.626931914866311,2,0,0,0.7364045766370687,1,38.756847
713,0,0,38,7,0.5763544074807425,1,1,1,0.2829409208579419,1,37.41716
700,1,1,38,8,0.5373149711900955,1,1,0,0.006441465159922772,0,8.718957
666,1,0,34,9,0.4619290645058319,1,1,1,0.1254292284913209,0,3.31737
630,2,1,32,4,0.326961436812851,1,0,0,0.7316442220232032,0,34.916637
779,2,0,26,4,0.6947766322174873,2,0,1,0.1914414326568187,0,0.69930416
611,0,0,41,2,0.45519214594260166,1,1,0,0.8203284413661505,0,54.538315
685,2,1,43,9,0.0,2,1,0,0.5390499792730206,0,7.2667613
646,0,1,39,9,0.44470011708738005,1,1,1,0.1541493712649558,0,49.425194
683,0,0,57,5,0.6474688189136873,1,0,0,0.046055398290536745,1,98.411
484,0,0,34,4,0.5908755224083213,1,0,1,0.16864955603260107,0,25.752586
601,1,0,43,8,0.0,3,0,1,0.554575811990045,1,91.53893
762,2,0,26,7,0.49306656738598537,2,1,1,0.8482959622643962,0,0.7355357
687,1,0,72,9,0.0,1,0,1,0.3491224411931339,0,2.288618
566,1,1,30,5,0.0,1,1,0,0.2746008743835036,1,6.133756
702,1,1,37,10,0.5999479709072317,1,1,1,0.47362978164414704,0,29.403744
601,1,1,29,9,0.0,1,1,1,0.40194683592283065,0,5.791616
699,1,1,53,4,0.0,2,0,1,0.5565351491067396,0,4.355382
584,1,1,28,10,0.0,2,1,0,0.09912316626237805,0,2.8730946
699,1,1,35,5,0.0,2,1,1,0.3919657327274755,0,1.1717662
698,0,0,51,2,0.44248634973666007,1,1,0,0.432034759319515,0,89.7284
495,1,1,30,10,0.5171661131417941,1,0,0,0.8637728403062491,0,7.557231
650,1,0,27,6,0.0,2,1,0,0.004954523156961489,0,1.9407067
605,1,0,64,2,0.5163678208949299,1,1,1,0.06795753994506475,0,21.717527
667,2,1,38,1,0.3475609559243756,1,1,1,0.38931382947071447,0,20.247137
688,0,1,26,8,0.5824412214536987,1,1,1,0.8765096066674367,0,4.2991753
727,2,0,31,0,0.0,1,1,0,0.6087554361441517,1,58.30165
754,2,1,39,6,0.6783032505349085,2,1,0,0.4479511793376267,0,3.3983808
612,0,0,62,8,0.5609661277214187,1,1,0,0.967223919884349,1,99.21034
546,2,1,42,7,0.5542908278018379,1,1,1,0.4347086146727012,0,33.599876
673,2,0,37,8,0.0,2,1,1,0.9166235875526112,0,3.1114395
593,1,1,35,9,0.4551379406674639,1,1,0,0.3557465737977977,0,12.234883
656,2,0,40,10,0.6691103148692763,1,0,1,0.7594504275158277,0,29.352638
535,0,0,53,5,0.5644385335894745,2,1,1,0.3794215847613447,0,25.25744
678,0,1,36,3,0.5809038641944226,2,0,1,0.4478185666731173,0,3.6441975
477,2,0,48,2,0.5146338100859995,1,0,1,0.1323336878671913,0,82.510155
850,2,1,35,7,0.43981929077260024,1,0,0,0.6317814351270546,0,35.612583
427,1,1,29,1,0.5632787399856253,1,1,1,0.46918340701537,0,1.5184498
752,1,1,49,2,0.3134891939591888,1,1,0,0.0384387709026212,0,67.12098
649,1,1,47,1,0.0,2,1,1,0.7279808721732925,0,5.821543
799,2,0,28,3,0.566977811588761,1,1,0,0.22517640434661507,0,32.830017
589,1,0,61,1,0.0,1,1,0,0.30551407659431473,1,98.44423
583,0,0,54,6,0.46229471097209235,1,1,0,0.287739479120256,1,94.98461
839,2,0,33,10,0.3012873872415689,1,1,0,0.31334412436387676,0,23.89899
540,0,1,44,3,0.6541023887427762,2,1,1,0.06055183270002285,0,8.47893
850,1,1,31,6,0.271011349667907,2,0,0,0.25061538376915,1,0.76403075
696,2,0,51,5,0.0,2,1,0,0.2750805201896781,0,43.247524
660,2,0,33,1,0.0,2,0,0,0.5891729160134793,0,5.1905694
682,1,1,48,1,0.5531255738136548,1,0,1,0.8442238733799078,0,45.149464
744,1,0,43,10,0.58921193860025,1,0,1,0.12112421736275814,0,46.504242
785,1,0,36,4,0.5398143923694279,1,0,0,0.9531681775609571,0,13.122995
752,2,1,48,5,0.46257857124380664,1,1,0,0.7831087868891479,1,87.495056
706,1,0,29,5,0.4486467792560717,1,1,0,0.21163421106715688,0,12.15405
583,1,0,27,1,0.49983074801406424,1,1,1,0.5539170990829624,0,3.666079
660,0,0,39,5,0.5386050965951953,1,1,0,0.8684400360234402,1,38.96808
819,1,0,39,9,0.5305059117827482,1,1,0,0.13518731038814205,1,23.5549
673,1,0,34,8,0.16802471473577182,1,1,0,0.10294488123615804,1,7.4105635
752,1,0,30,3,0.0,2,1,1,0.5249486325944127,0,1.1357841
578,1,1,38,7,0.32785937110960073,1,1,0,0.04493124093350914,0,12.015041
438,1,0,36,4,0.0,2,1,0,0.3220753581967078,0,2.8458312
652,1,1,38,6,0.0,2,1,1,0.7285127729698185,0,1.4686989
629,1,0,49,4,0.0,2,1,1,0.9817132536157203,0,12.304936
720,1,1,52,7,0.0,1,1,1,0.07385475312892381,0,32.78549
668,1,1,42,3,0.5996899777116678,1,1,0,0.5406898858841018,0,8.170113
459,0,1,48,4,0.5340595458498708,1,1,1,0.09638660492076993,1,86.89124
729,2,1,31,8,0.6571226189884507,2,1,1,0.04778361333507349,0,1.9815949
498,0,1,25,8,0.48506837975530226,1,1,1,0.6610576810085362,0,1.6694931
549,2,1,25,6,0.7726571374058688,1,0,1,0.10795295950763296,0,7.1475377
601,0,0,54,1,0.5222836491102822,2,1,1,0.9983449419419553,0,40.27913
544,1,1,64,9,0.4536879894143475,1,1,1,0.6217089232021658,0,34.434845
751,1,0,30,6,0.0,2,1,0,0.07878012350179442,0,0.6419253
632,0,0,41,3,0.3263371992987273,1,1,1,0.1681692101595702,0,39.32289
694,2,1,57,8,0.4636387227977703,1,1,1,0.5885215538083887,0,31.08967
678,1,1,31,2,0.0,2,1,1,0.29398657571798104,0,1.8234488
695,1,1,46,4,0.0,2,1,1,0.6876938747650401,0,2.8925612
661,1,0,41,1,0.0,2,0,1,0.6565081965327688,0,4.7039557
661,1,1,33,9,0.0,2,1,1,0.42085634178064,0,0.7940221
559,1,0,31,3,0.5064635207067539,1,0,1,0.8047278515098192,0,5.4163837
503,1,1,29,3,0.0,2,1,1,0.7197857895429013,0,0.3711886
695,2,1,46,3,0.4884438936940493,1,1,1,0.2814582292608944,0,35.55838
640,1,0,42,5,0.7018751318513426,1,1,1,0.04196975811189968,0,16.375746
624,0,0,48,3,0.4878011626154668,2,0,0,0.15005688043208124,0,16.698767
667,1,1,42,9,0.0,2,0,1,0.2906569577394641,0,2.1803646
642,1,1,26,0,0.0,1,0,0,0.23732816483974217,0,3.484102
640,2,0,32,6,0.4738152849230539,2,1,1,0.09560978073406008,0,3.632522
529,2,1,35,5,0.0,2,1,1,0.9364740332701772,0,1.5028244
563,1,0,39,5,0.0,2,1,1,0.0879695510921293,0,2.9149954
593,2,0,38,4,0.35367523124628014,2,1,0,0.3350742495908359,0,5.9477773
739,0,1,45,7,0.4093439690991669,1,0,1,0.7390273771145144,1,66.216675
788,2,0,70,1,0.0,2,1,1,0.2080150654387494,0,14.90754
684,2,0,38,3,0.0,2,1,0,0.22124147856120258,0,24.514042
482,1,1,55,5,0.38787959685145473,1,0,1,0.3920602417530874,0,42.93053
591,2,1,58,5,0.512035344709081,1,0,1,0.6862803897772236,0,56.891644
651,0,0,41,4,0.5318198715661806,1,0,1,0.7565317487820087,0,28.432167
749,0,0,40,8,0.5651002365143554,2,0,0,0.43165147271564436,0,2.8387792
583,1,1,24,9,0.5385663956230198,1,0,0,0.44899447897274186,0,14.955542
661,2,1,42,2,0.7127232813928557,1,0,0,0.14674896452611222,1,45.65429
715,1,0,31,2,0.44724190606632364,2,1,1,0.9080324170958326,0,2.353535
769,0,0,45,5,0.5048855094911245,1,1,0,0.6205949168145558,1,75.79824
625,1,0,51,7,0.5432284079962506,1,1,0,0.1942979554547459,1,73.53606
641,1,0,36,5,0.2646199498768604,1,1,0,0.15549029932358538,0,9.993052
716,0,1,27,1,0.48845465503543695,2,1,0,0.3380311819778789,0,2.655859
767,1,1,43,1,0.3045413777362754,2,1,0,0.3891674154881791,0,0.6011435
745,0,1,36,8,0.5782078293222559,1,0,0,0.030337297211883732,0,12.201779
589,1,1,34,6,0.0,2,1,1,0.8895116483624186,0,1.0116469
796,1,0,45,2,0.4373497622082337,1,1,1,0.6194149041233438,0,40.245525
664,1,1,57,6,0.0,2,1,1,0.0764698028661737,0,7.2226195
445,2,1,62,1,0.2555594584239362,1,1,1,0.38282685996512666,1,65.27408
543,0,0,57,1,0.42303363090567975,2,1,1,0.603286313842972,1,50.010197
746,2,1,36,2,0.0,2,1,1,0.08213274367702116,0,7.4390116
742,0,1,33,0,0.7240250812590883,1,1,1,0.5383330608073071,0,39.665962
750,1,0,32,5,0.0,2,1,0,0.4780451033073658,0,0.9381771
669,1,1,30,7,0.37915338454748704,1,0,0,0.09894784951962911,0,2.2990496
594,2,0,49,2,0.5046508723920538,2,0,1,0.6160746351276547,0,43.273567
574,2,1,36,1,0.0,2,0,1,0.3585219388451597,0,3.3558269
659,0,1,36,2,0.30367102435893395,2,1,1,0.7453439803501235,0,3.1580963
750,0,1,40,5,0.6707377086848291,3,1,0,0.10221181122797227,1,21.830065
626,0,1,35,4,0.3511776833374858,1,1,1,0.16408527014329866,0,25.689655
620,1,1,42,4,0.0,2,1,0,0.031106620682275155,0,1.4907336
580,1,0,35,8,0.0,2,0,1,0.051732190424185504,0,0.9753401
686,1,0,34,3,0.49411101535288693,2,1,0,0.7389858231461104,0,3.4792259
540,1,1,48,0,0.5903451875620098,1,0,0,0.5848653546413682,0,53.89962
634,0,1,35,6,0.4634112997831112,1,1,0,0.6498288586560016,0,38.834496
632,2,1,38,1,0.48067009995970883,1,1,0,0.464070718753641,0,33.891525
501,1,0,41,3,0.5749764775012836,1,1,0,0.8605976370743406,0,13.68774
650,2,0,25,3,0.34518198205494516,3,1,0,0.08319659527484874,1,49.406425
786,1,1,34,9,0.0,2,1,0,0.7225970580190408,0,0.587253
554,0,0,37,4,0.2336804158214198,1,0,0,0.9102220262035023,0,54.515
701,2,0,42,5,0.0,2,0,0,0.12100645611655912,0,11.440992
474,1,1,45,10,0.0,2,0,0,0.8609038163144579,0,9.836355
621,1,0,43,5,0.0,1,1,1,0.23785706534974085,0,45.74726
672,2,0,56,2,0.836065790696135,2,1,1,0.7534861579280822,1,11.0491705
459,2,0,42,6,0.5166808962156707,2,1,1,0.8884420462154135,1,14.036764
669,1,1,23,1,0.0,2,0,0,0.330417804900368,0,0.27979293
776,1,0,38,2,0.6768662926050972,1,1,0,0.8464814389774223,0,20.622772
694,1,1,36,3,0.38872456143448525,1,1,1,0.5857000843580562,0,11.649527
787,1,0,42,10,0.5818643338416806,2,1,1,0.3975319142978154,0,9.906228
580,1,1,37,9,0.0,2,0,1,0.385522217371759,0,1.1225984
711,1,0,25,7,0.0,3,1,1,0.04834311676765131,0,2.4523673
673,1,0,40,5,0.5480084762701861,1,1,0,0.4087507356952589,0,9.214941
499,1,0,57,1,0.0,1,0,0,0.6568667307727888,1,95.114716
591,1,1,24,6,0.5873300988461092,1,1,1,0.12650828154088714,0,17.482628
769,1,0,25,10,0.0,2,0,0,0.9396605875861144,0,0.501847
657,2,1,31,3,0.4988759380352398,1,0,0,0.49409123571301056,0,27.398664
738,0,1,43,9,0.4828735443940606,2,1,0,0.32080623699563304,1,6.351475
545,0,0,60,7,0.5140775284498978,1,0,1,0.8846476338490324,1,92.43443
497,1,1,47,6,0.0,1,1,1,0.4502604998777383,0,37.649857
816,2,1,67,6,0.605261602429895,1,1,1,0.36404841662378756,0,28.547436
525,1,1,36,2,0.4568723500445938,1,0,1,0.8414727606486418,0,14.628509
725,1,1,46,6,0.0,2,1,0,0.8088562457714712,0,1.8316815
692,1,0,28,8,0.37887502451692645,2,1,0,0.22206420713178107,0,4.5097146
618,1,0,24,7,0.5131023117792567,1,0,1,0.18569788414793612,0,28.295967
546,1,1,24,8,0.6230632524942697,1,1,1,0.6269070696251492,0,3.8380675
635,1,1,29,7,0.42011467683950887,1,1,1,0.7492831065366743,0,6.1445236
611,1,0,49,2,0.35438838932572186,3,0,0,0.8071942870544135,1,95.40157
650,1,1,60,8,0.0,2,1,1,0.5146200462144134,0,6.692444
606,1,1,40,5,0.0,2,1,1,0.35447230210485103,0,2.04169
844,1,1,18,2,0.6416152071942837,1,0,0,0.7296931856992342,0,10.811426
450,2,0,46,5,0.7079356801799488,1,1,0,0.27110329036422975,0,81.270805
727,2,1,38,2,0.24821627777238162,1,1,1,0.2963743537507832,0,28.00087
460,0,1,46,4,0.5084134757661967,2,1,1,0.6347652200785174,0,28.74724
649,1,1,41,0,0.0,2,0,1,0.6528395461766598,0,7.6667695
758,0,0,47,9,0.38072493895828385,1,1,0,0.366449495926861,0,84.25318
490,1,0,35,7,0.42945336889571384,1,1,1,0.019630824743763025,0,9.223888
815,0,1,37,2,0.4415229306847254,2,1,0,0.011861182742951951,0,1.58014
838,2,0,39,5,0.6645483829709506,2,1,0,0.07134611355384439,0,6.322218
803,1,1,31,9,0.6262337828079919,2,1,0,0.7065122219171931,0,0.9386483
664,0,0,36,2,0.5068224313704421,2,1,0,0.3906831602418031,0,6.206579
736,2,0,28,2,0.0,2,1,1,0.5871536731757883,0,6.3572803
633,1,0,37,9,0.6221329544597172,1,1,0,0.3600195318652931,0,13.812181
664,1,1,58,5,0.39325998854754135,1,1,1,0.30440907106628684,0,19.920162
600,1,0,43,5,0.5341693115320248,1,1,0,0.9738592535587147,0,52.58641
693,1,0,35,5,0.4948267641256257,1,1,0,0.44351015521982345,1,29.339092
663,0,0,36,6,0.30790788403371266,1,0,0,0.1790490491841971,1,32.51701
742,0,0,21,1,0.45553347974869,1,1,0,0.1575591468985288,0,14.266604
710,0,1,43,2,0.5583156093376399,3,1,1,0.7895584528322455,1,94.2711
710,2,0,27,2,0.5391749295500815,1,1,0,0.7110107515267707,0,33.420883
700,1,0,82,2,0.0,2,0,1,0.9103058342071666,0,0.29343992
720,0,1,60,9,0.4620227280327244,2,0,0,0.7877777327734797,1,87.52506
684,2,1,41,2,0.47741583046726266,2,0,0,0.601422885885602,0,9.005255
531,1,0,63,1,0.4572203399396146,1,0,1,0.12248854765630117,1,63.34293
742,0,0,36,2,0.5171364198109281,2,0,0,0.23632271881964725,1,4.2068033
717,1,1,31,4,0.5170329116495068,1,0,0,0.20584475817440562,0,5.2841268
589,1,1,32,2,0.0,2,0,1,0.04728981617744494,0,1.0439237
767,1,1,36,3,0.5547280172599163,1,0,0,0.619402202910378,0,5.4374046
636,0,1,49,6,0.45277243840317805,2,1,0,0.7944534203016388,1,9.150614
648,1,1,33,7,0.5378438711908887,1,1,1,0.5851798846789869,0,3.2838788
622,0,0,58,7,0.4660149066898039,1,1,0,0.6020776484154237,1,98.56738
692,2,1,28,9,0.4740773036574332,1,0,0,0.08027101588201672,1,40.288143
754,1,1,28,8,0.0,2,1,1,0.2630453208281391,0,0.77643114
679,2,0,35,8,0.47502446112682645,1,0,0,0.6060504278158564,0,31.126324
639,1,1,27,8,0.0,2,1,0,0.9612706513472036,0,0.6911182
774,1,0,28,1,0.2840357214357431,2,0,1,0.3437727803005187,0,1.1096182
517,1,1,41,2,0.0,2,0,1,0.3796657080751212,0,4.437268
571,1,0,35,8,0.0,2,0,0,0.4228281300864233,0,1.6463017
747,0,1,58,7,0.46358890177282747,1,1,1,0.9535149106739693,1,79.282555
792,2,1,36,5,0.36724133691093463,1,0,1,0.33731766383689643,0,9.788723
688,1,1,26,1,0.0,2,1,1,0.5221716673942361,0,1.4950308
714,0,1,42,2,0.7080169083790157,1,0,1,0.23579736864870593,0,41.722904
562,2,0,35,0,0.0,2,1,0,0.5994969519589121,0,25.499905
704,2,1,48,8,0.6695850095949316,1,1,1,0.8675171978923987,0,32.33805
698,1,1,36,2,0.32792338116244735,2,1,1,0.4662329252443608,0,3.0687826
611,1,1,49,3,0.0,2,1,1,0.7145980441132128,0,9.596852
850,0,0,48,6,0.446248873397163,1,1,0,0.5587744629612128,0,86.746666
743,0,0,34,1,0.5250613107497152,1,1,1,0.5427099788029757,0,39.703964
654,1,1,29,1,0.0,1,1,0,0.9017554176423848,0,3.855637
761,0,1,36,8,0.43140667192803267,2,0,0,0.4972096835247766,0,1.0403051
702,1,0,46,9,0.39236723563738574,1,0,1,0.5478108159329216,0,27.904379
488,0,1,32,3,0.4565215303153564,1,1,0,0.4628266499450698,0,18.150602
683,1,0,35,6,0.7474375751525252,2,1,1,0.18984202991385676,0,5.5356135
601,0,0,42,9,0.5326312368499897,1,0,1,0.5165701324476487,0,63.731544
605,1,1,52,7,0.0,2,1,1,0.8697876647219809,0,5.722105
671,0,0,44,0,0.33776674027291326,2,0,1,0.17332855287679974,0,44.802746
614,0,0,31,7,0.480670777525648,2,1,1,0.2307813396179335,0,11.353298
511,2,0,29,9,0.0,2,0,1,0.7033941741436307,0,1.5283539
850,1,1,39,4,0.5092559692263899,2,0,1,0.7587072565429999,0,0.62920064
790,2,0,46,9,0.0,1,0,0,0.0733481547487785,1,72.8616
793,1,0,33,0,0.0,1,0,0,0.8777460247453631,0,7.9442663
628,1,1,69,5,0.0,2,1,1,0.9098519908651276,0,1.1100793
598,0,1,53,10,0.6686896659914789,1,1,1,0.6844417641884799,0,89.89083
657,1,0,37,6,0.38201008226088934,1,1,0,0.6110916092486832,0,13.794931
618,1,0,35,10,0.0,2,1,0,0.9022270126797108,0,4.314951
681,2,1,65,7,0.5369299543093374,2,0,1,0.9521320786135075,0,1.8784176
516,2,0,33,3,0.0,2,1,1,0.29339806951563874,0,3.2376225
421,0,1,28,8,0.4877845821783658,3,1,1,0.4450715043286634,1,12.215553
700,1,0,26,2,0.0,2,0,0,0.25022309630569717,0,1.175013
745,1,1,25,5,0.6297104533557829,2,1,0,0.7302190859227057,0,0.30318594
696,1,1,29,8,0.0,2,1,0,0.9558638349962421,0,0.8629085
580,0,0,42,2,0.49155958102351444,1,0,0,0.5175719281191353,1,64.99297
497,2,1,27,9,0.2999750217309347,1,1,1,0.8241460059435676,0,2.5667613
720,1,0,43,6,0.5493227549081782,2,1,0,0.8628133486747983,0,6.643497
659,0,1,36,4,0.5284174144171445,2,1,0,0.4215870615643794,0,1.4678482
841,1,0,36,5,0.6218513261699203,1,0,0,0.6133155716370913,0,13.10171
642,2,1,34,8,0.0,1,1,0,0.36040201839275654,0,31.09028
732,2,0,69,9,0.5478456611606729,1,0,1,0.5546562696737538,1,38.999943
600,2,1,36,4,0.0,2,1,0,0.7181874869049993,0,4.1621623
464,0,1,33,8,0.654786650627751,2,1,1,0.018495566326584188,0,2.6778655
680,1,0,47,5,0.0,2,1,1,0.8992446278619607,0,6.6840844
758,2,1,56,1,0.0,2,1,1,0.05316407716936966,0,26.367283
630,0,0,31,2,0.4478849958562858,2,1,1,0.655844633162467,0,6.1590033
577,1,0,39,10,0.0,2,1,0,0.05271368415683697,0,5.2012463
684,1,0,34,6,0.0,2,1,1,0.6546457186661326,0,4.5925803
708,2,0,41,5,0.0,1,0,1,0.7850370210355088,0,33.61787
732,0,0,29,1,0.6151255276594574,1,1,1,0.6926460476975551,0,16.738895
634,0,1,37,3,0.44413558508954776,2,1,1,0.8351843101016146,0,3.9784555
633,1,0,30,6,0.0,2,0,0,0.20817343056261872,0,0.8443515
559,1,1,34,2,0.5475932877767224,2,1,0,0.04833171567884732,0,1.0930077
694,2,0,37,3,0.0,2,1,1,0.7350733995096531,0,5.763772
686,0,0,56,5,0.44496982818801056,1,1,1,0.4027499126166548,0,76.14221
553,2,0,48,3,0.0,1,0,1,0.15361151990015046,1,71.843864
507,1,1,36,4,0.3329773056462885,1,0,0,0.7006811650512623,0,4.2716765
732,0,1,50,6,0.5792740789696726,1,0,0,0.45966649815057337,1,94.228325
818,1,0,31,1,0.7445109287201032,1,0,0,0.8912903682301659,0,14.608776
660,0,1,35,8,0.2337260917370874,1,0,1,0.9934073704038734,0,15.953961
773,2,0,41,5,0.0,1,1,0,0.14129009320390096,1,49.77023
640,1,1,44,3,0.5466310245725665,1,1,0,0.4618912606153887,0,22.875553
505,1,1,49,7,0.3188594620230071,1,0,0,0.6759071991375175,0,42.226746
714,0,1,21,6,0.3443729683235134,2,0,0,0.13660809607317498,0,0.93846655
468,1,0,42,5,0.0,2,1,0,0.6265286334844977,0,8.680577
611,2,1,51,1,0.4897396389107626,1,1,1,0.7482558084297051,0,64.04307
705,1,1,25,0,0.388780520409701,1,0,1,0.2994064433153366,0,9.827368
646,0,1,46,1,0.6808603046758945,2,1,0,0.22517020375445854,0,6.5822945
667,0,0,48,1,0.3871449160892377,2,0,0,0.5665800583955768,1,11.648613
511,0,0,41,8,0.6133791213795211,1,1,1,0.1953978604956773,0,27.38015
653,1,0,43,6,0.0,2,1,1,0.036598545161062875,0,4.628327
675,1,0,57,8,0.0,2,0,1,0.477304132544658,0,15.544902
523,2,1,32,4,0.0,2,1,0,0.8392623495543823,0,6.0836997
567,0,0,49,5,0.5378917790884737,1,1,0,0.4697561617134436,1,90.16211
741,2,1,39,7,0.5724937164726922,2,0,1,0.8711635961234298,0,2.293802
456,2,1,32,9,0.5879130048379404,1,1,1,0.6770028037677598,0,6.257756
598,1,1,64,1,0.0,2,1,0,0.9782120192478381,1,76.01294
667,1,1,43,8,0.7581861623577925,1,1,0,0.48752885900603504,1,31.972195
548,1,0,32,2,0.687325957722516,1,1,0,0.9404507630478709,1,17.785141
725,1,1,41,7,0.4542888708319781,1,1,1,0.5835190760717648,0,7.262951
717,1,1,53,6,0.0,2,0,1,0.4880630600222321,0,8.345774
594,1,1,38,4,0.0,2,0,0,0.9344515401220816,0,0.8020206
678,0,0,25,10,0.30677045010585774,2,0,1,0.6575134925385374,0,2.4173741
545,1,1,38,1,0.3519083385608875,2,1,1,0.12146845023699762,0,7.2777467
636,1,0,48,1,0.6808878457384829,1,1,0,0.5525462681686101,1,63.00835
603,0,1,44,6,0.43094146312552645,2,1,0,0.5424355525952729,1,6.9343305
435,1,1,36,4,0.0,1,1,1,0.9851121782130193,0,9.55334
535,1,0,40,8,0.0,1,1,1,0.13840416759800558,0,15.687334
629,0,0,45,7,0.5174148196983086,3,1,0,0.046034246270518824,1,91.852844
722,1,0,35,2,0.6534282106332496,2,1,1,0.07529019021316535,0,3.0356622
561,1,1,28,7,0.0,2,1,0,0.03893086789788425,0,0.86660135
645,1,0,38,5,0.40426892050075,2,0,1,0.02194579582350114,0,7.4620366
501,1,0,39,9,0.46752711429568883,1,0,0,0.9101587701625505,0,10.765443
502,0,0,32,1,0.6908814252033565,1,0,1,0.613820469854871,0,47.560345
652,2,0,42,4,0.0,2,1,1,0.1907203637947424,0,5.9601235
574,1,0,33,3,0.5354706765603517,1,1,0,0.3157922081558789,0,21.668232
518,1,0,45,9,0.42059168326072155,2,1,1,0.3670686050517824,0,5.7352686
749,1,0,60,6,0.0,1,1,0,0.08984408010965046,1,97.31409
679,1,0,43,4,0.0,3,1,0,0.575679627404417,1,82.64917
565,1,1,36,6,0.42324794102657387,1,1,0,0.7478914736357322,0,11.299707
643,1,0,45,4,0.1799313418448104,1,1,0,0.30455738523028947,1,45.99261
515,1,1,65,7,0.36713555691077604,1,1,1,0.7127518177985996,0,3.412438
521,1,1,25,7,0.0,2,1,1,0.7894108387350992,0,0.43528593
739,2,1,38,0,0.5116278087250485,1,1,0,0.06393035534893582,0,38.015373
585,1,1,42,2,0.0,2,1,1,0.09323985440609578,0,1.6439222
733,0,1,74,3,0.42465660061421756,1,1,1,0.672954267132511,0,1.596584
542,1,0,43,8,0.5803885155124139,1,0,1,0.051700737420423644,0,55.21666
788,2,1,37,8,0.564138411735219,1,0,0,0.330039968817022,0,17.151928
435,0,1,32,2,0.22725186947417578,2,1,1,0.02948046538444421,0,2.2972913
577,1,1,42,9,0.0,1,1,0,0.37036702005041483,0,16.209156
703,1,0,51,3,0.0,3,1,1,0.3864518061474871,1,88.59879
728,0,0,35,8,0.5017373787102166,2,1,0,0.27176315338114787,1,8.059332
728,0,1,32,5,0.24641678220826635,1,1,1,0.7806413012442688,0,8.37218
718,1,1,35,8,0.0,2,1,0,0.47409162575025915,0,0.7369989
621,1,0,40,6,0.0,1,1,0,0.7757924381778459,0,20.2917
523,1,0,40,2,0.41039535215274064,1,1,0,0.643514055592309,1,26.255798
657,0,1,25,2,0.6846227884795776,1,1,0,0.11368045648359416,0,8.578309
727,0,1,40,1,0.37087424619294634,2,1,0,0.3593029634330078,1,3.8556309
643,1,1,36,7,0.6419524357479167,2,0,1,0.4214564490908882,0,1.445766
645,1,0,48,7,0.36115197210150146,1,1,1,0.7457089652061771,0,44.35106
568,1,1,28,5,0.5783449367828987,2,1,0,0.9274762239793899,0,1.0023005
599,1,1,58,4,0.0,1,0,0,0.8820620869293017,1,98.00781
672,1,0,45,9,0.0,1,1,1,0.46012449188897536,1,23.58084
685,1,1,33,6,0.6971464788751481,1,1,1,0.21962577426144195,0,10.445145
516,1,0,46,1,0.4182882380651045,1,1,0,0.5789436391175357,1,59.89544
685,2,1,31,10,0.5389188494818753,1,1,1,0.6288885588573708,0,25.075548
806,2,1,25,7,0.0,2,1,0,0.09226041086923802,0,1.9639422
604,1,1,36,6,0.4632552204761703,2,1,1,0.3981470230407004,0,2.0771363
648,2,0,53,6,0.4432134577030858,1,1,1,0.6077115864565066,0,49.66939
545,2,0,32,4,0.0,1,1,0,0.4736833367586604,0,50.899403
756,0,1,27,1,0.5257074695148138,1,1,0,0.46649810056860425,0,13.091505
569,1,1,35,10,0.49631912303517345,1,1,1,0.9690035398380544,0,7.8190446
596,1,1,47,6,0.0,1,1,0,0.37415608190582195,0,54.098255
475,1,1,39,6,0.0,1,1,1,0.28496881452178685,1,14.145921
646,1,0,45,3,0.18786412443394848,1,1,1,0.2861516274804244,0,40.738358
784,2,1,35,3,0.0,2,0,0,0.4073992066242326,0,2.2004054
552,2,1,45,9,0.0,2,1,0,0.13371767003748858,0,6.96129
729,1,1,44,5,0.0,2,0,1,0.04594918814746808,0,3.0426278
609,2,1,61,1,0.0,1,1,0,0.11219206434214465,1,99.38963
555,1,1,51,5,0.0,3,1,0,0.9456468592750608,1,77.58014
572,0,0,19,1,0.5526430272944685,1,1,1,0.08075891247614146,0,3.5496216
785,1,0,34,9,0.2802033287698603,1,1,1,0.34297665427048285,0,6.6567683
714,0,0,36,1,0.4049812017301527,2,1,1,0.0021809582815158846,0,19.231588
738,2,1,35,3,0.0,1,1,1,0.07820321840735789,0,12.005899
639,0,1,38,5,0.518819493603957,1,1,1,0.7480116351111531,0,42.638428
520,0,1,61,8,0.53329337819989,2,1,1,0.4515052687531659,0,12.681132
764,1,0,24,7,0.42341502081582216,1,0,0,0.5783792352169632,0,11.894451
661,2,1,39,6,0.5286169376578356,1,0,0,0.19402397929002216,0,40.779457
564,0,1,41,9,0.41260876079208103,2,1,1,0.1716495425313117,0,4.418453
708,0,0,42,8,0.7668074316548206,2,1,0,0.004059287661971718,0,5.2959714
512,2,1,36,1,0.0,1,0,1,0.6774180934279224,1,31.535065
592,2,1,37,9,0.0,3,1,1,0.0532316336210108,0,61.97782
619,1,0,38,3,0.0,2,0,1,0.5823344629412108,0,6.3512945
775,1,1,52,8,0.43811656756733386,1,1,1,0.484104932021008,1,30.80809
850,0,0,44,5,0.5125799084401161,1,0,1,0.8555048007084677,0,53.80469
577,1,0,37,4,0.0,1,1,1,0.39938719147678603,0,9.902317
724,1,0,37,10,0.2734120455042125,1,1,0,0.7893315811660013,0,26.728825
710,2,1,35,1,0.4245489473435211,1,1,1,0.6397622472946166,0,12.833908
696,1,0,31,8,0.0,2,0,0,0.9554038910715972,0,1.1817731
376,1,0,46,6,0.0,1,1,0,0.786685678482295,1,94.50881
675,0,0,29,8,0.4835685277636032,1,1,0,0.6672934265222328,0,37.168514
745,1,1,36,8,0.26794293252690765,1,1,0,0.6539525524687607,0,3.7156816
697,2,0,25,5,0.3305399813924451,2,1,1,0.6418727988522904,0,1.0991809
599,2,0,39,4,0.0,1,1,0,0.9714008687829687,1,55.174202
715,1,0,38,5,0.47266366196729526,1,1,1,0.028365658920426896,1,12.254312
659,1,1,67,4,0.5818373109177516,1,1,1,0.6552206735743263,0,1.8043123
684,1,0,48,3,0.29218787596190954,1,0,0,0.10609393197050317,1,81.74241
635,1,0,48,8,0.5213125775489165,2,1,1,0.21621424846072798,0,14.26975
789,0,1,33,8,0.6042595222626048,1,1,0,0.021891190608703127,0,18.227812
571,0,0,66,9,0.4447104798605681,1,0,1,0.9463919804341313,0,35.071815
694,2,1,39,0,0.4266383215591638,1,1,1,0.5114119398402547,0,31.938803
665,2,0,42,2,0.6232475105729183,2,0,1,0.7838916616536878,1,14.809786
706,1,0,44,4,0.51656826084248,1,0,0,0.34930290842775485,0,60.23848
807,2,0,43,0,0.0,2,0,1,0.42759913571746105,0,37.740658
771,2,0,67,8,0.0,2,1,1,0.25606555426043187,0,8.364661
531,2,1,27,8,0.5284067726462167,1,0,0,0.03606014374372752,0,18.061039
629,1,0,37,6,0.514556726996208,1,1,1,0.1198101918733239,0,16.699953
850,0,0,31,1,0.4337314803791452,1,1,1,0.6608717632533907,0,5.7627454
685,2,1,35,4,0.5498188926029689,1,1,0,0.5681945625807264,0,62.628548
642,2,1,32,7,0.40029718839230705,1,1,1,0.19880403578541747,0,21.032412
529,2,1,63,4,0.38315999137338996,3,1,0,0.5436588194172544,1,98.40662
683,0,0,43,4,0.4618928745133134,1,1,1,0.5867440840600278,1,64.154724
663,1,0,42,5,0.49671988335981365,1,1,1,0.39000184517621433,0,10.94698
563,1,0,34,6,0.5572395549125145,1,1,1,0.7621038309158524,0,10.024712
637,2,0,34,9,0.0,2,0,0,0.1302399379140708,0,2.8665998
544,1,1,37,3,0.33677701571980884,1,0,0,0.3998407347901724,0,13.554316
649,0,1,70,9,0.46574571372783274,2,0,1,0.5356222019202833,0,7.5956583
638,1,0,48,10,0.5513514670438504,1,1,1,0.2383605634338079,0,66.23121
723,1,1,25,3,0.0,2,1,1,0.6725536788763327,0,0.1600015
635,0,1,43,5,0.31483998144425895,2,0,0,0.7663418356453041,0,4.2442646
750,2,0,38,7,0.387637107958853,2,0,1,0.8994431968252968,0,2.9882069
730,1,1,34,5,0.48806019208834955,2,1,0,0.6944233174268143,0,0.75170135
750,2,0,36,8,0.45014320356125476,1,0,1,0.04922585106877706,0,8.102647
586,1,0,43,8,0.528335070227119,1,1,0,0.33520826238905815,1,48.79968
520,1,0,38,4,0.0,2,1,0,0.28191217261248447,0,2.0789511
652,1,0,48,8,0.5312804095080995,1,1,0,0.388801080503188,0,62.9337
550,1,0,46,7,0.0,2,1,0,0.6529562073177988,0,4.2147536
594,1,1,27,0,0.7853459546065098,1,0,0,0.7595770896120578,0,7.3184195
749,0,0,44,0,0.28496745431581405,2,0,0,0.7554332438747899,0,10.909683
668,1,1,32,7,0.0,2,1,1,0.003829315699649316,0,0.43937257
614,0,0,35,6,0.5105669796051457,1,0,0,0.34724646203712456,1,79.694084
773,1,1,25,1,0.49634805908646024,2,0,1,0.05856554300935739,0,0.14048195
551,0,1,31,9,0.32799699670890287,2,1,1,0.45781207105278554,0,1.0184649
566,1,1,36,1,0.5664487521606881,1,1,0,0.3980619649176496,0,9.479258
569,2,1,34,0,0.6051830047809452,1,1,0,0.5114899972947416,1,48.42777
659,2,1,31,7,0.5963412475559301,2,1,1,0.5226595639883609,0,1.3656297
722,1,0,49,3,0.6703823851349368,1,1,0,0.7038371664493959,1,75.41231
655,1,1,37,5,0.3712543208280303,2,1,0,0.3310443647368324,0,0.70311177
615,1,0,35,2,0.3883649333480379,2,1,1,0.6990893630341698,0,8.27957
752,0,0,42,3,0.25925298992909834,2,0,1,0.7007054173673586,0,22.781622
661,2,0,28,7,0.38006463102210153,1,0,0,0.5114766960244703,0,36.028427
838,2,1,43,9,0.4906608894471856,2,1,0,0.7288408543015857,0,9.922128
610,2,1,29,9,0.0,3,0,1,0.4195433663914904,0,40.8245
811,2,1,44,3,0.0,2,0,1,0.39217820301838824,0,3.6828225
587,2,1,62,7,0.4834085026314868,1,0,1,0.03382993075838742,0,20.802986
811,0,0,28,4,0.6685535948081551,2,1,1,0.04946392380472334,0,5.926692
759,1,0,38,1,0.41487478043376097,1,0,0,0.4577953694577832,0,6.5928516
648,0,0,42,8,0.48617572178409174,2,1,0,0.02007911755572657,0,8.2731495
788,1,0,43,10,0.0,2,1,1,0.5805550930113825,0,16.079062
725,0,1,39,1,0.20279540589567666,2,1,1,0.9201476741028768,0,3.9985583
646,1,0,42,3,0.6981316597507777,2,0,0,0.3355965494704744,1,2.3387926
601,0,0,26,7,0.4205480001860517,2,1,0,0.25031895546024646,0,3.4203575
521,0,1,52,5,0.46432123098266714,3,0,0,0.26893328312853876,1,97.09919
561,2,0,33,6,0.0,2,1,0,0.22627105888612362,0,6.8156495
564,1,1,42,7,0.39786851306839366,1,1,1,0.18356663061322356,0,10.450824
444,1,1,45,6,0.0,1,1,0,0.6500534301025748,1,66.763725
650,2,1,71,0,0.0,1,1,1,0.8769296967860429,0,2.8348076
724,1,1,40,10,0.0,1,1,0,0.6392393973624481,1,11.817921
719,2,1,35,3,0.4900989082858304,1,1,1,0.6911666064109122,0,10.122015
548,1,0,29,4,0.0,2,0,1,0.2433312381332417,0,0.6198733
635,2,1,24,4,0.0,2,1,1,0.35331969203058894,0,3.4365249
496,2,0,43,3,0.0,2,0,1,0.9975650174591673,0,31.861452
676,1,0,37,5,0.35725537009867236,1,1,1,0.8479389781724154,1,15.797792
541,0,1,40,7,0.38147006220732893,2,1,0,0.2452826244906388,0,4.4359355
778,0,1,41,7,0.5568249244145302,1,1,0,0.31665829086677777,0,29.685215
850,0,0,45,5,0.41415165814933075,1,1,0,0.30038633689517347,1,70.41674
633,1,1,31,1,0.0,1,1,0,0.24299885639078528,0,8.785536
625,1,1,49,6,0.6912563583086664,1,1,0,0.8279258169155154,1,50.974964
485,2,1,32,6,0.4074881957052762,2,1,1,0.9700853431502707,0,1.0773376
547,1,0,48,1,0.7149545857443554,2,0,1,0.3462906707590575,0,32.14565
642,1,1,32,3,0.0,2,1,1,0.4434786022065107,0,1.1482623
718,1,0,25,4,0.4332115481628418,1,1,0,0.3151270446327624,0,4.873005
582,1,0,32,4,0.0,2,1,0,0.2983146390480291,0,1.1240803
628,1,1,33,6,0.0,2,0,0,0.921181222806778,0,0.79073554
737,0,1,35,0,0.5316014960496511,1,0,1,0.3202236313567946,0,29.414145
828,2,1,34,9,0.0,2,1,1,0.40925108347847217,0,1.496178
609,2,1,53,10,0.0,1,1,1,0.7732304935121304,0,63.433777
730,1,1,39,1,0.46448181411026296,1,0,0,0.7284096631228282,0,7.4023986
631,1,0,22,3,0.0,2,0,0,0.15386564416901813,0,0.61590254
830,2,1,40,4,0.0,2,0,1,0.4080936729457663,0,2.3157763
645,1,1,29,1,0.5186611026014587,2,0,1,0.9824076699324785,0,1.8578993
663,1,1,46,3,0.0,2,0,1,0.8814067743469501,0,4.7215743
678,2,1,30,0,0.0,1,1,0,0.17552426256707515,0,49.86959
521,1,1,30,2,0.4277278077326137,1,1,0,0.3214719005665041,0,7.823572
625,1,0,24,1,0.0,2,1,1,0.9048762656833726,0,3.8245385
523,1,1,30,1,0.33153416990938434,1,1,1,0.6908919801841076,0,6.784917
714,1,0,72,3,0.0,1,1,1,0.43365156372433566,0,2.1230783
580,2,1,67,3,0.6135803584634703,1,1,1,0.03704023734266622,0,4.370223
722,1,1,30,5,0.0,2,1,0,0.8319042468555747,0,0.5904328
630,2,0,39,7,0.5399928313523631,1,1,0,0.7044153716679943,1,42.15462
579,1,1,35,1,0.0,2,1,0,0.022245224418932005,0,1.0757214
670,1,0,38,4,0.47678537528922604,2,1,1,0.5523554499454697,0,1.6673278
588,2,1,34,6,0.48279466774737106,2,1,0,0.43228478319679525,0,7.1747108
807,2,0,42,1,0.0,1,1,0,0.08245327428769446,1,86.51999
726,1,0,48,4,0.0,1,1,0,0.5700968442486257,1,65.22638
812,0,1,25,5,0.21848532206841434,1,1,0,0.658306518272495,0,22.28121
631,0,1,40,3,0.43025217928123727,1,1,0,0.2622152415555686,1,47.500973
682,1,1,30,4,0.0,1,0,1,0.80734575151927,0,7.910204
625,2,0,49,2,0.322108669699319,1,1,1,0.10004560435521592,0,62.78853
607,0,1,38,3,0.39141696933603604,1,1,0,0.8816176444850482,0,46.630817
600,2,0,50,6,0.3773813901891402,1,1,1,0.2524107552271242,0,56.460815
602,2,0,22,7,0.5643915423987486,1,1,0,0.1518546021145019,0,57.3637
545,2,0,74,3,0.0,2,1,1,0.806652785341,0,7.6575985
675,2,1,33,3,0.0,2,1,0,0.22670415024634852,0,3.6042235
581,1,0,47,1,0.4900361736512224,1,0,0,0.9012865728677087,1,81.393394
640,0,1,33,8,0.3255394251905226,2,0,0,0.17458657301772315,0,1.5671039
850,1,1,38,7,0.3200262704271683,1,0,0,0.632781230607523,0,9.06284
490,2,0,48,8,0.6194270350962019,1,1,0,0.9396383354610364,0,88.91216
710,2,0,38,4,0.0,2,1,1,0.6819616273354105,0,5.299344
613,0,1,38,9,0.26748569508839226,1,1,0,0.3928128136237011,1,64.30933
812,1,1,34,5,0.4137872472444888,1,1,1,0.8302127353162226,0,7.9448276
723,1,0,20,4,0.0,2,1,1,0.7019357848674548,0,0.16757222
512,1,1,36,4,0.6064977218439567,2,0,0,0.1931070417224845,1,0.7792859
731,1,0,52,10,0.0,1,1,1,0.12494778251323,1,59.983814
650,0,1,26,4,0.8543188192464918,2,1,0,0.644080259664798,0,0.85167205
594,1,1,57,6,0.0,1,1,0,0.09683414766110163,1,96.09404
844,1,1,40,7,0.4517696408131286,1,1,0,0.15947888023306225,1,16.828012
686,0,0,47,5,0.6812962984293743,1,1,0,0.865923745717716,1,91.851616
695,0,1,52,8,0.4106179524921852,1,1,1,0.1123810323885931,0,58.06185
624,2,0,23,6,0.0,2,0,1,0.9833785626527333,0,7.7467785
503,2,1,37,6,0.0,2,0,0,0.6825415827211497,0,2.7185223
535,1,0,31,7,0.44581861902575665,2,1,1,0.1813538692945176,0,0.8307843
743,0,0,32,6,0.5593847286760932,2,1,1,0.8162920058865621,0,4.91446
702,2,1,39,8,0.0,2,1,0,0.4982603338618838,0,3.976273
658,1,1,29,3,0.5799679064914365,1,1,0,0.10098684424362525,0,4.3048635
677,0,0,41,8,0.5847831683373916,2,1,1,0.020923298174975707,0,11.936884
664,1,1,32,10,0.4273038905955801,1,1,1,0.5616967420388647,0,5.956521
766,0,0,38,7,0.5218602501119081,1,0,1,0.010122766724222163,0,25.866621
461,2,0,35,8,0.0,1,1,0,0.6614850218195838,0,51.584263
688,2,1,36,0,0.3578038397980631,1,1,0,0.8869452032669118,1,80.828835
678,1,0,32,5,0.0,2,1,0,0.4514075594219248,0,2.0366833
796,1,1,24,8,0.0,2,1,0,0.30671824159207206,0,1.4670842
803,1,1,42,5,0.0,1,1,0,0.9823700663413355,1,31.154139
712,1,1,36,2,0.4015554681982633,3,0,0,0.35376773481867513,1,28.421059
498,1,0,31,10,0.0,2,1,0,0.06941157880577595,0,1.5482352
850,2,1,22,2,0.0,2,1,1,0.04836931926999028,0,0.72518015
628,1,0,51,3,0.49415007503644215,2,1,1,0.2026922071057786,0,15.7728405
539,0,0,34,4,0.3651778297714423,1,1,1,0.6830244288329536,0,14.163473
732,1,1,36,7,0.5029763678153151,1,1,1,0.6658680904026335,0,8.135892
715,1,1,41,4,0.37572187177670424,1,0,1,0.7641206735243214,1,9.047568
651,1,1,40,4,0.0,2,1,1,0.7385917855155166,0,1.2747594
813,1,1,34,0,0.0,2,1,0,0.21580845970790208,0,2.2655313
692,1,1,29,4,0.0,1,1,0,0.38375869895575027,1,11.53349
756,0,0,39,3,0.4014293213631081,3,1,1,0.36700734920184874,1,67.219154
543,1,1,36,6,0.0,2,1,0,0.883667890283522,0,0.9486238
790,1,0,26,4,0.5642996724287539,2,0,0,0.4915353916299007,0,0.377527
494,2,1,38,7,0.0,2,1,1,0.030963357000593553,0,2.0355747
850,1,0,39,2,0.5922190958089798,1,1,1,0.8839828703641197,0,5.897866
703,2,1,29,9,0.0,2,1,0,0.25336369623299027,0,2.1787534
432,2,1,38,7,0.0,2,1,0,0.752918403707554,0,2.9640756
512,0,0,32,2,0.49184850311136297,2,1,0,0.40058130551467663,0,7.6843567
589,1,1,28,7,0.0,2,1,0,0.7582443123318277,0,1.4878641
514,1,0,46,3,0.4245223628446116,1,1,0,0.27532999401442837,0,55.381996
678,1,0,38,2,0.0,2,0,0,0.5753419951605379,0,2.88114
420,0,0,34,1,0.5402587959119179,1,0,0,0.7473691237513183,1,38.235233
679,0,1,38,7,0.4406385477067602,2,1,0,0.23257771117141685,0,2.4032586
595,1,1,31,4,0.0,2,1,0,0.950012126158048,0,0.65091586
713,1,0,52,0,0.740904564080181,1,1,1,0.23181208805440917,1,64.78818
833,0,1,59,1,0.52154478338197,1,1,1,0.153569365874441,1,81.45197
690,1,0,42,3,0.3689870257681117,2,0,0,0.3540289097608822,0,4.0883226
731,0,0,21,8,0.5273537953198448,1,1,0,0.5333103311366235,1,17.240805
608,1,0,62,8,0.5778302258100092,1,0,0,0.8792062141934555,1,99.27062
479,2,1,48,5,0.3470342480486799,1,0,1,0.42821504453675324,0,58.468014
519,1,1,42,8,0.0,2,1,1,0.5074191585296396,0,1.764215
731,1,0,47,1,0.4600042590997804,3,0,0,0.9587070065191226,1,96.369156
617,2,1,61,7,0.3629777731667866,1,1,1,0.5091895776046612,0,35.35142
756,2,1,29,2,0.46796765172664334,2,1,0,0.024388979147508583,0,4.2469506
848,0,1,31,4,0.3587849154212374,2,1,0,0.9656992242759184,0,1.8138227
809,1,0,24,4,0.0,2,1,0,0.967628308503462,0,7.8202353
698,0,1,56,1,0.4480496842363368,2,0,0,0.4698970751706788,1,82.18682
779,0,1,33,1,0.6315582553856828,1,1,1,0.9850407713936681,1,21.341022
606,2,1,35,7,0.0,1,1,0,0.5341784140385406,1,43.728073
612,0,0,58,1,0.5964235518891357,1,1,1,0.5758034892332218,0,88.711845
663,2,0,33,8,0.48835836095842744,1,1,0,0.9813373177138416,0,30.226187
549,0,0,45,3,0.5728780557875113,2,1,1,0.482010031958052,0,16.948711
675,1,0,32,2,0.6204244520155574,1,1,0,0.48828203093395417,0,19.587193
669,1,0,35,7,0.0,1,1,1,0.24550669588945742,1,3.3003092
571,0,0,34,1,0.405489974036869,1,0,1,0.9782938270604842,0,30.066616
500,2,1,37,9,0.5014873170218236,1,1,0,0.5584854353590768,0,6.4256506
628,1,1,37,0,0.0,2,1,1,0.8585637428374409,0,13.070583
559,1,1,34,4,0.0,2,1,1,0.33358385725836814,0,0.5999528
769,1,0,27,2,0.0,1,1,1,0.2893499829233692,0,5.5204635
733,0,1,31,6,0.6289050267381471,2,0,0,0.8900011451093579,0,0.85293126
750,1,1,22,5,0.0,2,0,1,0.5256205467622157,0,0.26522103
583,1,0,42,4,0.0,2,1,0,0.08714872270301813,0,1.8966016
468,0,1,42,9,0.7239080217788826,2,1,0,0.8633665015008933,0,8.154627
727,2,0,57,1,0.43714848526746464,1,0,1,0.0037093042385547815,0,91.82121
618,1,0,37,5,0.38522756390851765,1,1,0,0.49342122172667485,1,23.95842
617,1,1,40,5,0.7573127400053147,2,1,1,0.535232814733807,0,2.9847794
793,2,1,41,9,0.0,2,1,0,0.7607834548199353,0,2.101644
630,1,1,43,9,0.0,2,1,1,0.17164869245012898,0,5.9515977
765,0,1,43,4,0.5937181905210998,1,0,1,0.869419479560298,1,51.611996
546,1,1,28,8,0.0,1,1,0,0.7962895956563851,0,7.6890945
614,0,0,30,3,0.5234974885619895,2,1,0,0.27385145281374373,0,9.697853
593,0,0,29,5,0.4053990207737333,3,1,0,0.6729813197160328,0,32.931145
613,2,1,34,3,0.0,1,1,1,0.208585619926703,0,27.516151
655,1,1,38,4,0.0,2,0,0,0.55263342649223,0,0.6644095
700,1,0,27,6,0.5498769241328223,1,0,0,0.04493034084755094,0,13.239108
826,2,0,29,4,0.5178918261195213,1,0,1,0.9510355738973071,0,6.777006
652,0,1,45,2,0.6035177071296159,1,0,1,0.5766643214426977,0,63.071453
755,0,0,45,7,0.5406298629056921,1,0,0,0.7181082793406769,1,78.7567
538,2,1,39,2,0.4893361284655456,2,1,1,0.2923054151671485,0,3.3242803
729,1,1,34,3,0.6070345134951007,1,1,0,0.06059133647263313,0,8.632772
615,1,1,49,3,0.0,2,1,1,0.24932756078205467,0,7.285931
700,2,1,54,1,0.3165256060737649,1,0,1,0.6986865245630958,0,50.81619
434,0,0,58,9,0.5014029002771604,2,1,0,0.3044301730815293,1,86.30108
729,2,1,37,10,0.0,2,1,0,0.504302960932769,0,6.788215
513,1,1,35,8,0.0,1,1,0,0.38318014370372366,1,7.2535934
755,1,1,41,6,0.4177688638442804,1,1,0,0.6300701717013975,1,11.409612
615,1,0,30,9,0.0,1,1,0,0.4367229070376221,0,24.804693
747,0,0,32,5,0.269013765708619,2,0,1,0.3868308923502194,0,3.3133645
850,1,0,36,0,0.6570418292144035,1,1,1,0.31358424729561674,0,9.961611
712,0,0,49,5,0.6168895905106333,2,0,0,0.9813242164626721,0,17.358688
622,0,0,28,1,0.570449260893138,2,1,0,0.40860012131158524,0,9.967476
548,1,0,35,10,0.0,1,1,1,0.15645559150898908,0,11.303403
607,1,0,27,2,0.0,2,1,0,0.317451716638939,0,1.6338879
653,1,0,38,8,0.40707117379809477,1,1,1,0.832626415822711,0,6.8793306
699,2,1,26,6,0.3185851673880818,1,0,0,0.7512260420870193,0,35.641006
693,0,1,40,0,0.4811185688978342,1,0,0,0.13668105304056535,1,70.97121
647,0,0,43,3,0.4891130498442615,2,1,1,0.4349855911239523,0,26.923197
478,2,0,36,3,0.3681307418482142,2,1,0,0.22452704233254273,0,3.4898107
705,2,0,40,5,0.811943805550692,1,1,0,0.8999214424977584,1,48.705147
719,2,1,39,5,0.0,2,1,0,0.7288102013742312,0,3.1111574
726,1,1,34,9,0.0,2,0,0,0.07055688818282145,0,0.61311114
626,1,1,21,1,0.0,2,1,0,0.3311348733804078,0,0.10584636
552,1,1,49,4,0.0,1,1,1,0.9515167698515208,1,35.69833
807,0,0,31,1,0.37250371256313675,2,0,0,0.863938056084356,0,4.784742
621,1,1,34,6,0.0,2,1,1,0.49563008267289527,0,2.145176
651,0,0,24,7,0.16032286256144876,1,1,1,0.8917339105884611,0,16.464817
673,1,0,43,5,0.6698724968372618,1,1,1,0.7349734899682919,1,17.272419
652,1,1,36,1,0.0,2,1,1,0.7565892542737831,0,2.636239
584,0,1,47,7,0.5202860252941743,1,1,0,0.464565666021105,0,89.206764
756,1,1,37,3,0.5285954946887002,1,1,1,0.29484025724456686,0,13.402306
670,1,0,35,3,0.412378667370485,2,1,1,0.8731607868551446,0,0.7114722
765,1,0,50,9,0.5043792880208854,1,1,1,0.3978797975206632,1,42.156063
528,1,1,30,2,0.5112144137884829,2,1,0,0.25382214001437137,0,0.44902322
701,1,1,40,5,0.6765401841042314,1,1,1,0.7677031656523197,1,9.485562
797,1,0,29,1,0.0,2,1,1,0.6648825462831701,0,1.0957835
639,0,1,27,3,0.601024144902817,1,0,1,0.42602743562010165,0,11.012241
785,2,0,61,4,0.5175636052071979,2,1,0,0.8510974798093217,1,93.53176
363,2,0,28,6,0.5823018820111385,3,1,0,0.5030658427879863,1,84.60514
764,1,0,24,7,0.0,2,1,0,0.930560918567723,0,1.7533041
676,1,0,43,2,0.0,1,1,1,0.2755660665593564,0,23.729895
718,0,1,28,4,0.2616333189304072,1,1,0,0.14376077915440924,0,19.886274
590,2,0,34,6,0.0,2,1,0,0.8551309650071581,0,10.263052
584,1,1,38,9,0.4168392035188471,1,1,0,0.8834200666163619,0,12.130848
645,1,1,41,7,0.0,1,0,1,0.1432935845373233,0,10.416045
772,0,1,30,6,0.3977123939046328,2,0,0,0.9862264346245065,0,1.0043011
399,0,1,46,2,0.508793111976261,1,1,0,0.699982348314264,1,83.44338
529,1,1,22,5,0.0,1,1,0,0.7558634349580384,0,1.417182
463,1,1,35,2,0.4035788395200618,1,1,1,0.5905666991197659,0,4.267159
630,1,0,40,7,0.0,2,1,1,0.17222439742995455,0,3.1221402
780,1,1,76,10,0.48351854731138055,1,0,1,0.32433472396613877,0,0.3613717
584,2,1,32,5,0.0,2,1,0,0.05473142685126429,0,3.875645
752,0,1,30,4,0.32492626787234613,1,1,1,0.18438895914559839,0,8.6417055
697,1,0,47,6,0.5111743178276089,1,1,1,0.8402893476326988,0,31.266113
850,1,0,32,7,0.0,2,0,0,0.7761512224417432,0,0.48276204
711,1,1,51,7,0.0,3,1,0,0.1920093868964486,1,70.81298
452,1,0,32,5,0.0,2,0,1,0.37637499381190903,0,1.0297697
610,2,1,42,6,0.0,2,1,0,0.7915306411762323,1,5.5305624
694,1,0,22,4,0.0,2,1,1,0.05757619852695931,0,0.705889
579,2,1,33,6,0.0,1,1,0,0.4749526579788369,1,44.66697
745,2,0,54,8,0.0,1,1,0,0.8695865955198722,1,93.801216
572,1,1,33,5,0.0,1,0,1,0.20565699024256817,0,3.8482606
505,0,1,29,3,0.5800823752783452,2,1,1,0.2900695516421818,0,1.0490953
706,1,0,23,5,0.0,1,0,0,0.8206625232709723,1,21.305908
693,0,1,44,5,0.4966222740077456,2,1,1,0.234955188220475,1,5.230427
725,0,0,33,7,0.45908217157013836,2,1,1,0.8864238034732317,0,3.7127495
791,1,1,37,2,0.6528128213331557,2,1,0,0.3791409579614853,0,1.3819135
536,1,1,46,1,0.26199246873501514,1,1,0,0.3054439198943499,0,22.652885
699,2,1,47,1,0.0,2,0,1,0.15054367692114595,0,12.88566
500,2,0,47,8,0.5121047752894413,1,1,0,0.8961632835935831,0,71.76655
707,2,0,53,6,0.4370837179350389,1,1,1,0.2605192295864255,0,60.77614
531,0,0,42,6,0.35203261212550485,2,1,0,0.3762217791799117,0,5.5695477
557,1,0,28,7,0.5836841563839725,2,1,0,0.9216188145967938,0,1.5876176
659,1,0,38,3,0.0,2,1,0,0.7927833108061819,0,1.4836847
575,2,0,31,6,0.0,2,1,1,0.47841988909940897,0,2.6957552
775,0,1,36,2,0.43822194899929295,2,0,1,0.35838902615199747,0,3.7019086
772,2,1,30,4,0.3134860452704124,1,1,0,0.00889534950587781,0,25.95698
587,0,1,46,9,0.42985907146602836,1,1,0,0.697163679131357,1,81.552864
667,0,0,39,4,0.3338620473356334,2,1,0,0.5917913160706847,0,3.4749951
771,1,0,66,7,0.5730337365262527,1,1,1,0.6541439707492065,0,11.425674
523,0,1,63,6,0.4632449374166221,1,1,1,0.5970222656263673,0,51.5809
662,0,1,33,0,0.4124045743034553,1,1,1,0.8135347925726907,0,30.561644
717,1,1,42,5,0.0,2,1,0,0.8633505999822982,0,1.1022403
746,1,1,24,3,0.5480007839039349,2,0,1,0.8507337950774299,0,0.5786917
569,1,1,28,7,0.0,2,1,0,0.3698635719711232,0,0.9819933
579,1,1,36,9,0.5174594593366574,1,1,1,0.30450177991998234,0,7.2434244
519,1,0,21,1,0.5832231325475615,2,1,1,0.9743715024784866,0,0.60251385
696,0,1,30,4,0.4544781508699409,1,1,1,0.9686174029619827,0,7.988763
693,0,1,25,6,0.5842240170102532,1,0,1,0.07311583256200967,0,10.903649
587,0,0,38,0,0.5265979505862322,2,0,0,0.1586088471449023,0,24.560444
626,1,0,44,10,0.3250480304573064,1,1,0,0.10026982576836087,1,65.59468
666,1,0,66,7,0.0,2,1,1,0.49895385009268384,0,4.759103
512,1,1,24,6,0.0,2,1,0,0.18823162612029445,0,0.8658643
689,2,0,28,3,0.0,2,1,1,0.9622790976538258,0,16.391945
803,1,0,26,4,0.0,2,1,1,0.9060709797785688,0,0.5704652
548,0,1,32,5,0.6983501149809471,1,1,1,0.7758442431252184,0,7.460165
588,0,0,40,10,0.5003406363117392,1,1,0,0.6075210182572435,1,81.15892
693,1,1,68,4,0.3894250051883616,1,1,1,0.3078168465088416,0,1.8381466
499,0,0,55,4,0.5054548243073512,2,1,0,0.6163495113783366,0,73.194664
628,1,0,46,1,0.18681062896891723,4,1,0,0.15631772834305674,1,97.32036
624,2,1,46,3,0.0,2,1,1,0.3140972462870204,0,12.620566
733,1,1,42,9,0.4786602002430549,1,1,0,0.9203122398189026,0,8.596139
628,1,0,38,3,0.0,2,1,1,0.24458910825983882,0,3.4483056
633,1,0,33,3,0.0,2,1,0,0.9555884586978055,0,0.8262911
559,0,0,36,1,0.4159335768558462,2,0,1,0.2708882698297687,0,12.169336
704,0,1,27,5,0.5859125511876158,1,1,0,0.3218794894912464,1,20.470001
744,0,1,38,6,0.29104713391799836,2,1,0,0.39383401114806466,0,1.1611193
665,2,0,40,1,0.691246991955977,1,0,1,0.583831805937467,0,28.82626
638,1,0,42,7,0.6603474741477706,1,0,0,0.16453926349966422,0,29.796898
837,2,1,31,9,0.4172156910401351,1,0,1,0.25482943621115817,0,6.9282846
534,1,0,55,8,0.46621821632839056,3,1,0,0.6103328867906884,1,98.61392
548,1,0,36,3,0.0,1,1,0,0.32995811099960043,0,18.82384
837,0,1,38,2,0.5051168384741391,1,1,1,0.3978669962981465,0,40.23081
658,1,0,44,6,0.5917984070743624,1,1,0,0.6526500780824569,0,46.986946
554,1,0,38,4,0.5486452686825954,2,1,1,0.8631728830103275,0,2.4679043
724,0,1,30,7,0.4596090787299338,1,1,0,0.07603201105705594,0,13.627252
723,1,1,42,2,0.39496406688468616,1,1,1,0.0875131075017664,0,11.257176
585,0,0,39,7,0.6600704293922685,2,0,0,0.6592651098179876,0,4.926677
474,1,1,33,5,0.0,2,1,0,0.9097565817535573,1,1.748712
562,2,1,32,6,0.6442004401069774,1,1,0,0.45739828153588663,0,40.46641
719,1,1,32,9,0.5843219850737007,1,1,1,0.38557617252447607,0,3.094164
635,0,1,37,5,0.4523297885607659,1,1,0,0.4780464534363032,1,33.927456
743,1,1,42,7,0.3069062821482619,2,1,1,0.40212260270855865,0,2.6782882
681,2,1,67,7,0.0,2,0,1,0.8185948758106399,0,1.8784176
521,1,0,39,6,0.0,2,0,1,0.13683091735260716,0,5.7578645
741,2,1,25,4,0.0,2,1,1,0.36934562250694936,0,0.53983164
790,2,1,46,8,0.7268470238254904,1,0,0,0.696341000565554,1,78.4657
622,1,1,35,8,0.0,2,1,1,0.658867571853112,0,2.2837715
669,1,1,45,7,0.595319717260502,1,0,1,0.8672952766989247,0,10.784415
583,1,1,59,7,0.5079757283126388,1,0,1,0.33773790396982917,0,13.103299
520,2,0,63,5,0.6467897782721265,1,1,1,0.1737853465005908,0,22.257719
579,2,1,37,5,0.6066721352880766,2,0,0,0.6010952045920385,0,2.9580777
698,2,0,39,9,0.6456561307421672,1,0,0,0.4510470749956621,0,27.987078
548,2,1,39,7,0.5239913942748629,1,1,0,0.824899977947894,0,38.809494
672,0,1,40,10,0.41044728558914106,1,1,0,0.00637175850293703,1,71.558266
653,0,1,31,9,0.5712357953781155,1,1,0,0.41837935522842434,0,19.231285
734,2,0,37,2,0.5197525417590864,1,0,0,0.17270229306898807,0,24.264015
794,1,0,41,7,0.0,2,1,1,0.3713529642080819,0,2.000583
641,1,1,30,2,0.3487689762803695,2,0,1,0.036338420319140474,0,1.6811557
824,1,1,30,0,0.5326227074905194,1,1,1,0.810289082607389,0,7.50079
534,2,0,33,3,0.6027691163372348,1,0,0,0.9967204368017145,0,44.779957
653,2,1,55,2,0.2800492821607371,1,0,1,0.31171041834495195,0,39.533432
498,1,1,34,5,0.0,2,1,1,0.45854419097023763,0,0.51753163
683,1,1,30,10,0.22980441979450703,1,0,0,0.39618443561360106,0,15.278576
618,0,1,42,8,0.6120903909631198,2,1,1,0.3833767124760415,0,9.6605
538,1,1,37,1,0.5370789391023264,1,1,0,0.8125774511465844,0,4.715096
643,2,1,34,3,0.33133807435520934,1,1,1,0.10675669526439774,0,13.013138
428,1,0,31,2,0.0,2,1,0,0.2724052647027791,0,1.3000247
593,0,0,32,9,0.5344661252702243,2,1,0,0.2696230990059551,1,6.4090786
718,1,0,31,0,0.4707113952122952,2,1,0,0.515817110534056,0,8.136888
811,0,1,52,10,0.30656032495105884,1,0,0,0.7318110379541246,1,93.64938
823,2,0,46,3,0.3251389837204421,1,1,1,0.14181039289252123,1,83.25616
645,2,1,49,2,0.0,2,0,0,0.0500626309812587,0,18.955406
710,1,1,33,10,0.47161447103881904,2,1,1,0.9646783267802075,0,2.1096141
591,2,1,30,8,0.4976430470235944,2,0,0,0.2523947036942028,0,6.5809236
748,0,0,27,2,0.36258486463567746,1,1,1,0.6583173193039935,0,16.66922
850,1,0,37,7,0.6103982298151414,1,1,1,0.7611912937685548,0,4.862058
542,1,1,38,8,0.26282487841976,1,1,1,0.34044076209277985,1,32.105377
809,1,1,38,3,0.0,2,1,1,0.40028687739679136,0,1.0254301
675,1,1,54,2,0.0,1,1,0,0.7479318774943007,1,71.671036
607,2,0,27,5,0.40220389880209934,1,0,0,0.03810208874947557,0,43.893234
850,1,0,31,4,0.0,2,1,1,0.16537194302055844,0,0.4930587
789,1,1,37,3,0.0,1,1,0,0.6094196495765345,1,14.818265
598,1,0,43,5,0.0,3,1,1,0.5036037941623425,1,91.494576
756,0,1,41,2,0.4959762348131069,2,0,1,0.23543013357775666,0,3.7069247
687,1,0,47,7,0.0,2,1,1,0.8881469680354473,0,7.7613726
724,1,1,40,6,0.0,2,0,0,0.5307401856877332,0,0.5227929
700,1,0,44,2,0.23428540249150565,1,1,0,0.0843247530139128,0,39.968803
635,2,1,50,7,0.635531502053284,2,0,0,0.27277209973552474,1,25.17015
687,0,1,26,2,0.5688425926239614,1,1,1,0.7680441982209301,0,7.982172
613,1,0,46,8,0.6687799018318554,1,0,1,0.22191519290092201,0,70.1545
781,1,0,38,3,0.5115451058236434,2,1,0,0.3160665343540308,0,1.9069467
703,2,1,20,3,0.6586777125326064,1,1,1,0.20809587315588635,0,0.99122
593,0,0,62,3,0.471242367767726,1,0,1,0.12378157114004386,1,87.72324
743,1,0,40,6,0.0,1,1,0,0.14135959984178487,1,12.325226
640,2,0,46,8,0.0,2,1,0,0.44520056665411545,0,16.625303
849,0,1,37,7,0.5717570030126575,2,1,1,0.08642095320103069,0,3.877344
778,1,1,38,3,0.5779975845969971,2,1,1,0.6335146506491369,0,2.042948
539,0,0,38,8,0.3284501288949629,1,1,0,0.06556541149679794,0,62.250286
489,0,1,28,1,0.3167061973249777,2,1,1,0.839890459538886,0,2.2835438
568,2,0,43,9,0.0,1,1,0,0.6293561535126604,1,66.13779
618,2,1,38,5,0.5040851048328029,1,1,0,0.459848465528458,0,40.714424
710,0,0,30,10,0.5322364151915226,2,1,0,0.7779850975768184,0,4.8958497
625,1,1,52,5,0.6575498840983606,1,1,1,0.338916916565532,0,40.644924
682,2,1,46,7,0.5102857498835484,1,1,1,0.3130487461552578,0,20.527037
727,2,1,43,2,0.3882181008233263,1,1,1,0.5370684900407989,1,45.42037
794,1,0,41,7,0.7048495666108898,3,1,0,0.8326529183537028,1,19.16225
652,2,1,71,4,0.0,1,1,1,0.6005349510878288,0,2.7388134
670,2,1,42,3,0.32518796775216585,1,1,0,0.9411709818287646,0,27.233225
460,0,0,40,6,0.47631920992304094,2,1,0,0.45778896884652487,1,19.761763
568,2,0,26,6,0.0,2,0,0,0.8324976035211362,0,4.453622
643,1,1,30,5,0.37642283366924,1,1,1,0.8280931828989667,0,4.126412
521,1,1,37,2,0.0,2,1,1,0.4318445411536802,0,4.080499
615,1,1,32,7,0.3674792422692417,1,1,1,0.013721060361264501,0,15.26773
575,2,1,43,3,0.0,1,1,0,0.41795456466092507,0,74.72438
717,1,0,41,3,0.541084071225891,1,1,1,0.5185236690103905,0,14.509836
648,1,0,54,9,0.48080645014077233,1,0,0,0.02956682363165682,1,89.08466
535,0,1,48,5,0.5362445365765839,1,1,1,0.29098823937686047,1,79.94967
626,2,1,29,7,0.0,2,1,0,0.24677486699979845,0,3.7535322
611,2,1,52,7,0.0,1,0,1,0.36790313474936853,1,60.754074
734,2,1,39,6,0.0,1,1,1,0.47566387590014847,0,16.998236
709,1,1,49,4,0.6151680548863485,2,1,1,0.19393347064644673,0,4.0478992
591,1,1,43,3,0.0,2,0,1,0.9946688908790788,0,7.822633
664,1,1,43,9,0.7533996372790244,2,1,1,0.28046818471164,0,4.8827915
431,1,1,37,0,0.4813272193502948,1,1,1,0.5851133783276302,0,19.090124
647,0,0,22,3,0.39050046176118763,2,0,1,0.3103867419338547,0,3.9191837
578,1,1,32,4,0.0,2,1,1,0.7091238213249365,0,0.31615368
555,0,1,41,10,0.451458996758405,2,1,1,0.9269663252840646,0,3.2432876
775,2,1,30,4,0.0,2,0,1,0.28727518478014646,0,0.89744854
850,0,1,39,3,0.49641266699160613,2,1,1,0.60190018146733,0,1.2818696
625,1,1,43,8,0.8038963947473655,1,1,0,0.6651101180162705,1,26.489037
645,2,0,37,7,0.0,2,1,0,0.06789823428137387,0,11.858736
608,0,1,44,7,0.4551787141942771,1,1,1,0.38913106201642256,1,76.3967
689,2,0,31,4,0.0,2,1,1,0.6830574319847544,0,11.773188
652,0,1,50,8,0.4999545432968422,1,1,1,0.08575498960150693,1,68.49017
769,1,0,26,7,0.0,2,1,0,0.884244195320653,0,0.30417427
611,1,0,43,8,0.25866179371871667,1,1,0,0.5749786604620741,0,51.732677
489,1,1,38,8,0.0,2,0,1,0.9849901165561311,0,0.90083873
528,0,0,46,9,0.5402817534402116,1,1,0,0.6657358277715522,1,76.77284
632,1,1,44,3,0.42951602381668197,1,1,0,0.9283693592738106,0,27.478992
429,1,0,27,6,0.46755015153762236,2,1,1,0.12005601534946587,0,1.016021
457,1,1,41,8,0.2937452413448026,3,1,1,0.9287808985758139,1,57.788105
768,2,0,44,6,0.24154588024165513,1,1,1,0.8902569695405911,0,39.671875
715,2,0,35,4,0.16010436747445947,2,1,1,0.9993248855265677,0,3.0837452
668,0,0,32,10,0.3668496240844241,1,1,1,0.2179424135004893,0,11.639679
625,0,1,26,3,0.520067530207185,1,1,0,0.6140533920989454,0,8.487221
846,1,0,41,5,0.0,3,1,0,0.0171460874513516,1,25.025663
661,2,0,42,3,0.0,2,1,0,0.1799063310546157,0,10.34285
571,1,0,23,10,0.6022257084539784,1,0,1,0.08576904094341009,0,5.7561893
582,2,0,46,8,0.2692858682184468,1,1,0,0.22249379815772402,1,75.578415
716,1,0,35,8,0.44961753196287785,1,0,1,0.08919211784725439,0,5.202268
758,1,0,42,7,0.0,2,0,1,0.381026288010505,0,3.6173842
725,1,1,66,4,0.34460126818821146,1,1,1,0.707392455979546,0,2.5660267
630,1,0,40,0,0.4728337310180401,1,0,1,0.3001330627074886,1,32.746426
627,1,0,55,2,0.6354821991670004,1,1,0,0.5034207266793979,1,89.09181
653,1,0,27,9,0.0,2,1,0,0.482134593853713,0,1.5421814
775,0,0,38,4,0.4990578047046911,2,1,1,0.07892903772310254,1,8.186755
794,2,1,45,8,0.3533560976889063,2,1,0,0.5827343011257574,0,10.688869
831,1,0,32,2,0.5820435699610149,1,1,0,0.9563371301959336,0,18.882708
561,1,1,29,9,0.47935052036466286,1,1,1,0.8693770755107113,0,2.5398633
705,2,1,46,7,0.0,2,1,0,0.586364847842969,0,12.856012
636,2,0,33,0,0.0,1,1,0,0.4613735111703168,1,48.9396
487,0,0,46,4,0.5383483788178699,2,1,1,0.2211856732317936,1,33.376163
693,1,0,38,3,0.0,2,0,0,0.3906468067700465,1,4.9301057
517,2,0,29,5,0.0,2,1,0,0.5170058740609729,0,4.414101
684,1,0,27,9,0.48844552782366746,2,0,1,0.6891870173601579,0,1.9077857
620,2,0,43,2,0.0,2,1,0,0.1033024653854443,0,19.257093
757,1,1,29,8,0.5193602310802765,1,1,0,0.38732598963200987,0,2.614301
739,1,0,27,6,0.0,1,1,1,0.2878314879070951,0,3.2495818
662,2,0,41,4,0.3601094372619577,1,1,0,0.37940158285116227,1,43.700047
359,1,0,44,6,0.513147349985805,1,1,0,0.7347908225235509,1,93.628685
572,2,1,23,2,0.5056775043604358,1,0,1,0.33517470918472714,0,5.960533
721,1,1,69,2,0.4321443419517463,1,1,1,0.8921190473690237,0,2.926132
707,1,1,32,9,0.0,2,0,0,0.15399190622704467,0,1.3536325
444,1,0,40,5,0.33619255531199943,1,1,0,0.7191895826051388,0,32.757328
523,1,0,73,7,0.0,2,0,0,0.6544240975013113,1,51.635788
685,0,0,30,4,0.3386179623766766,2,0,1,0.9717535024594848,0,9.805781
673,0,0,29,4,0.39497056354633875,1,1,1,0.04893022283628086,0,4.0948887
503,0,1,30,10,0.5445340377043125,2,0,0,0.236515887267234,0,3.9388943
485,0,0,30,5,0.6248420623688288,1,1,1,0.7057505491774464,0,16.883821
799,0,1,28,7,0.6682327872643431,2,1,1,0.5556864180529241,0,2.0002184
585,2,0,33,8,0.0,2,1,0,0.5709069716157893,0,9.961645
607,0,0,24,2,0.43636657417360175,2,0,1,0.637806860555183,0,10.898086
521,0,0,40,9,0.5360932799448573,1,1,0,0.09036102947831517,0,51.253242
535,1,0,44,2,0.45607306137723097,1,1,1,0.681658498386596,0,40.833237
724,2,1,45,5,0.33435304350065004,1,0,1,0.17056743919044265,0,28.561056
520,0,1,32,5,0.43854367324996385,1,1,0,0.28120240482966125,0,36.20976
696,2,1,41,9,0.5082691143643222,1,0,1,0.9571206050177792,0,13.119695
657,0,1,30,1,0.557047405183515,2,1,1,0.11654262982114791,0,1.6286038
603,2,0,42,8,0.365132791564894,1,0,0,0.7233876835237765,1,61.34673
726,1,0,42,2,0.4363197424101555,1,0,1,0.8758309918597225,0,23.249086
591,1,0,39,4,0.5998476911482269,1,1,0,0.07459322365285884,0,25.692236
792,0,0,59,9,0.40498423084846924,1,0,0,0.807415158147603,1,97.3934
550,1,1,57,5,0.0,1,1,1,0.6675155477348086,0,28.349873
601,1,0,26,8,0.3144393406900786,1,1,1,0.11847101398183525,0,4.876073
820,1,0,29,3,0.3282003462043095,1,0,1,0.5799243827785553,0,3.9677486
667,1,1,48,2,0.0,1,1,0,0.2161087383845157,0,34.044952
573,2,0,44,4,0.0,1,1,1,0.47430204584537816,0,23.904457
755,1,1,62,1,0.5089968201830473,2,0,1,0.7118985363102176,0,8.229468
552,1,0,41,9,0.4956169255812191,1,1,0,0.6781831164876245,0,20.908768
598,2,1,44,8,0.0,2,1,0,0.7424525042141523,0,12.554466
576,0,1,28,1,0.4756365024540442,2,0,1,0.29485450860557183,0,1.93976
670,1,0,31,9,0.0,1,0,1,0.3812526596289946,0,1.4575955
504,0,1,56,9,0.4153770162220048,1,0,0,0.2792561689641361,1,90.71315
778,1,0,65,7,0.0,1,1,1,0.389315429623529,0,11.723741
558,0,1,39,10,0.5769554483256529,1,1,0,0.1143438198347942,1,73.842
627,2,1,44,6,0.0,1,1,1,0.5723445089006,0,38.333015
683,1,1,43,8,0.0,1,1,0,0.4837622992995831,0,26.286749
556,1,0,43,6,0.0,3,0,0,0.6257747114849468,1,81.97155
583,1,0,38,10,0.0,2,0,1,0.567984542523811,0,4.522081
705,1,0,24,7,0.39924381249773566,1,1,0,0.6070428225895573,0,33.785034
637,1,1,33,2,0.5808407309916149,1,0,1,0.5460914017288651,0,7.8731813
697,2,1,56,5,0.4416216560277522,1,1,1,0.25111763173383056,1,32.08536
555,0,0,46,4,0.4798481726186119,1,1,0,0.8886263638177445,1,80.75062
594,0,0,26,6,0.5383361826309638,2,0,0,0.6560640541171681,0,4.3804655
632,2,1,31,3,0.5442705442675949,1,1,0,0.4107454761929764,1,41.375698
551,1,0,38,10,0.0,2,1,1,0.0010235477488100113,0,5.9879465
687,1,0,35,3,0.39692382672183757,1,1,1,0.00850841255339885,1,17.626902
672,1,0,53,7,0.0,1,1,1,0.6845583753248434,0,37.400696
521,2,0,34,7,0.2819115522162804,1,1,1,0.10117161188893539,1,24.699112
686,0,1,35,2,0.4358057090032053,2,0,1,0.4301995340555023,0,6.991715
639,2,1,28,8,0.0,2,1,0,0.6328078831528411,0,5.1320033
850,1,1,66,4,0.0,2,0,1,0.32172682491177906,0,3.5232882
465,1,1,25,2,0.3118688946575879,2,1,1,0.052308645475642915,0,0.28978083
817,1,0,55,10,0.4685627140485606,1,1,0,0.47969566093561933,1,90.862816
578,1,1,23,10,0.3546472593713249,1,1,1,0.6261136938577634,0,15.957265
611,2,1,34,4,0.0,2,1,0,0.8547766311682764,0,3.4874146
616,0,0,41,1,0.4127594992851481,1,1,0,0.0011244573856803324,1,49.861435
517,1,1,37,5,0.4516130035107083,1,0,1,0.15754294535128102,0,9.403685
637,2,0,40,6,0.0,2,1,1,0.9080818218139832,0,6.5648174
806,1,0,32,3,0.2541409940585837,1,1,0,0.7829823248120195,0,32.917385
633,1,0,29,7,0.6775195060273278,1,1,0,0.02130413454484903,0,10.280634
624,0,0,35,0,0.7186313773851368,2,1,0,0.817959715152797,0,25.792292
691,1,1,52,3,0.0,1,1,0,0.8792444678466793,1,75.785576
819,0,0,49,1,0.48089987452674515,4,0,0,0.8308429455012952,1,99.2725
568,0,0,31,1,0.24548668345781352,2,1,1,0.30895480518389506,0,3.5642133
806,1,1,48,4,0.6564485205925642,1,1,1,0.1071497828042578,0,50.97093
726,2,0,26,1,0.32196402929970497,1,1,1,0.0960805256902034,0,4.1828513
552,1,1,36,8,0.0,2,0,0,0.6627404917169589,0,0.87829185
755,0,0,30,6,0.6146773377190715,2,0,1,0.31341478111159615,0,2.3786123
634,1,1,26,8,0.0,1,1,0,0.10875728632084362,0,3.7913833
756,1,0,26,5,0.40510926169266576,2,0,1,0.7723192564889946,0,0.28332192
776,1,1,37,2,0.0,1,0,1,0.04027094587533109,0,11.107262
649,1,0,45,5,0.36981812017779814,1,1,0,0.8668543845937287,1,37.630566
595,0,1,32,8,0.5224498121926716,2,1,1,0.34711919988358886,0,2.6484437
646,1,1,30,5,0.39065558450444965,1,1,1,0.06373388658616896,0,4.03795
592,2,1,38,8,0.0,2,1,0,0.902159256208968,0,6.3605604
574,1,1,26,8,0.3884449658425061,1,1,1,0.21543102366275976,0,1.4369209
850,1,1,36,1,0.41481858231762553,2,0,1,0.34294485123329277,0,1.1103755
850,2,0,29,1,0.0,2,1,1,0.9900198969001539,0,1.1776582
475,1,0,46,10,0.0,2,0,0,0.6147658101348679,1,9.967763
642,1,0,39,4,0.0,1,1,1,0.38408498011560105,0,11.579911
710,2,0,51,4,0.3732868193615982,1,0,1,0.7070121696622027,1,84.14518
596,2,1,30,6,0.4836460891352342,4,1,0,0.20957086401751365,1,76.05443
609,1,0,39,8,0.5646724134089662,1,0,1,0.8783472321606712,0,26.347485
797,2,0,31,8,0.0,2,1,0,0.5895815550385062,0,2.3035574
504,0,0,43,7,0.4079962904460533,1,1,0,0.9734889181916871,1,58.177906
735,2,1,50,9,0.0,1,0,0,0.8334084405060683,1,86.88563
680,2,0,30,3,0.0,1,1,0,0.8006764646023694,0,52.208805
449,1,1,52,6,0.0,2,0,1,0.618111129612878,0,10.643462
685,0,1,57,7,0.40601548620796596,1,0,1,0.5674160882364265,0,68.10113
569,2,1,38,8,0.0,2,0,0,0.39807406607331,0,4.3149037
631,1,1,35,9,0.44796056438691906,2,1,0,0.12231493107591773,0,0.8854671
595,0,0,25,7,0.42475548538452407,2,0,1,0.8851555823581152,0,3.1376076
461,1,0,28,8,0.0,1,1,1,0.5167401486841994,0,8.388351
630,1,1,50,1,0.32661771159756536,1,0,1,0.31800356934087204,1,65.69602
661,1,0,31,7,0.5745850835293326,2,1,1,0.07240296448310814,0,1.1658416
796,0,1,39,5,0.34416710784844956,2,0,0,0.525394925215358,0,1.1964699
710,1,1,47,5,0.632221393156082,1,0,0,0.4174814194755599,1,64.83767
741,1,1,32,8,0.0,2,1,0,0.7180041693981776,0,0.49393022
606,0,1,48,4,0.5277184852224264,1,0,0,0.1804188800030403,1,92.32062
747,1,1,27,10,0.0,2,0,0,0.06498775633072958,0,1.3176966
549,0,0,43,3,0.5380099147028182,1,1,0,0.030452058171555378,0,76.47667
576,1,1,36,6,0.0,2,1,1,0.24153516660841107,0,1.3085155
528,1,1,37,6,0.4136039855863391,1,1,0,0.9855961744346584,0,9.008226
535,1,1,33,2,0.5302564080898345,1,1,1,0.5514936676452601,0,4.3206496
575,2,0,37,0,0.0,2,0,0,0.15052807543120367,0,19.314014
656,1,1,39,10,0.0,2,1,1,0.4944625211707718,0,6.562919
440,1,1,42,2,0.0,2,1,0,0.24909928898209777,0,3.1314685
539,2,1,38,8,0.2848195058001438,2,1,1,0.05031715528833003,0,3.9631345
850,2,1,39,6,0.5309491594774597,1,0,1,0.10380141303494483,0,16.219189
646,1,0,37,7,0.38485211266454844,1,0,0,0.8171560384016673,0,10.122655
744,1,1,54,6,0.37388212082443517,2,0,1,0.7003528336956178,0,10.367326
710,2,0,36,8,0.0,2,0,0,0.4160127792204155,0,7.451897
544,1,0,64,3,0.4943991403043364,1,1,1,0.5570101444687967,1,25.315666
723,0,1,52,5,0.5248942708172869,1,0,1,0.46435394580182404,1,81.57447
507,2,0,29,6,0.0,2,0,1,0.47389185667231215,0,3.175217
787,1,0,35,1,0.42354567147163225,1,1,1,0.08298577514152601,0,16.247355
598,2,1,41,8,0.0,2,1,1,0.8097915850963766,0,3.9952922
796,1,1,51,6,0.0,2,0,1,0.9737014884921509,0,7.535517
569,2,0,41,4,0.5573592050860172,1,1,1,0.8176436849719149,0,11.177632
711,1,1,34,8,0.0,2,0,0,0.24126609091168205,0,0.8855972
661,0,1,35,8,0.494617316536766,1,1,0,0.4333758873972464,0,27.817759
415,1,1,32,5,0.5811426862595885,1,1,1,0.015266807980162105,0,2.3738618
578,2,1,23,8,0.0,2,1,0,0.5606205392614995,0,3.5906248
611,1,0,26,2,0.4284964066486118,2,1,1,0.6040080327671292,0,1.2182897
600,1,0,28,6,0.0,2,0,1,0.26093316911765074,0,2.9895792
661,0,0,32,1,0.5818307743992791,1,0,1,0.2831505408766537,0,25.059134
850,1,0,37,3,0.8480662407593459,1,0,1,0.34683962318401407,0,4.9599776
573,0,0,47,4,0.6079060625770408,1,0,1,0.8202107801295023,1,87.30143
764,2,0,33,9,0.6734398416504487,1,0,1,0.5949114640448162,0,3.2019596
838,1,0,34,8,0.0,2,1,0,0.13731556363632724,0,1.1350787
821,1,0,28,8,0.0,1,1,1,0.1837302962432912,0,4.29462
607,2,0,36,4,0.3916582226672192,1,1,1,0.23204606039876807,0,32.88452
558,1,1,38,8,0.45038573231067647,1,1,1,0.7643770480080848,0,8.83594
530,0,1,23,1,0.5462810816933681,2,1,1,0.8261571480076347,0,1.148435
654,0,1,37,5,0.4469787713409855,1,1,0,0.37961510324235964,0,31.615288
530,1,0,33,4,0.5153778572009059,1,1,1,0.8646760765653119,0,5.557537
656,2,1,69,6,0.653552563911507,1,1,1,0.18050183792552188,0,6.4316354
520,2,1,43,7,0.0,2,1,1,0.18097308292941974,0,6.578406
602,0,0,42,6,0.6313912154532545,1,1,1,0.6594373762694337,0,54.777164
701,0,0,48,1,0.3669724229467032,1,1,1,0.6699678819327245,0,70.16173
653,2,0,30,2,0.35170969217023534,2,1,1,0.4832795531973303,0,2.859113
668,2,1,25,8,0.0,2,1,1,0.6755670666548654,0,0.38146552
652,1,1,48,4,0.23709351474138365,1,1,0,0.8197412852927454,1,52.787525
639,2,0,54,2,0.0,2,1,1,0.26918635729712187,0,31.719011
730,2,0,52,7,0.0,2,0,1,0.611994745498195,0,54.697735
780,1,1,34,1,0.0,1,1,1,0.3239932413545494,0,12.251349
592,1,0,38,8,0.47540421690735074,2,0,1,0.09680499487701075,0,5.7833705
628,1,1,34,4,0.632692859479321,2,1,1,0.630965057162959,0,0.90297043
658,1,0,40,7,0.5603747322269373,1,0,1,0.6773018823297624,1,14.003367
850,2,0,29,10,0.0,2,1,1,0.47406257297571913,0,2.0718753
515,0,1,37,2,0.360436861037882,1,1,1,0.9418622478446691,1,52.876602
571,1,0,35,1,0.41763494492923403,2,0,1,0.8925899423394933,0,1.7597867
760,0,1,42,0,0.31085517629887105,2,1,1,0.4895207492315516,0,9.923893
720,0,0,43,10,0.44170483721099674,1,0,0,0.36428658936928476,0,82.83574
632,0,1,42,4,0.4767856144301458,2,1,1,0.9799299833134063,0,4.293598
694,0,1,31,6,0.43464894451767255,2,1,1,0.0971960322210771,1,2.4712384
559,2,0,40,5,0.5545257040418283,1,0,1,0.16313537942873543,0,25.927713
773,0,0,42,8,0.6071176548215255,2,1,0,0.8586902049145693,0,2.8901799
581,1,1,38,1,0.0,2,1,0,0.23084524572096635,0,1.3713584
524,0,0,37,9,0.5080970524725796,2,1,0,0.8982013282268456,0,5.1884003
713,1,1,53,6,0.45847060852476,1,0,0,0.9576401546347676,1,78.40287
676,1,1,40,8,0.4543907847206011,1,1,1,0.3399668168310073,0,9.762316
651,0,0,42,1,0.46491689115688367,1,1,0,0.2236224559445427,1,55.818302
717,2,0,49,1,0.4418701633001671,2,1,1,0.6226660646091701,1,32.782825
594,1,1,23,5,0.622832919931754,1,1,0,0.804861164241185,0,8.741295
716,1,0,44,3,0.4365448935860772,1,1,0,0.13666330134527846,1,46.18114
668,1,0,35,6,0.40846369137365696,1,1,1,0.26994107937308015,0,3.1891904
678,0,1,23,10,0.46060019827173665,1,1,1,0.45815350365959945,0,12.256767
545,1,1,23,2,0.0,2,1,0,0.9480982433822429,0,0.513293
613,1,0,40,9,0.38112828997622106,2,1,1,0.30350273451114584,0,9.061364
687,2,0,21,8,0.0,2,1,1,0.77385270293313,0,0.7177548
715,1,1,28,7,0.6392101669646031,1,0,0,0.984301650807652,0,7.753007
618,0,1,41,8,0.15027133128036171,1,1,1,0.9789129861901812,0,49.988358
721,1,0,35,6,0.471401874761183,1,0,1,0.015378018600776373,0,6.026107
445,0,0,34,7,0.5224518448904893,2,1,1,0.35306581778559853,0,8.681011
690,1,1,38,1,0.3764715785600441,2,0,1,0.2751384757244317,0,7.393518
709,1,0,43,8,0.0,2,0,0,0.840200439141938,1,8.108321
671,2,0,42,3,0.0,2,1,1,0.6422500848831063,0,3.365906
538,1,1,33,6,0.3738226145922435,1,1,1,0.9962836950928813,0,5.8650537
735,1,0,33,4,0.0,2,1,0,0.7473869254513805,0,0.8272322
592,1,0,37,7,0.0,2,1,1,0.6336342620720279,0,4.6703796
747,1,1,61,7,0.6216592960113807,1,0,1,0.7377838583584733,0,21.220823
675,0,1,36,7,0.35635962792702014,1,1,1,0.7470119396402356,0,29.761806
632,2,0,39,5,0.390016400682843,2,1,0,0.4676686623572551,0,5.278989
621,1,1,39,6,0.0,2,1,1,0.29438976422248325,0,2.970224
521,2,1,29,3,0.24025938180717124,1,1,0,0.7713728161039379,0,39.981537
591,2,1,36,7,0.5389311652392412,1,1,1,0.6101148159649246,0,31.401426
706,0,0,28,6,0.49790474690341413,2,1,1,0.2514618146032946,0,7.261875
677,1,1,38,4,0.0,2,1,0,0.9390349278356083,0,1.2750896
769,0,1,27,7,0.7517557028831907,1,1,0,0.8567443690872477,0,13.3998
771,1,1,32,5,0.24839415875983756,1,1,1,0.20456458591795512,0,6.674777
601,0,0,48,8,0.4814014327490497,1,1,0,0.3196760290607753,1,91.48739
670,1,0,42,1,0.4621859815672571,2,0,1,0.14737552436257662,0,4.300538
517,1,1,28,2,0.4586029730238282,1,1,0,0.8953087519858146,0,7.226447
834,1,0,49,8,0.6401094962500512,2,1,0,0.6463735286719882,0,6.2883797
571,1,0,42,4,0.43374319828421176,3,1,0,0.2777611761923264,1,57.211952
576,0,0,36,8,0.6627704898032505,1,1,1,0.11648247407627427,0,30.52795
718,1,0,31,1,0.6084692394429946,1,0,1,0.08559347417678387,0,7.3531127
636,0,0,31,9,0.3222212253588699,2,1,1,0.3731872393813609,0,4.177631
566,0,0,40,2,0.3866165740839239,2,1,0,0.7724459185852249,0,5.1274495
711,1,1,64,4,0.0,2,1,1,0.015871965772731294,0,0.8354771
574,1,0,39,2,0.48834413207370375,2,1,0,0.4423024898877843,0,2.5069199
619,1,0,35,8,0.5272763535186737,1,1,0,0.32838811106460664,0,21.027426
588,1,0,24,0,0.0,2,1,1,0.7029396307347351,0,38.212605
760,0,0,49,9,0.36470181977072846,1,1,0,0.5861625785262492,1,88.80491
665,1,1,52,3,0.0,1,1,0,0.5806826051887954,1,54.36076
739,0,1,29,3,0.2366936312667825,2,1,1,0.527662291748862,0,1.7303629
641,1,1,77,9,0.0,3,1,1,0.40755132115116993,0,5.729956
685,0,0,21,6,0.390423458385036,1,1,1,0.8248522233873333,0,5.178217
594,1,0,49,4,0.0,2,1,1,0.11811112961287801,0,14.719757
557,2,0,40,4,0.0,2,0,1,0.5271600937889568,0,4.494154
697,1,1,27,8,0.5628726787039312,2,1,0,0.4529411058756111,0,1.0644543
656,1,1,18,10,0.6048780203946551,1,0,1,0.6350743496003869,0,4.137568
712,0,1,43,1,0.5649693865744455,2,0,1,0.45451180587746126,0,15.67225
689,2,1,38,5,0.2992256338021545,1,1,1,0.04320582615639793,1,42.949703
697,1,0,25,4,0.6603721455193222,2,1,0,0.07728938113589846,0,0.85355854
589,1,1,38,2,0.0,1,1,0,0.3995566576608066,0,13.956774
525,2,0,25,10,0.0,2,1,0,0.3467849679644406,0,3.1842675
680,1,1,44,3,0.0,2,1,0,0.4346590099354488,0,2.317418
617,1,0,28,0,0.0,2,1,1,0.037934872780350515,1,40.059765
680,1,1,32,5,0.37051541524289805,1,1,0,0.5847859470579441,0,17.759531
662,2,0,30,9,0.0,2,0,1,0.78944164167678,0,1.9147288
736,0,1,46,5,0.5213786601564007,1,1,1,0.3898870342117672,1,70.58209
657,0,1,57,8,0.4271637938734409,1,1,1,0.6318501916933067,1,67.41413
350,2,1,54,1,0.608523883143152,1,1,1,0.959901220566564,1,91.11177
617,1,1,30,3,0.5261330207814655,1,1,0,0.71471230502513,0,7.1546326
562,1,1,35,7,0.0,1,0,0,0.24431378196617773,0,9.185964
705,2,0,23,5,0.0,2,1,1,0.36563566820631366,0,2.3025875
516,1,0,33,7,0.5073992392688204,1,1,1,0.6001862177837983,0,6.580607
573,1,0,37,6,0.0,2,1,0,0.9700115861064731,0,1.7158799
538,2,0,31,0,0.0,2,0,0,0.8972960917767646,0,10.216558
699,1,1,39,9,0.0,1,1,0,0.40480035843423046,0,9.402269
504,0,1,32,8,0.6787266495332827,2,0,1,0.0782445223518846,0,1.12212
583,2,1,47,5,0.4087804335218335,1,1,0,0.4635268668157809,0,70.0644
712,2,1,53,2,0.4426538679509278,2,0,0,0.13266561956666859,0,36.75957
626,2,1,62,3,0.0,1,1,1,0.325026840063226,0,35.886032
631,1,0,34,4,0.49573569890468283,1,1,0,0.5344576907094627,0,12.017212
663,1,0,37,7,0.0,1,1,1,0.9260836909924898,0,9.632621
506,0,0,41,3,0.23015623594424336,1,1,0,0.02012132158621148,0,41.03961
570,0,0,50,5,0.5153237316394079,1,1,0,0.8890542046765466,1,91.28579
703,1,0,45,7,0.0,2,1,1,0.34413356475543416,0,3.4006894
698,0,0,40,8,0.6009495727926826,1,1,0,0.5736599845285224,0,37.37116
731,2,1,41,4,0.0,2,1,0,0.11144909338841859,0,4.4867387
625,1,1,34,6,0.0,2,0,0,0.9864523061952416,0,0.9776395
634,2,1,31,9,0.43297451965457373,1,1,1,0.8974576072014876,1,18.577469
616,1,1,59,5,0.6132414160665791,1,1,1,0.08844794677891737,0,24.457222
500,1,1,56,1,0.40006115630453787,1,1,0,0.5924526792308665,1,82.6328
446,1,1,32,8,0.0,2,0,0,0.6664704479277771,0,0.84815294
669,1,0,47,9,0.24390994766042265,1,1,0,0.2908210734125109,0,60.733097
581,0,1,31,6,0.46589322381848347,1,1,0,0.5356797574168333,0,27.362812
704,0,0,54,6,0.5327139397513948,3,1,0,0.7253680226461626,1,97.497284
748,1,1,44,2,0.3703157724317471,1,0,1,0.42745912234618405,0,29.900217
680,2,0,31,9,0.4775873343635259,2,1,1,0.5056868930982908,0,2.7173455
655,1,0,37,7,0.44580985052536676,2,1,0,0.052502764013963324,0,1.38451
690,0,1,32,0,0.4252065848727665,2,1,1,0.6895904058837619,0,52.76677
695,0,1,40,7,0.5540984389319186,1,0,1,0.9669500937339516,0,38.03815
700,0,0,40,4,0.592157038740311,1,1,0,0.9491675455005952,1,41.835835
773,1,1,52,4,0.0,1,0,1,0.7205780152004516,0,67.82316
749,1,1,42,1,0.5172487363295593,2,0,1,0.7177031906547076,0,2.3055053
611,1,0,46,5,0.0,1,1,0,0.38836488884688486,1,52.457787
606,2,0,46,8,0.0,2,1,1,0.9186195281649397,0,20.945541
554,1,1,24,10,0.0,1,0,0,0.4608892149200248,0,15.082306
567,1,0,37,7,0.0,2,1,1,0.14341029568323774,0,1.2992436
559,2,1,24,3,0.45731683330072387,1,1,0,0.42943821134918386,1,39.302166
594,0,1,41,2,0.4884279908228875,2,1,1,0.2102133753773485,0,3.9127383
513,1,0,37,6,0.0,2,1,0,0.5507063924604799,0,1.3203342
652,0,0,26,1,0.5257447356414711,1,1,1,0.8963766539704542,0,4.3206754
680,0,0,42,7,0.4213770220411005,1,1,1,0.45277654015958524,1,55.04411
784,2,1,33,10,0.0,2,1,0,0.8101318175885797,0,2.2402654
812,2,0,44,8,0.0,3,1,0,0.33460820508358546,1,99.084915
784,2,0,40,8,0.0,2,1,0,0.5444505950318256,0,5.73039
570,1,0,18,4,0.329884615701937,1,1,0,0.359035887927297,0,2.1533465
712,1,0,42,1,0.350114183810646,1,0,0,0.4611040854401595,0,36.331276
705,2,1,39,6,0.5311364865312447,1,1,1,0.39030887449751445,0,17.716309
681,2,0,32,3,0.0,2,1,1,0.29837009434400985,0,6.0295215
620,1,1,41,0,0.3902983478271995,1,1,0,0.4249842859993129,0,15.590405
711,1,1,52,5,0.0,1,1,1,0.7990631605318308,0,25.357767
613,1,0,24,7,0.5598046202743114,1,1,0,0.6450101984739542,0,47.9233
613,0,0,20,0,0.4677444535348994,1,0,0,0.5677848234506395,1,40.426846
682,2,1,36,5,0.0,2,1,1,0.7388052058971631,0,4.8507986
850,2,1,37,4,0.54685458147569,1,1,1,0.14428382910567958,0,12.170809
601,1,0,41,1,0.0,2,0,1,0.803054091665754,0,4.674666
595,2,1,35,8,0.0,1,1,0,0.5000688065710275,1,42.6806
675,2,1,36,3,0.2156181420113641,2,0,1,0.27236071044784776,0,2.5953689
591,2,1,31,8,0.0,1,1,1,0.7083964018563772,0,20.60807
602,1,1,23,7,0.45340512556313206,2,0,0,0.42037024535843176,0,1.3038125
554,2,0,34,8,0.0,1,0,1,0.5348983327907815,0,13.509586
541,1,1,37,9,0.47284903603690254,1,1,1,0.3677344186369798,0,18.524977
506,1,1,34,7,0.0,2,0,0,0.579207914355821,0,0.78586024
814,0,1,44,8,0.3805880706385609,2,0,0,0.5350611483396664,0,6.933357
683,1,1,30,8,0.4417312224258065,2,0,0,0.12464820390347277,0,1.1298622
485,0,1,51,7,0.5749130653007363,2,1,0,0.2555322033254176,0,33.588036
696,0,0,31,8,0.48634056959142263,2,1,0,0.16910144918839748,0,6.172398
608,1,0,30,8,0.0,2,1,0,0.6443829385706334,0,1.3647313
792,1,1,50,9,0.0,4,1,1,0.9735391229862451,1,93.61857
686,2,1,22,5,0.0,2,1,0,0.7948902620200229,0,7.9871335
790,0,1,42,1,0.34212942792828754,1,1,0,0.9909503857618402,0,53.595238
654,1,0,29,4,0.3865113919360646,1,0,1,0.7070299713622651,0,2.3769116
452,1,1,35,4,0.5905682263264739,1,1,1,0.0208224885476563,0,5.177155
719,2,1,38,0,0.0,1,1,0,0.6343850337707251,0,51.93392
707,1,0,40,5,0.0,2,1,0,0.20522579906381058,0,1.5143125
699,1,0,49,2,0.0,1,0,0,0.5287926496980461,0,75.79374
850,2,1,30,2,0.0,2,0,1,0.13964103571891115,0,1.218784
828,2,1,28,8,0.5371378076253989,1,1,0,0.39675934051701933,0,32.752888
850,0,1,30,5,0.49107811063846685,2,1,1,0.51089224020894,0,1.2449613
712,2,1,47,1,0.557545137151104,1,1,1,0.4785864550064531,0,60.011833
634,1,1,44,9,0.5976972961412341,1,1,0,0.28557692259610795,0,30.44324
730,0,1,45,6,0.6093349295724013,1,0,0,0.8124102351774594,0,73.02317
685,0,1,43,9,0.43280309547195045,2,0,1,0.9740776744179069,0,7.1897454
809,2,1,33,9,0.0,1,1,1,0.6202295819250738,0,6.8873577
707,2,0,35,3,0.22588645453618245,1,1,0,0.08988768427384815,1,39.86314
648,2,1,32,8,0.0,1,1,0,0.6682728200543152,0,30.00624
760,2,0,57,1,0.0,2,1,1,0.1254599314234509,0,32.175343
805,0,0,33,3,0.42114134866471087,2,0,1,0.16661246149007228,0,2.0443254
585,1,0,39,7,0.0,2,1,0,0.011949541181182804,0,1.8401552
595,2,0,30,5,0.40129257261384493,1,1,1,0.8918324700008851,0,18.139492
630,1,1,42,6,0.0,2,1,0,0.8135094401515344,0,1.0073183
627,0,1,29,5,0.5561683630194235,2,1,0,0.40301723814624296,0,1.353856
631,0,0,37,2,0.4854629224160296,2,0,1,0.11568624803668749,0,14.364894
776,0,1,38,5,0.4475191501059255,1,0,1,0.44945302276367394,0,28.338081
676,2,0,36,4,0.0,2,1,1,0.01581015987026761,0,5.0143843
758,2,0,40,5,0.3726605491496568,2,0,0,0.6160949870712653,0,2.6476686
637,1,1,33,0,0.5271303181303613,2,0,1,0.37291976383744646,0,11.094405
850,1,1,20,7,0.0,2,1,0,0.15640088628464016,0,0.27657396
601,2,0,44,4,0.0,2,1,0,0.2927766101662709,0,19.467398
735,1,1,49,5,0.48614670601916504,1,1,0,0.7440349553382347,0,40.46058
614,0,1,32,7,0.39642709117474756,2,1,1,0.25555180519739634,0,5.1548653
672,0,0,21,3,0.6611399871557413,2,1,1,0.8227065184725141,0,0.14610292
642,1,1,30,8,0.46829479650482797,1,0,0,0.3098607917056079,0,5.161859
633,0,0,29,0,0.5523252090121532,1,1,0,0.9668493841161829,0,41.67804
769,2,1,39,9,0.0,1,1,1,0.2385788342786736,0,8.995286
796,2,1,41,8,0.42856073555601804,1,1,0,0.09250298403497532,0,31.180614
715,1,1,23,7,0.5549062569587517,2,1,0,0.32526171249354313,0,0.94277275
695,1,0,42,7,0.48407554637024147,1,0,0,0.2318374404755654,0,35.13866
747,1,0,25,4,0.0,2,0,1,0.21016052032969146,0,0.19555134
584,0,0,54,1,0.3083099197765914,1,0,0,0.6909729879203464,1,97.52348
476,1,1,40,6,0.0,1,1,1,0.11363020168426084,0,12.709337
850,1,0,39,7,0.31590511510071684,1,0,1,0.9345850528725492,0,4.667015
529,1,1,30,2,0.463516043505951,1,1,0,0.3764053967153863,0,3.4278703
584,2,0,59,1,0.0,1,0,1,0.6513048496131381,1,70.597115
586,0,1,34,9,0.29617527180059444,1,1,0,0.07512392433477397,0,54.60225
674,0,1,34,2,0.6090038389690412,1,1,0,0.8785730037218553,1,17.506643
552,1,1,42,9,0.5328899474683129,2,1,0,0.5053389098658922,1,1.9589132
601,0,0,33,7,0.4560823081594603,2,1,1,0.7650758147403077,0,6.8998284
541,1,1,29,7,0.50819266898365,1,0,0,0.43085284644683564,0,5.4689093
744,0,0,41,2,0.3352493038109617,1,1,0,0.9877795829501717,0,40.77525
595,2,0,23,10,0.40305870801965854,2,0,0,0.1851737840963812,0,14.228751
724,0,1,33,5,0.41277647829044856,2,1,0,0.6054285184235094,0,1.3321354
533,2,0,52,7,0.0,1,0,1,0.9706047427529327,1,77.24769
618,1,1,37,2,0.6703048636201256,2,0,1,0.5063566070559739,0,4.700626
523,0,0,39,1,0.5735520346129379,1,1,1,0.5935575347445681,1,61.07934
642,0,0,30,5,0.5171569460732045,1,1,0,0.0028550226546635196,0,30.577835
584,1,1,35,9,0.0,2,1,0,0.9619400152714583,0,1.2621026
521,1,1,38,5,0.44098055907878775,1,0,1,0.6825457331175127,1,17.98543
662,1,0,36,4,0.665246993311109,2,1,0,0.6943640117631233,1,1.2043761
758,1,0,34,1,0.6143508306500063,1,1,1,0.3036155452845747,0,4.611464
717,1,1,38,7,0.38844082073323083,1,0,0,0.9459109844990196,0,7.865551
611,1,1,40,1,0.0,2,1,1,0.5127288656066654,0,3.524286
766,0,1,43,6,0.4467472829306911,2,1,1,0.18349242352644674,0,4.8901634
636,1,0,34,3,0.0,2,1,1,0.22374471762053275,0,1.6028771
814,1,0,48,7,0.0,2,1,1,0.6643562960262704,0,14.183685
760,2,1,28,1,0.5621348891097577,2,0,0,0.0813867724367677,0,1.4062927
607,0,1,39,2,0.3366652571966571,2,1,1,0.6097274289694665,0,6.7044787
725,2,0,36,4,0.472384066375316,1,0,0,0.655874235989537,1,23.241205
600,1,1,37,1,0.5686111839273069,1,0,1,0.44333388838634086,0,18.69725
656,0,1,27,4,0.4728101357806272,2,1,1,0.804195400660763,0,0.8040715
640,2,1,34,1,0.5481230247707346,1,0,0,0.12376071914867869,0,22.743034
439,1,1,28,7,0.4423159618313555,2,1,0,0.6926430474110277,0,1.5313011
549,1,0,38,8,0.42759751578818317,1,0,0,0.7872310305634187,0,20.87277
622,1,1,38,5,0.0,2,0,0,0.5264712280022742,0,0.9716214
715,1,1,34,4,0.49547786513639863,1,0,0,0.4889033902737711,0,6.589298
657,1,0,41,5,0.3820609794199709,1,1,1,0.34125408976557264,0,8.590973
703,1,1,36,2,0.0,2,1,0,0.543948797110124,0,1.2540982
802,1,1,33,8,0.0,2,1,0,0.7185416207247791,0,1.1344266
793,2,0,36,0,0.0,1,0,0,0.7449805956468842,0,17.956362
554,1,0,35,6,0.4691433880584743,2,0,0,0.47637334365431894,1,1.5951627
533,2,1,38,1,0.5392202467543695,2,0,1,0.7647967880932628,0,8.300494
658,1,1,36,8,0.6937496415377256,1,1,1,0.4746155257827122,0,5.8413124
713,0,1,40,3,0.4561487096215041,2,1,1,0.4365246881077142,0,3.4968953
711,2,1,37,2,0.0,2,1,0,0.4198764982055786,1,4.927169
669,1,1,25,1,0.6291340440256042,1,0,0,0.18767967340881053,1,1.0518783
439,1,0,43,8,0.0,1,0,1,0.5244386838943119,0,33.715088
763,2,0,37,6,0.0,2,1,1,0.7485398355542954,0,4.1874266
697,0,0,74,3,0.4307380737732998,2,1,1,0.0821788980847671,0,0.9276801
702,2,0,35,8,0.05684698516437491,2,1,0,0.27341401103805413,0,6.097122
686,2,1,41,7,0.40952770903915614,1,0,1,0.9746044747273364,0,24.473558
629,2,1,36,1,0.6447154300776065,2,1,1,0.7318705936416927,0,5.024479
823,1,1,38,1,0.0,2,1,0,0.7830353798787785,0,0.8181388
683,0,0,35,5,0.3814249442871407,1,0,1,0.9128630784239895,0,53.420525
555,1,1,37,9,0.49808721142516477,1,1,0,0.30094108987408297,0,12.281225
647,0,1,44,4,0.37449607527901074,1,1,0,0.18285721286382847,1,61.844093
714,1,0,51,4,0.3519710731954955,3,0,0,0.02925754409546111,1,95.3206
850,2,0,39,10,0.0,2,1,1,0.7151608478609707,0,8.895056
713,1,0,59,3,0.0,2,1,1,0.31347243661769697,0,10.294633
452,1,1,30,7,0.4501264636968739,1,1,1,0.49507607976561757,0,3.0037122
683,2,0,24,8,0.39285711581144367,1,1,0,0.9399669168405582,0,64.28306
577,1,0,26,1,0.7195372033322375,1,0,0,0.6172741496812945,0,6.2049427
552,1,1,33,5,0.5617084211362471,1,0,1,0.0545548099843535,0,4.883158
769,0,0,31,7,0.5935227326760439,2,1,0,0.2690539446517142,0,2.6965232
691,1,1,38,7,0.0,2,0,0,0.4080680705007328,0,2.3695946
818,1,0,49,2,0.0,1,0,1,0.9615281259360268,1,92.58325
739,1,1,41,5,0.0,2,0,0,0.719422054806234,0,0.6553713
639,1,0,50,6,0.4596899083608011,2,1,1,0.2656195166638414,0,8.361913
651,1,0,65,0,0.0,2,1,1,0.9523032449598936,0,4.907091
779,1,0,26,0,0.0,2,0,1,0.5595255346885627,0,4.3775363
850,0,0,33,7,0.5367841979187646,1,1,0,0.5658858921026958,0,22.694815
829,1,1,38,9,0.0,2,1,0,0.15260607388005554,0,1.0698254
579,0,1,31,2,0.3608934607672781,2,1,1,0.0939517223894882,0,1.5150617
510,1,1,32,9,0.4118197153274463,1,1,1,0.23060262255045352,0,2.2070224
531,1,1,29,3,0.4567216115515268,1,0,0,0.37790558998384344,0,4.4344406
628,0,0,36,3,0.3638389993323584,1,1,0,0.3154019208834444,0,39.932507
633,2,1,32,5,0.6510217754148707,2,1,1,0.3720536311217721,0,3.241686
714,2,1,45,8,0.6014405689576993,2,0,1,0.6994546479188761,0,10.165044
604,2,1,23,9,0.4965256212193565,1,1,1,0.03628181491332422,0,16.59379
630,2,1,35,1,0.0,2,0,0,0.9341624125103947,0,2.9940562
850,2,0,31,4,0.3638636707039101,1,1,1,0.8107648780458534,0,4.0438175
788,0,0,57,8,0.37352504357446487,1,1,1,0.9007805745448689,1,83.25483
798,1,0,37,4,0.44529266842964016,1,1,1,0.417372559079392,0,13.485765
770,0,1,45,4,0.4414767764872184,1,1,0,0.13077328884908507,1,69.64415
569,0,1,25,9,0.6913542068016542,2,1,1,0.22186858845019697,0,0.5146743
425,2,0,22,7,0.6761698743900363,2,0,1,0.6818322149765302,1,1.486464
547,2,0,31,9,0.0,2,0,0,0.4964606119884449,0,2.963869
725,0,1,45,8,0.4659942608570676,1,0,0,0.8673470816462971,1,60.27477
506,1,1,37,5,0.0,2,1,1,0.6377220524560095,0,1.5530045
632,1,0,36,7,0.0,2,1,1,0.2626004283409066,0,3.043106
620,1,1,22,0,0.0,1,1,0,0.16290490741865846,0,8.402312
663,0,1,32,8,0.5206403125667478,1,1,0,0.23577086611771422,1,13.373907
700,2,0,46,5,0.22551367369915012,2,0,1,0.2270844365636918,0,16.029388
696,0,1,38,6,0.5672268768566553,1,1,1,0.04003837366468497,0,37.896194
767,2,1,31,6,0.0,2,1,1,0.9783755348635794,0,0.8902494
561,1,1,56,7,0.6088487959394191,2,1,0,0.6658412378382135,1,75.80728
350,0,1,39,0,0.43736163954058005,2,0,0,0.6180116701144959,1,46.31409
706,1,1,54,9,0.4680964689687355,1,1,1,0.9312252820144323,0,27.93968
464,2,0,34,5,0.3029180891731779,1,1,1,0.7933622160916367,0,14.524921
501,1,0,34,3,0.42944754980000055,1,1,0,0.04619331146124454,0,9.619566
745,2,0,35,8,0.0,2,1,1,0.5829032672620236,0,3.366767
587,1,0,36,1,0.5380570653208241,2,1,0,0.2234038350662488,0,2.363282
667,1,0,48,2,0.0,2,1,1,0.7430550117536225,0,7.273404
737,1,1,36,9,0.0,1,0,1,0.9433866934292224,1,5.995611
485,2,0,30,7,0.0,1,1,0,0.535330074022069,0,41.183456
590,2,0,37,0,0.25645954498896345,1,0,1,0.30876823736666853,1,62.503094
518,0,0,35,8,0.5646341508618101,1,0,1,0.9639173541073173,0,29.53982
581,2,0,29,8,0.0,2,1,0,0.2336403626546335,0,6.565983
785,0,0,33,5,0.5445422083524033,2,1,1,0.8456115559035887,0,5.9788275
799,1,0,52,4,0.6425304393508935,1,1,1,0.4453916849059085,0,62.898575
698,2,1,38,10,0.3786833132129464,1,1,1,0.5261316455721521,0,34.56232
730,1,0,41,4,0.6677823653420399,1,1,0,0.6412373881705702,0,17.16142
740,0,0,36,4,0.4346170989185291,1,0,0,0.47276094867059804,1,20.78647
785,1,0,47,9,0.4863789517090386,1,1,1,0.16907574673381306,1,49.290966
527,2,0,29,2,0.11062646989460942,1,1,0,0.4873308400952291,1,35.87228
544,1,0,29,1,0.4725446495029118,1,1,1,0.8207072775450054,0,5.872803
705,1,1,61,4,0.0,2,1,1,0.956601955486749,0,2.9216242
684,1,1,34,9,0.0,2,1,1,0.32626110793580787,0,1.5489949
639,2,0,28,8,0.38996199612360544,1,1,1,0.8911410539706541,0,16.378702
565,0,0,38,2,0.6323335901042532,2,1,1,0.8972541877749325,0,8.2331085
481,1,1,44,9,0.6987022499852431,1,1,0,0.3274760239602882,1,43.34058
731,2,1,25,8,0.38641270644985787,1,1,0,0.4893784356406036,0,14.645145
607,1,1,45,7,0.49366497768077877,1,0,1,0.5652539317504822,0,38.206158
760,1,0,32,7,0.0,2,1,1,0.5298379495241795,0,0.9496709
559,1,0,70,9,0.0,1,1,1,0.6149846310322635,0,8.507893
715,1,0,33,3,0.3396910673971253,1,1,1,0.3404103591893025,0,7.1120934
656,1,1,36,8,0.38974421845937535,2,0,1,0.10734415136645549,0,1.354414
652,0,1,33,7,0.5107093083092025,1,1,0,0.7922064057117455,0,30.023375
624,2,1,33,6,0.0,2,0,0,0.3827371513979585,0,4.8589606
634,2,1,36,2,0.3427534661583116,1,1,0,0.07938808156178914,0,30.863556
850,2,0,50,10,0.0,2,1,1,0.16866740773743888,0,19.217588
659,0,0,39,1,0.4165121783111223,1,1,0,0.1032154070713753,0,36.27271
529,2,1,35,5,0.3817206021775615,1,1,1,0.5639034527797404,0,8.758486
572,2,1,31,5,0.3910304378961195,1,0,1,0.5999841484861804,0,6.779299
640,0,1,39,9,0.5245447663631079,4,0,1,0.034852578421239226,1,77.58093
770,2,1,55,9,0.2516057814549326,2,1,0,0.9260869413028944,1,40.23053
648,2,1,35,7,0.0,2,1,1,0.39216135140905956,0,4.078848
579,1,1,31,9,0.0,1,0,1,0.6952484962313901,0,2.7154233
589,0,0,36,9,0.5594126284500612,2,1,0,0.6816569982433321,0,8.7806425
530,2,0,36,2,0.0,2,1,1,0.07355812480091847,0,5.5849833
831,1,1,30,2,0.0,2,0,1,0.01709563263291644,0,1.4471704
790,0,1,24,7,0.42813506471890644,1,0,1,0.8022697667627258,0,7.278355
656,1,1,35,6,0.0,2,1,0,0.007369153754183524,0,0.867928
563,2,1,32,6,0.0,2,1,1,0.09855191170756807,0,2.0981452
667,2,1,39,7,0.6678293963895859,1,1,1,0.2058768612402484,0,15.582469
613,2,1,34,8,0.4675205777772163,1,1,0,0.6970590691411028,0,49.67338
429,1,1,60,7,0.0,2,1,1,0.8184776646169709,0,4.097838
665,1,0,23,9,0.5726344907607707,1,1,1,0.5757337325714605,0,2.045977
731,1,1,33,4,0.0,2,1,1,0.374703434177964,0,0.69309705
584,1,0,37,1,0.0,2,1,1,0.9018460262955111,0,4.268292
634,0,0,31,8,0.3060960727122315,1,0,0,0.9801443537857866,0,34.648087
488,1,1,34,3,0.0,2,1,1,0.6298990553597869,0,0.572677
535,2,0,49,7,0.45958799447217796,1,1,0,0.5571041534466541,0,84.9669
776,1,0,29,7,0.7101331062344876,2,1,1,0.5790899530905201,0,0.9524123
850,2,0,38,3,0.0,2,0,1,0.8968315474127779,0,1.994934
673,2,0,37,0,0.0,2,0,0,0.4117367208568418,0,6.5151067
850,0,0,45,5,0.5072130680628139,1,1,1,0.9637552886300641,1,56.68146
627,2,0,30,6,0.0,1,1,1,0.5670386021865088,0,16.400442
570,1,0,33,8,0.0,1,1,1,0.6232087164324193,0,3.8263042
796,2,1,67,5,0.0,2,0,1,0.27432339788449794,0,5.0375643
773,2,0,33,10,0.0,1,1,1,0.4940897355697469,0,8.685978
752,2,1,36,2,0.0,2,1,1,0.2278180566244076,0,5.899635
625,2,0,69,1,0.4287396528207928,1,1,1,0.9117114184404611,0,11.252462
535,0,1,20,9,0.5375664677240071,1,1,1,0.5941266390940334,0,2.71621
786,1,0,29,4,0.0,2,1,0,0.5168554096916255,0,0.8825529
620,1,0,67,3,0.0,2,1,1,0.21739651136683552,0,2.748588
605,2,0,48,6,0.0,2,1,1,0.20027617637484377,0,22.639803
670,2,0,32,3,0.0,2,1,0,0.2308426454726426,0,1.7297655
617,2,1,42,0,0.27941970383273945,1,1,1,0.6041534466541554,0,44.843624
595,1,1,41,9,0.0,2,1,0,0.029780394027629636,0,1.4034439
687,0,0,29,4,0.314626348889304,1,1,0,0.6106732192924423,1,57.665897
757,0,1,30,6,0.4190101646449362,2,1,1,0.314832816533979,0,1.3478265
746,2,1,31,2,0.45371517176555637,1,1,1,0.8741032768629404,0,16.819098
503,2,1,25,7,0.0,1,0,1,0.9642398349042333,0,2.5196598
543,0,1,48,1,0.4021573061795728,1,0,0,0.16651160185797742,1,92.68858
428,0,0,40,3,0.5151418649699566,2,1,0,0.3643590462889206,1,7.893051
768,1,0,28,3,0.4349098472610932,2,0,1,0.25452345699014256,0,0.79716843
618,1,1,56,7,0.0,1,1,1,0.7120114470931973,1,48.81816
591,1,0,31,7,0.0,2,0,1,0.24385768840924305,0,2.0265732
658,1,0,35,5,0.5037808777260919,1,0,0,0.7818246642554363,1,13.925108
625,1,1,36,9,0.4326304755847285,3,1,0,0.6690448437825811,1,51.510014
717,1,1,36,2,0.5901276091818795,1,1,0,0.8956710865887691,1,8.447262
667,1,1,44,8,0.4873607048981521,1,1,1,0.4590394882711299,0,19.253016
804,1,1,24,3,0.0,2,1,0,0.8660014531387746,0,2.2185755
693,1,1,31,1,0.0,2,0,1,0.9113835371277956,0,6.1880693
729,0,1,36,8,0.6094077479824578,2,1,0,0.8856783322807327,0,1.7102214
484,0,1,54,3,0.5356282704264509,1,0,0,0.2497399001604653,1,96.68333
632,2,0,40,3,0.4373912133009861,1,1,0,0.7094935566346585,0,43.09858
536,0,1,23,6,0.36814437288063856,2,1,0,0.6033082659393972,0,1.1004595
573,1,0,26,4,0.5145874964612127,1,0,0,0.749087037812111,1,6.3092337
655,2,0,56,5,0.0,2,1,1,0.20887554761479718,0,11.151847
666,0,1,74,7,0.4189051419243567,1,1,1,0.23082649393017032,0,1.6767933
726,0,1,30,5,0.4439066076589105,2,1,0,0.013463835796318548,0,1.0625547
523,1,1,39,3,0.0,2,1,0,0.03357795669486435,0,1.2952445
728,0,0,33,9,0.5994949582916316,2,1,0,0.853844042106021,0,4.495217
701,1,1,30,3,0.6243998110946162,2,1,0,0.22867603856168262,0,0.8096357
518,1,1,38,3,0.36252890566046164,1,0,1,0.8115425523137458,0,22.650003
739,1,1,37,7,0.4183390156537263,1,0,1,0.4043998201828275,0,4.200542
531,0,0,31,7,0.4665353171879468,1,1,0,0.59253913748763,1,47.494274
452,2,1,44,3,0.35439030245307973,1,1,0,0.3484640783194795,0,76.89379
684,1,1,45,6,0.5901654731608361,1,1,0,0.9179048099093463,0,34.564846
728,0,1,39,6,0.606552365544114,1,0,0,0.8060370765408096,0,38.333595
783,2,1,39,9,0.0,2,1,0,0.7187745929736289,0,1.7744044
734,1,1,22,5,0.5183627743041009,1,0,0,0.6094718545621106,1,3.405916
648,0,1,34,3,0.37879814071123463,2,1,1,0.7352916703545188,0,1.8433194
688,1,1,52,1,0.0,2,1,1,0.860192098345392,0,5.7334833
680,2,1,35,9,0.0,2,0,0,0.7188810531405748,0,1.5052128
516,1,0,43,2,0.4494802252181354,2,1,1,0.696841548367869,0,13.273295
680,1,0,37,10,0.4934524611167826,1,1,0,0.40886534664060414,1,46.81913
604,1,1,53,8,0.5757467105468999,1,1,0,0.955028105184045,1,72.22926
624,0,1,27,9,0.3773137133088578,2,0,1,0.022296829347202656,0,2.9422219
623,1,1,21,10,0.0,2,0,1,0.6792634696613525,0,2.8292608
624,2,1,51,5,0.6950918199496856,2,1,1,0.861887560262005,0,11.210532
565,0,0,58,3,0.43399389768172414,3,0,1,0.6793845312227318,1,96.84425
565,1,1,55,4,0.47351237309140143,2,1,1,0.6406267798574763,1,4.4695506
710,1,1,54,6,0.682100130774212,1,1,1,0.8351416060233753,1,27.053595
645,1,1,42,6,0.0,1,0,0,0.7490486841493362,0,10.262816
707,1,1,33,8,0.5447571163255966,1,1,0,0.2714211207170285,0,6.3702335
655,2,0,36,1,0.5401227247285941,1,1,0,0.4300529700586406,0,35.051086
705,2,0,24,5,0.7086535812209651,2,0,0,0.39941054370692397,0,31.710112
358,2,0,52,8,0.5721141998330876,3,1,0,0.7098054364191779,1,99.60956
578,0,1,34,8,0.5878371971663875,2,1,0,0.3333777875787138,0,3.365204
800,1,0,40,5,0.38965784873053444,1,1,0,0.4931899496401906,1,14.457792
612,1,0,33,9,0.0,1,0,0,0.7139977867886382,1,28.700851
681,0,0,48,8,0.5559236421449044,1,1,1,0.817928562177688,0,65.683136
559,2,1,25,5,0.0,2,1,1,0.8161261400463744,0,0.49162596
488,2,0,39,9,0.5602013949169562,1,0,0,0.06215023534747568,0,27.508429
717,1,0,36,5,0.0,2,1,1,0.7277696019969907,0,2.401738
666,1,0,41,10,0.5626271606930129,1,1,0,0.254508805590934,0,19.617548
582,2,1,26,4,0.26245062288038945,2,1,0,0.15070254209276984,0,1.7203367
733,2,0,30,0,0.3320841541679333,1,0,0,0.2888156818976212,0,15.897849
693,1,1,41,4,0.0,2,0,0,0.7819241237538185,0,2.6629856
694,1,0,33,4,0.5170690617852054,2,1,0,0.8906464567366182,0,1.3578988
622,1,0,35,5,0.0,2,1,0,0.2555305031630521,0,1.7769892
598,2,0,38,6,0.0,2,0,0,0.8689419839594681,0,7.187867
717,2,1,35,1,0.0,3,0,0,0.8738762551823699,1,56.90757
494,0,1,37,5,0.42689177107725296,2,1,0,0.8603397124425382,0,2.7421215
644,1,1,33,8,0.0,2,1,1,0.7764871045184816,0,2.8412647
554,1,0,30,9,0.0,2,1,1,0.20156284925210358,0,0.72211117
476,2,0,69,1,0.4197071807122964,1,0,1,0.6713079099053959,0,18.496927
667,1,1,28,6,0.6608185020459901,1,1,0,0.7354668370829414,0,4.4528346
748,2,0,40,4,0.0,2,1,0,0.661847656451191,0,10.367693
531,2,0,45,1,0.5041711158502642,2,1,1,0.8237282660494076,0,23.898842
719,2,0,47,9,0.4639078360461015,1,1,0,0.3152288043508155,1,80.859825
845,0,0,41,2,0.32576469593690416,2,0,0,0.9988439395962314,0,2.1388717
738,1,1,54,4,0.0,1,0,1,0.2785939057179961,1,49.93024
563,2,0,46,8,0.4231665534002272,1,1,0,0.8157475038866211,1,77.133286
695,2,1,28,0,0.3827086128874078,1,1,1,0.2899322385287795,0,30.238834
841,2,1,41,1,0.0,2,0,1,0.965503155551355,0,2.560446
626,0,1,36,2,0.7240834715003212,2,1,1,0.28762526821311435,0,6.093275
613,1,0,29,6,0.7401781336796945,2,1,1,0.3861899311384237,0,2.6979532
824,0,1,60,8,0.5350784854520018,3,0,0,0.7652459809911846,1,99.39993
705,1,0,49,7,0.0,1,1,0,0.3169983733446544,1,67.59517
584,1,0,44,5,0.38131717144598437,2,1,1,0.5328173840601778,0,6.074276
534,1,1,62,2,0.0,2,0,0,0.21377811581005984,1,89.76323
672,1,0,34,1,0.5665716705934271,2,1,1,0.8437893818859701,0,1.0258334
603,1,1,43,5,0.5094655363857095,1,1,1,0.09736814865819685,0,27.44584
633,0,1,43,3,0.5745930150365036,1,1,1,0.7932501553898397,0,71.60452
842,1,1,58,1,0.253062667794721,1,1,1,0.41584276298386497,0,63.19025
661,1,0,27,3,0.0,2,1,1,0.3844277628513523,0,0.8832632
601,1,1,74,2,0.0,2,0,1,0.2577396141331497,0,0.6642283
632,1,1,41,0,0.42301820631635745,1,0,1,0.5278444591458484,0,21.637735
684,0,1,29,8,0.5072567511374838,1,0,1,0.3974551069627149,0,13.332396
785,0,0,32,3,0.496189628227142,2,0,1,0.26288615562786244,1,4.3031564
687,1,1,39,7,0.0,2,1,0,0.13419616573382756,0,1.6054369
705,0,0,43,10,0.5840928482157837,1,0,1,0.050309654572011614,1,83.86397
639,1,1,43,6,0.39701745039191016,2,1,0,0.9365154372242548,0,1.6261137
729,0,1,46,5,0.46966252313837864,1,1,0,0.5200748171450373,1,72.13411
556,2,0,48,8,0.6716765759356718,1,1,1,0.7565651519720133,0,35.69289
570,1,1,32,9,0.4676701205656847,2,0,1,0.31402663954407645,0,0.36758974
841,1,1,74,9,0.43097789225896466,1,0,1,0.30412304375067817,0,0.81266034
705,0,1,35,4,0.5440301279296308,2,1,0,0.5833579106804699,0,1.886823
553,1,1,32,3,0.4636325848474973,1,1,0,0.386501460889515,0,8.134477
779,0,0,40,2,0.30080033690172775,1,1,1,0.26443740377206026,0,49.67998
696,1,1,28,4,0.6881153220417103,1,1,1,0.5823548648895969,0,4.937544
728,2,0,37,4,0.0,1,0,0,0.022641162230993057,0,36.539658
691,0,1,27,3,0.6391387036864251,2,1,0,0.7118486815490879,0,4.3453426
706,1,1,30,3,0.3922523682822775,1,1,1,0.5525972730395752,0,3.9853852
627,0,0,30,6,0.2304095658918727,1,1,0,0.9413244464846392,0,37.02417
716,0,0,18,3,0.5131318456828429,1,0,0,0.986646974786092,0,17.628826
501,0,1,24,4,0.5213527930802503,2,1,0,0.40118611327381765,0,1.437093
601,1,1,41,1,0.4941096203641886,1,0,1,0.864099571509079,0,14.386164
545,2,0,39,6,0.0,1,0,0,0.1920141373501169,1,70.419174
634,1,1,45,9,0.0,2,0,0,0.08806461017027124,0,2.8481863
451,2,0,23,9,0.0,2,0,1,0.240073577026606,0,2.4794915
655,1,0,59,7,0.0,1,1,0,0.4447770262060027,1,93.25024
458,1,0,39,9,0.0,2,1,0,0.5817131036013938,0,3.7733712
520,1,1,33,4,0.6229524505347969,2,1,1,0.8305344660415068,0,1.2076747
624,2,0,28,2,0.0,2,0,1,0.5217582279107654,0,5.645729
765,1,1,51,3,0.4917227548444072,1,1,1,0.5771438172345459,0,57.736885
667,0,0,37,5,0.367365690189192,3,1,0,0.8905588483700193,1,39.393894
665,2,1,41,8,0.0,2,1,0,0.6607668032297084,0,4.412528
709,0,1,34,4,0.5913763233510467,2,1,1,0.10755927191046745,0,1.448012
583,1,0,44,8,0.0,2,1,1,0.1371132943196075,0,4.850339
782,2,1,34,6,0.5875789648299037,1,0,1,0.2106802699657817,0,8.183621
668,2,0,24,7,0.6933584867066944,1,0,0,0.5322784825950878,1,38.56423
621,1,1,47,0,0.0,1,1,1,0.6691628550526575,1,67.34406
579,0,0,64,6,0.5787825248091766,1,1,1,0.8204390519294592,0,45.124004
547,1,0,38,5,0.6677610419433644,1,0,1,0.7960548232356189,0,22.948404
840,1,0,39,1,0.37851611385323825,1,1,0,0.4224205411616809,0,16.51611
667,0,0,27,3,0.42294662346771955,2,1,0,0.018317399311634258,0,2.9750555
723,1,1,34,5,0.0,2,0,1,0.06040801896581123,0,0.58263505
487,1,1,45,2,0.0,2,1,0,0.3873577426644244,0,5.282183
668,1,0,31,9,0.0,2,0,0,0.2064204631542312,0,0.49368417
520,0,1,34,8,0.47835700941366277,2,1,1,0.0016591584496319397,0,1.8801607
549,1,1,37,2,0.44855478971561724,2,0,0,0.23712689561853154,0,1.0994328
567,1,0,35,5,0.6620953152732252,2,1,0,0.6391390377781078,0,1.4708574
720,1,0,45,1,0.41005652932630937,2,1,1,0.17812486092421825,1,16.25085
492,1,0,49,8,0.0,1,1,1,0.91435487089017,1,54.591022
712,1,0,37,1,0.42599567019422113,2,0,0,0.8469570343967848,0,2.5212657
689,0,1,26,4,0.48118329637344,1,0,1,0.7453826840463263,0,11.2101
850,1,1,63,8,0.6768986164860802,1,0,0,0.9205663140829949,1,97.19845
747,1,1,41,5,0.0,2,1,1,0.11370380871373215,0,2.2829597
469,0,1,38,9,0.45277116298493947,1,0,0,0.059699251278497095,0,58.80683
539,2,1,38,6,0.0,1,1,1,0.764415451675635,1,27.889751
743,1,1,32,9,0.0,2,1,0,0.8762896856649809,0,0.4720822
707,1,1,47,3,0.0,2,1,0,0.871541782240204,0,3.9832036
581,2,0,50,4,0.0,2,1,1,0.40348923322177266,0,12.242642
737,2,1,38,6,0.5830366823438154,2,1,0,0.9926178950089733,0,2.9867435
445,0,0,38,6,0.4759447152427506,2,1,0,0.8788078261473969,0,16.889963
703,0,0,29,3,0.48659051170935586,1,0,1,0.4141020467454642,0,16.491243
588,0,0,35,1,0.4107668974283543,1,1,0,0.8993580386926951,1,61.84204
765,1,1,44,6,0.0,2,1,1,0.7995183039980318,0,1.4665419
626,1,1,33,8,0.0,2,1,0,0.6925296365802933,0,1.1448396
545,0,1,37,9,0.4403535315872672,1,1,1,0.6369762812348578,0,46.029247
744,1,1,31,9,0.4811446751149043,1,1,1,0.2947777012704713,0,2.5678763
658,2,0,31,2,0.14574427409949595,1,1,0,0.5182164896747639,1,39.309788
629,0,1,28,8,0.4328490503853577,1,1,1,0.5982377317033776,0,17.524387
719,1,0,42,4,0.0,1,1,0,0.14228498821637464,1,35.73127
686,2,0,36,5,0.0,2,1,1,0.7649108489860782,0,14.72538
743,1,1,36,4,0.0,2,1,1,0.9545883631886845,0,1.5133606
626,2,0,48,2,0.0,2,1,1,0.4789627409417599,0,23.955927
661,0,1,44,1,0.5625256852294094,1,1,0,0.9487466053008061,1,61.29943
710,0,1,45,9,0.431375822749388,1,1,1,0.9429025471932568,0,62.988865
654,1,1,40,6,0.0,1,0,0,0.9193943021558558,1,8.864956
569,2,0,34,6,0.5773473205794433,1,0,0,0.9828125585993462,0,64.10392
640,1,1,63,2,0.27274998386795213,2,1,1,0.5625120198979002,1,4.991319
562,1,1,45,6,0.5454614660478284,1,1,0,0.23428447416728296,0,35.24708
721,1,0,55,3,0.17545326869566844,1,1,0,0.3292955477248077,1,87.81139
456,0,1,32,9,0.5303373572911616,1,1,1,0.6258414678601806,0,9.762398
811,2,1,39,7,0.0,2,1,1,0.8876238180746261,0,3.2900915
534,1,1,24,1,0.0,1,1,1,0.8482897116674643,0,4.038297
423,1,0,36,5,0.38926406334938624,1,1,0,0.5918613727610986,1,11.551552
594,0,1,28,5,0.7374030627335585,1,1,0,0.08235556495645333,0,27.234617
725,2,0,32,0,0.0,2,1,1,0.692634196565772,0,36.566483
716,1,0,52,7,0.2629418581863258,2,1,0,0.07298907045622856,1,14.754601
595,0,0,41,9,0.5996981085029384,2,0,1,0.4077229375405351,0,10.575245
679,1,0,33,1,0.0,2,0,0,0.3480177356937587,0,2.2223825
667,2,1,39,9,0.0,2,1,0,0.34434398485055323,0,2.375506
661,1,0,37,5,0.5437473836488752,1,1,0,0.4054948747605396,0,12.610785
655,2,1,38,3,1.0,3,0,1,0.40525080145153863,1,95.11078
555,1,1,55,4,0.5850933739670956,1,1,1,0.37072635436684204,0,36.8684
531,2,1,70,1,0.0,2,0,0,0.4975055617811501,0,57.536705
611,0,0,40,7,0.5121079638350376,2,1,0,0.05049427220299538,0,5.8577604
600,1,0,38,9,0.0,2,1,1,0.29424945082255355,0,5.5508485
531,2,1,37,1,0.5715758537659654,2,0,1,0.4219947004938972,0,6.362465
601,1,0,43,2,0.0,1,1,0,0.248535185110178,1,51.508034
548,1,1,57,6,0.3035720598749875,1,1,1,0.6676935147306567,0,31.33238
759,1,1,40,4,0.0,2,1,0,0.6230795540974162,0,0.5075797
678,2,0,49,8,0.0,2,0,1,0.49044238724798217,0,12.480809
755,0,0,33,6,0.3609445572104595,2,1,1,0.21300089158514637,0,3.875624
594,1,1,61,3,0.24867156222671927,1,1,1,0.9622045405336208,0,26.494307
768,1,1,42,5,0.0,3,0,0,0.3034030749936619,0,7.468249
492,1,0,31,7,0.0,2,1,1,0.24728291551843198,0,1.4881417
637,0,0,55,1,0.4917462703681802,1,1,0,0.4071409319590021,1,91.0082
646,2,0,42,3,0.39791642096597873,1,0,1,0.11450083482972623,0,36.51788
593,0,1,74,5,0.6434260220952659,2,1,1,0.32763423906983113,0,1.3443532
596,2,1,41,5,0.0,2,0,1,0.705278704116243,0,3.687913
722,0,0,48,10,0.5512666915878077,1,1,1,0.017306902809218278,1,79.549446
642,1,1,25,7,0.0,2,1,0,0.5104097441305644,0,0.3419238
472,2,0,28,4,0.0,2,1,0,0.008951804897367698,0,10.020149
738,0,1,35,6,0.4055225769155915,1,0,0,0.42590997440255546,0,17.942514
732,2,1,33,8,0.0,1,1,0,0.599412843926595,0,28.094622
404,0,0,54,4,0.5000279994160179,1,1,0,0.41856037251557526,1,90.42926
701,1,1,44,7,0.0,2,1,0,0.11708218134831874,0,1.9154456
683,1,1,31,2,0.0,2,0,1,0.3866129215340065,0,4.4141183
460,1,0,27,7,0.0,2,1,0,0.7807670632545407,1,3.0614614
690,1,1,29,5,0.0,2,1,0,0.5428837954024609,0,2.059281
618,0,0,54,4,0.47210088366954095,1,1,1,0.6678723318076877,1,88.83321
671,1,1,30,2,0.0,1,0,1,0.5102801317525824,0,1.2091497
765,2,0,32,9,0.7098322271006527,1,0,0,0.23620245733467543,0,8.389541
651,0,0,25,2,0.4351373898462121,2,1,0,0.5728291551843201,0,5.2617407
704,1,1,32,7,0.5093110513515667,4,0,0,0.9223536847768962,1,24.635094
544,1,0,45,6,0.0,2,0,1,0.7570210455098461,0,30.291336
790,1,0,40,9,0.0,2,1,1,0.35301131258035146,0,3.1796708
710,0,1,34,9,0.535119099551535,2,1,0,0.7353856793323763,0,1.9410987
743,1,1,37,8,0.2755856371804186,2,0,1,0.528893509330141,0,0.7646674
702,1,1,34,4,0.3987864953455804,1,1,0,0.5474766340185487,0,10.427088
704,1,0,45,6,0.0,1,1,1,0.6887051213390879,0,28.02078
614,1,1,38,2,0.46333106800454327,1,1,0,0.5256969040543371,0,24.139837
609,2,0,43,6,0.3429819653071094,2,1,1,0.5663784891457134,1,23.368755
688,1,0,32,6,0.49086842390868746,1,1,0,0.8626806360007381,0,37.14914
713,1,1,44,1,0.25284732139650806,1,1,0,0.321849836659401,0,25.876389
736,0,1,57,9,0.3798171201701855,1,1,0,0.14212787321189171,1,94.661674
727,1,1,18,4,0.5322905008962007,1,1,1,0.2346715611340883,0,0.5723651
850,1,0,38,1,0.4259570489356854,2,1,0,0.14662115232004655,0,1.2053956
718,2,1,45,3,0.4195580763488475,2,1,1,0.9686571567584704,0,12.426846
643,1,0,51,2,0.41941144310823575,1,1,0,0.17479754316537227,1,79.02142
653,1,1,41,8,0.40960224129247064,1,1,0,0.2782879264969805,0,8.092749
674,1,1,18,7,0.0,2,1,1,0.2787343191274767,1,0.076275386
690,1,1,35,6,0.44914630478055856,1,1,0,0.8848381520435201,0,23.923756
819,1,1,38,9,0.48758545750587423,2,1,1,0.9075659725503785,0,2.3583791
634,2,1,34,1,0.0,2,1,0,0.3099495501820424,0,3.1982555
633,2,1,33,4,0.5494159401532313,2,1,0,0.4917347106648685,0,2.6845136
850,1,1,49,5,0.4881921181623982,1,0,1,0.29871157695559925,0,71.371475
665,1,1,33,2,0.40369422501382934,1,1,1,0.7992209756031701,0,2.880853
630,2,1,26,7,0.0,2,1,1,0.03322847331920198,0,1.3758985
836,2,1,57,4,0.40353858413190796,1,1,0,0.18566793128743794,1,98.77557
668,1,1,38,10,0.3466664891709619,1,0,1,0.1854335589048754,0,11.18773
753,1,1,57,7,0.0,1,1,0,0.7973936510936793,1,90.79778
745,1,0,55,9,0.43891760993477474,1,0,1,0.257707411057756,1,75.229904
693,1,1,36,8,0.7098970741467184,1,0,0,0.2935682857712911,1,16.86094
606,0,1,65,10,0.5034181009508681,3,0,0,0.03925424878075856,1,99.584236
660,1,0,35,6,0.40163227229031523,1,1,0,0.09594931315940672,0,13.452442
608,1,1,42,5,0.0,2,1,0,0.8925487884092931,0,1.2103516
744,1,0,44,3,0.0,2,1,1,0.9451130582970674,0,14.624554
731,1,0,40,7,0.47426343500661966,1,1,1,0.7802598148123145,0,14.537663
683,1,1,72,3,0.5619702405865267,1,0,1,0.2643493953672576,0,1.1342871
727,1,1,28,5,0.0,2,0,1,0.0982168797120125,0,0.8024833
561,0,1,32,6,0.6649097647574759,1,1,0,0.6972685891502639,0,27.553337
700,1,0,34,2,0.3041979713755494,1,1,0,0.6406847353922299,0,16.964293
605,1,1,35,6,0.0,2,1,1,0.22599653266886985,0,1.5183464
767,2,1,77,8,0.5942002189016267,1,1,1,0.9507670482531081,0,1.3193804
511,1,1,33,7,0.0,2,0,1,0.7915870465629467,0,0.79094684
667,1,1,40,9,0.0,1,1,1,0.48333925889922486,0,7.509498
787,1,1,33,1,0.5045427408395178,2,0,1,0.3107894303906023,0,2.0395794
705,0,0,56,2,0.5709476305698462,1,1,0,0.44212637306862806,1,97.23044
773,0,1,43,8,0.32620778420433577,2,1,1,0.17950154239729893,0,6.5404177
554,1,1,40,4,0.0,1,0,1,0.8439228946364378,0,9.572821
526,0,1,58,9,0.7584708596227259,2,1,1,0.9563522316381214,0,16.007956
661,0,1,35,2,0.467170475470738,1,1,1,0.415241905601985,0,18.584312
698,1,0,46,0,0.0,2,1,1,0.629812347079146,0,23.143465
646,1,1,26,4,0.5573903332624016,1,1,0,0.8235020944500199,0,2.6019514
757,0,0,34,9,0.4059869885816987,2,0,0,0.9350912012097155,0,1.5510076
699,2,1,35,2,0.66742500909433,2,1,1,0.27659096443710374,0,3.6507382
667,1,0,24,4,0.0,2,0,1,0.17163624126104043,0,0.6417398
774,2,0,43,1,0.4637742359856148,1,1,0,0.08497091472235598,0,73.96095
745,2,1,40,3,0.35260061166667317,1,0,0,0.5816547480284366,0,41.09551
649,1,0,42,7,0.0,2,0,1,0.1148231156075405,0,10.365777
634,0,0,46,5,0.4927991281240922,1,1,1,0.2485916405016679,1,77.52729
665,2,1,38,9,0.0,1,0,1,0.43704753803988283,0,11.227351
713,1,1,38,9,0.2881123566943057,2,1,1,0.13063902602698557,0,1.8711762
652,1,0,40,1,0.0,2,1,0,0.6327773302350375,0,2.0312037
739,2,1,40,1,0.43715601820643596,1,1,1,0.9666409142073067,0,30.00445
556,0,1,37,9,0.5779981824492966,2,1,0,0.4546256167463993,1,3.9311752
699,2,1,34,8,0.0,1,1,1,0.38253093170397773,0,8.213258
708,2,0,32,8,0.747266071256262,1,1,1,0.6005769550992119,0,9.678897
480,1,1,35,2,0.6603992481568912,1,1,1,0.9899595411361783,0,3.5201364
700,0,0,59,5,0.5486227894361413,1,1,0,0.7148956225319517,1,95.29582
525,2,0,47,6,0.4725424573778143,1,1,0,0.41259455277979046,1,84.20485
845,1,1,33,8,0.6551884472297099,1,1,0,0.753338893864364,0,11.659797
613,1,1,37,9,0.43159555339779593,1,1,1,0.5707638079436586,0,27.587393
850,1,0,34,2,0.0,2,1,1,0.8585573922309581,0,0.827281
798,2,0,58,9,0.0,2,0,0,0.5953567565702524,1,77.92237
773,0,1,47,2,0.4706272176085518,4,1,1,0.71504783706844,1,99.04326
614,2,1,35,2,0.5073126702558797,1,1,1,0.15646879276970949,0,23.296978
473,2,1,48,8,0.0,2,1,0,0.35567506696889556,0,26.8419
762,1,1,29,6,0.5635318307923349,1,1,0,0.270582390618304,0,5.342709
701,1,1,37,8,0.5185033493080797,1,1,1,0.6001558648850964,0,9.426257
600,1,1,35,4,0.572920941725782,2,1,0,0.5203743457500191,0,1.1680518
850,2,1,28,9,0.3882374313810042,1,1,1,0.8792942726030336,0,8.269849
613,2,1,30,9,0.44610722225904553,1,1,1,0.8790053950152239,0,15.9496975
509,1,1,31,3,0.0,2,1,0,0.07675398000509048,0,0.6087586
509,2,1,38,2,0.0,1,0,0,0.8423231418600475,0,36.29903
609,1,1,34,1,0.0,1,1,1,0.9059181151799997,0,12.064521
456,1,0,33,1,0.7504468447727124,1,0,0,0.2917896659130947,0,14.947009
728,1,0,46,2,0.43725131586294663,1,1,0,0.1013361276001858,1,65.70646
663,2,1,33,9,0.0,2,0,0,0.4575588968746515,0,1.4824969
673,0,0,34,1,0.5066710153114359,3,0,1,0.3834942236983632,0,14.290789
717,1,1,40,0,0.3915575443400147,1,1,0,0.554430748136447,0,13.986664
741,0,0,37,8,0.6809142309532926,2,0,0,0.5492103495883857,0,2.3793716
498,0,0,41,4,0.3489108267025867,2,1,1,0.06283415066138814,1,13.80205
850,1,0,26,4,0.24954737598839435,2,0,1,0.8968532494853259,0,0.1666672
493,1,1,36,9,0.0,2,1,1,0.32905617486469957,0,0.8515086
686,1,0,47,5,0.4516930758619964,1,1,0,0.6208558917376609,0,69.51843
666,2,1,35,2,0.41782896792877144,1,1,0,0.8751012721714923,0,23.250843
733,2,0,31,9,0.4076948134599192,1,1,1,0.5772055231274587,0,6.4069467
631,0,0,34,6,0.49911826750056176,2,0,1,0.6412384882756302,0,6.1470237
714,0,0,49,5,0.560031724434411,1,1,0,0.7095845653259886,0,87.59513
767,0,0,35,6,0.5271192777912339,1,1,0,0.5778301327776802,1,44.355946
711,0,1,43,2,0.15561413799523147,2,1,1,0.8771443172823004,0,7.8717375
722,1,1,34,8,0.0,2,1,1,0.6672432717324503,0,0.8346601
631,2,1,55,9,0.3973129488550511,1,1,0,0.5723716614936726,0,88.71144
701,0,1,38,3,0.4997466899807807,2,0,1,0.2601902481687001,0,4.195983
790,2,1,46,2,0.5235805900315942,2,1,1,0.9014815914919874,0,26.375877
633,2,1,58,6,0.3918264583042462,1,1,1,0.6601757967885933,0,52.893044
644,1,0,37,8,0.0,2,1,0,0.10479650806652034,0,2.680466
757,2,1,44,5,0.5614078608569719,2,1,0,0.7936933977194822,0,6.8744845
696,1,0,30,8,0.0,2,1,1,0.9807079576099517,0,1.3604145
746,1,1,35,2,0.6866294199369952,1,1,0,0.11182762953862094,0,6.7692833
649,2,1,36,8,0.0,2,1,0,0.8083600483846206,0,8.12232
565,2,1,38,0,0.4880378324123552,1,0,0,0.33667095207592324,0,37.675926
720,1,0,38,10,0.0,2,1,1,0.2811175467257123,1,15.48567
648,2,0,56,6,0.6279824210698456,2,1,0,0.7049655742123373,1,88.82165
632,0,1,41,3,0.504390846498672,1,0,0,0.8882495278299076,1,40.728386
622,1,0,30,2,0.6320686618220172,3,1,0,0.711722819529265,1,34.8939
835,1,1,28,2,0.6519364495760012,2,1,1,0.7728123035749913,0,1.9675827
493,1,0,31,3,0.0,1,1,1,0.8828778148313163,1,8.759244
785,0,0,33,6,0.5070243858771504,1,0,0,0.9598429149983823,0,35.869263
681,0,1,42,3,0.47110749228900073,2,1,0,0.04721100865132619,1,3.8987405
621,0,0,30,2,0.4026099999406134,2,1,1,0.8263075623722065,0,8.986694
756,2,1,38,6,0.4751285671405471,1,1,0,0.8488426144696819,1,33.40042
515,1,0,66,6,0.0,2,1,1,0.8033343684321852,0,2.2336876
625,1,0,58,10,0.2143210018059524,1,1,1,0.9603943176573362,1,74.84404
717,2,0,39,6,0.0,2,1,0,0.46636468782768753,0,8.428391
595,0,0,41,2,0.5535267725633145,1,0,1,0.5613440583575731,0,53.717285
539,2,0,37,1,0.521816686607698,2,0,0,0.010877288781078593,0,4.3476295
762,1,1,35,9,0.0,2,1,1,0.21534116508126522,0,0.7028139
706,2,1,20,8,0.0,2,1,1,0.061788550806602026,0,0.34588528
677,2,0,25,8,0.521591017293117,1,1,0,0.21201339727944016,0,26.704788
733,0,0,33,7,0.7463505999587323,1,0,1,0.9521870838665092,0,9.258373
684,2,0,41,7,0.0,1,1,1,0.6919800340932558,0,37.944344
679,1,1,36,6,0.5888193090668806,1,0,1,0.8625313717460017,0,7.9573793
478,2,1,43,1,0.0,2,1,1,0.9896187585914453,0,12.971234
696,1,1,33,2,0.6502212511860892,1,1,1,0.03512225417527373,0,7.550181
686,2,0,35,4,0.0,2,1,1,0.7984010973047925,0,10.799723
466,1,0,36,5,0.47644902358563196,1,0,1,0.40300053655124063,0,13.157026
686,1,0,41,4,0.5163600886718588,2,1,0,0.9380306819301242,0,4.3411064
576,1,1,55,9,0.0,2,1,1,0.4722420491156905,0,6.9745646
763,0,0,61,1,0.26346111283669,1,1,1,0.7199172020927997,0,81.91118
572,1,1,43,2,0.5597172142681518,1,1,0,0.13220757582349113,1,33.833237
757,1,0,49,2,0.0,2,0,0,0.822435242565665,0,11.752764
582,1,0,29,0,0.0,1,1,1,0.42004626441825194,0,13.44026
623,1,0,35,5,0.0,2,1,0,0.5059508183031479,0,1.1954862
617,0,0,37,4,0.4642180815326255,2,1,0,0.8766495200291626,1,8.223858
425,1,1,39,4,0.0,2,1,0,0.9861678790324475,0,0.73636466
659,1,0,56,9,0.49336860236759883,1,1,0,0.4975097621822884,1,94.646126
605,1,0,33,4,0.0,2,0,1,0.41848536535239117,0,1.5288018
538,1,0,38,8,0.3537649489479972,2,0,0,0.14108632374391752,1,2.574246
665,0,1,25,5,0.612247905115579,2,1,0,0.17656721216876212,0,0.4859882
491,0,0,57,4,0.44657462318664926,1,1,1,0.20611043354640368,1,84.58251
726,2,0,27,7,0.4935313377634721,1,0,1,0.39483270652347296,0,4.475145
580,1,0,65,9,0.4256878161168943,3,1,0,0.5394470671949171,1,98.52449
550,1,0,48,6,0.0,2,1,1,0.959385121279082,0,6.9205327
542,1,0,59,2,0.27458467300408707,2,1,0,0.03947116949668693,1,77.91475
732,1,0,43,6,0.0,2,1,0,0.3286311342733231,0,6.73255
473,1,0,33,5,0.5015081222818396,1,0,1,0.7285053222582757,0,10.487207
745,2,1,34,9,0.0,2,1,0,0.25019724383678643,0,1.1844276
732,1,1,36,7,0.0,2,1,1,0.3041223436838218,0,1.324565
848,0,0,40,5,0.5918563987473959,1,0,0,0.7942878544901038,0,36.240356
572,1,1,37,1,0.5302697202676993,1,0,0,0.5562106681188053,0,10.522302
702,1,1,45,9,0.2988846188506258,1,1,1,0.8550972117837253,0,12.594421
664,0,1,39,7,0.24019007079727075,1,1,0,0.8542002761263701,0,38.925354
630,0,1,50,3,0.515631306718995,4,1,1,0.23884160937369514,1,99.44252
618,0,1,44,5,0.6295617077037136,2,0,0,0.6964971654793032,0,7.064565
556,1,1,26,4,0.0,1,1,0,0.9758721957946983,0,2.1173482
619,1,0,30,7,0.28190397942048906,1,1,1,0.8047633048956174,0,10.8185005
644,1,1,48,8,0.0,2,0,1,0.22479126756605253,1,20.113737
658,2,1,50,2,0.0,2,1,0,0.26065564261386964,0,20.19392
598,2,1,27,8,0.3615871288617622,2,1,0,0.5464751883804903,0,5.706289
677,1,1,27,2,0.0,2,1,1,0.10041613974134528,0,0.9650345
689,2,0,45,0,0.23030952527378748,1,1,0,0.989056554900993,1,88.4256
591,1,1,33,9,0.5251762578184633,1,1,0,0.5939091183207996,0,17.828304
699,1,1,40,7,0.0,1,0,1,0.7643957497941053,1,11.161939
749,0,1,47,9,0.438515653905536,1,0,1,0.6782833260576385,1,89.723404
709,1,0,40,9,0.5243947054359801,1,1,1,0.5198446451636131,0,11.35843
607,0,1,61,2,0.655738351774619,2,1,1,0.17889298427999872,0,31.389042
650,0,0,25,2,0.4556868089350541,1,1,1,0.126579538345912,0,3.0572608
651,2,0,45,10,0.5417464915735309,1,1,0,0.09361524025544439,0,78.67842
676,1,0,61,8,0.0,2,1,1,0.5926123444788977,0,4.0130925
723,1,0,49,4,0.0,2,0,1,0.4498463103226358,0,31.696611
714,2,1,45,0,0.4969885581831253,1,0,1,0.9360022382137493,0,36.523113
759,2,0,35,7,0.5896275256619133,1,1,1,0.5339215895117984,0,8.841329
582,1,1,29,0,0.0,1,1,0,0.7125919025266912,0,9.11968
697,1,0,34,2,0.5044236088046745,1,1,0,0.36664926500480793,0,16.964293
610,0,1,57,6,0.42622129965198224,2,0,1,0.9330935604350215,0,52.535965
488,0,0,33,4,0.5580048457124565,1,1,0,0.6180701757017795,0,55.830757
599,0,1,46,9,0.49201139793451604,1,1,1,0.15679747415878215,1,81.4069
781,1,1,32,6,0.5863253482718821,1,1,1,0.20029597826592435,0,4.783059
645,1,1,19,9,0.5122192839331698,1,0,0,0.8798720777834282,0,3.947221
545,1,0,55,5,0.0,1,0,0,0.05012073653033864,1,97.13469
597,0,0,40,9,0.425495506960615,2,1,0,0.7558539840554772,0,7.8965745
561,2,0,28,3,0.0,2,1,0,0.9569722908537766,0,6.3691335
662,1,0,37,6,0.0,2,1,0,0.2561124087350342,0,1.4338789
649,0,0,50,5,0.6193483577336122,1,1,1,0.43674090875678623,1,61.35414
630,1,0,36,2,0.44007700497042446,1,1,1,0.24489023701763515,0,14.40902
672,2,1,33,2,0.0,2,1,1,0.9137193601988989,0,0.9800401
636,0,0,37,9,0.6261447426722141,1,1,1,0.7676917645635157,0,48.094635
593,0,0,38,5,0.3412803979496218,1,1,1,0.62540007570723,0,47.574066
545,0,1,45,6,0.3738427024295004,2,1,1,0.8116259102744312,0,28.685438
567,2,0,41,1,0.0,2,1,0,0.017017325154552256,0,4.751242
583,1,1,51,6,0.4992785317735979,2,1,0,0.8254321787730727,0,9.121364
681,1,0,29,2,0.5904542358214047,1,1,1,0.26007388705621387,0,9.281285
762,2,1,29,10,0.4605269414366607,2,1,0,0.741295043676671,0,1.7413996
648,2,1,35,7,0.0,2,0,0,0.6144958343521806,0,7.251933
644,1,1,30,5,0.17907222809069612,1,1,1,0.05380453833341083,0,4.03795
706,2,1,29,2,0.0,2,1,1,0.09122836230860046,0,3.046238
850,1,1,35,3,0.6474435496898363,1,1,0,0.917863655979146,0,12.596731
484,2,0,39,5,0.0,2,1,1,0.8761463719785239,0,4.330575
508,0,1,28,0,0.38347769008524546,2,1,0,0.7395805299406093,0,23.661005
439,1,0,29,6,0.6240359581852537,1,1,0,0.9030216385664831,0,21.906797
484,2,1,36,8,0.0,2,1,0,0.9307133831280887,0,2.0008032
803,2,0,37,1,0.0,2,0,0,0.03722165466802079,0,6.3951173
724,0,0,48,6,0.44027138668134147,2,1,1,0.4027411117761746,1,22.436977
640,1,1,33,7,0.6160898235614309,1,1,0,0.12856577803180202,1,8.199469
701,2,0,35,9,0.0,2,0,0,0.855008053269087,0,3.0594378
537,1,1,37,3,0.0,2,1,1,0.10296853349494875,0,1.1313168
651,0,1,26,5,0.586043998979825,1,0,0,0.7088260928918712,0,13.854168
523,0,1,41,0,0.4753974412479585,1,0,0,0.6114223908383251,1,69.289986
717,1,0,25,7,0.43310353618076575,2,1,0,0.9500920837940023,0,0.7178218
593,2,1,44,5,0.0,1,1,0,0.6402381427426319,0,68.54784
706,0,1,38,5,0.6498049467016669,2,1,1,0.6783177293431523,0,2.765024
714,0,0,49,4,0.3709049359443111,1,1,0,0.03780326021135018,1,87.84952
794,2,1,38,9,0.7157539939821782,1,1,0,0.1179345627507427,0,18.232042
518,0,1,46,4,0.4528768234146382,1,0,0,0.46362347604196197,1,83.5727
589,0,1,55,7,0.4781283109807652,1,1,0,0.3257573598278636,1,96.398766
824,1,1,45,3,0.5149878980744732,1,0,0,0.30072966968345477,0,41.3033
719,0,0,42,5,0.5469433426137282,3,1,0,0.7455001952686481,1,49.55664
617,0,0,58,3,0.47439480308518894,2,1,0,0.1759551037124045,1,85.791214
651,1,1,35,7,0.29742554038573993,3,1,0,0.6472603633647013,1,16.867868
637,2,0,45,2,0.6294565654126743,1,1,1,0.7256838528079431,1,52.63223
554,1,0,26,7,0.3691014945550204,2,1,0,0.9635825721356389,0,0.40659046
731,0,1,35,2,0.5096209779835311,2,1,0,0.6954270132797682,0,2.3050532
569,2,0,42,1,0.0,1,1,1,0.4181300314180004,1,15.26705
625,0,0,37,4,0.5688038916517858,1,1,0,0.17808615722801527,0,41.784214
592,1,0,38,4,0.0,2,1,0,0.17665377043507652,0,2.1899762
669,1,1,43,1,0.6503032765215552,1,0,1,0.07796354551859701,0,10.463152
663,0,1,32,3,0.4327926928419424,1,1,1,0.9118052273992165,0,4.9145384
518,0,0,41,5,0.4409160308872818,1,1,0,0.44662310250628934,0,50.94597
686,0,0,43,5,0.617167870827554,2,1,1,0.7595326353666775,0,14.959013
709,0,1,45,4,0.4899109036661061,1,1,1,0.0,1,60.546978
571,1,0,33,9,0.0,2,0,1,0.3875772136239011,0,0.6320088
707,1,0,31,2,0.32996636203966323,2,0,0,0.4571042034514296,0,1.7230315
701,0,1,32,5,0.40853375966313654,1,0,0,0.531431701727515,0,32.867283
672,1,1,34,9,0.0,2,1,0,0.8090232117167189,0,0.8708672
620,0,1,39,9,0.6356875415034049,1,1,0,0.4028922762123783,1,58.981007
557,2,1,48,10,0.0,2,1,1,0.9255028855255677,0,5.8594065
648,2,0,54,7,0.47127110453491305,1,1,0,0.8629589625809265,1,92.80279
479,1,0,35,2,0.45074237113562726,1,1,0,0.9782844761674739,0,14.339752
730,1,0,22,9,0.2621126769039972,1,1,1,0.7289717668037298,0,3.5520475
737,0,0,43,1,0.5003520752190661,1,1,0,0.6925582893166298,1,70.66749
616,1,1,31,3,0.37570596890554253,2,1,0,0.8444980495637333,0,1.5844662
639,2,1,29,4,0.5318277632165316,2,1,0,0.489906086031216,0,2.2571976
815,2,0,39,6,0.0,1,1,1,0.42582216601685463,0,29.288355
786,2,1,31,9,0.0,2,1,1,0.09100259074741637,0,0.8718919
549,1,1,50,9,0.3776384268210252,2,0,1,0.06798949299658116,0,6.9630013
622,1,0,38,4,0.3931506214335869,1,1,1,0.5522847931977504,0,17.352686
624,1,1,26,9,0.2976583042142728,2,0,0,0.1561137588639715,0,0.76810664
841,1,1,34,4,0.0,2,1,0,0.7079230066471348,0,0.82101244
614,2,0,41,7,0.7170873640369284,1,0,0,0.07328084832101465,1,66.71272
676,1,1,30,1,0.5109932482945566,1,1,1,0.27696940057775515,0,4.5651712
697,1,1,42,9,0.5290564786682913,2,0,0,0.8733637562387208,0,1.8421326
732,1,0,40,10,0.0,2,1,0,0.7709611267876081,0,4.511939
623,1,1,27,4,0.4803137799893176,1,0,0,0.7108621873388908,0,4.859713
541,1,1,46,4,0.4964052536230946,2,1,0,0.47248252208085867,0,3.6369522
773,2,0,39,4,0.0,2,0,1,0.9104362966663316,0,3.8573823
762,0,1,34,4,0.3539905784057583,2,1,0,0.34278613607599523,1,2.4514985
655,2,0,35,1,0.32774864886376776,2,1,0,0.44397459957425933,0,6.315984
602,0,1,32,7,0.7362186774717975,2,1,0,0.5689063805593434,0,2.4046187
850,1,1,31,3,0.0,2,1,0,0.6093346414582592,0,0.61381066
649,2,1,51,4,0.0,1,1,1,0.7519667628258498,0,29.74985
850,0,1,28,4,0.5897700935068897,1,1,0,0.3035146856524798,1,31.181973
543,1,1,43,9,0.0,2,1,1,0.39427010279481695,0,11.181315
672,1,1,52,8,0.6776011726514141,1,0,0,0.2820061315855664,1,64.62173
600,1,0,27,3,0.0,2,0,1,0.6284969714607744,0,1.6934739
671,2,0,34,10,0.0,1,1,0,0.11613009042363545,0,21.56516
706,2,0,42,8,0.3801815310750274,1,1,1,0.378639510073212,0,22.468817
541,0,1,51,7,0.3601991549636747,2,1,0,0.8993369366774526,0,26.909342
711,0,1,34,4,0.5319600878587797,2,1,1,0.21484581777559755,0,1.448012
630,2,1,30,3,0.0,2,0,1,0.05238055234274873,0,2.644484
531,1,1,31,3,0.383774384252985,1,1,0,0.28394286654375495,0,5.711822
641,1,0,26,4,0.36488057760822334,2,0,1,0.14074224088400442,0,0.49251458
631,0,1,37,8,0.5511904853480551,2,0,0,0.7621294333608859,1,1.8724111
685,1,1,35,9,0.0,1,1,0,0.8351910107415257,0,10.525037
702,2,1,32,8,0.2856448209709369,1,1,1,0.630413204461026,0,7.9708843
708,0,0,43,0,0.4742755913367057,1,1,0,0.9075276188876037,1,83.65834
653,2,1,55,7,0.0,2,1,1,0.20979728564077868,0,6.613923
654,0,1,37,2,0.5803554343518519,2,0,0,0.931534011498098,0,1.9950356
596,1,0,33,1,0.5506730242545889,1,1,0,0.4270455828531624,0,18.757143
549,0,0,31,9,0.5381476200157602,2,1,1,0.11666914190305173,0,1.9729601
754,1,1,38,2,0.0,2,1,0,0.9035199861586781,0,0.7829108
815,0,0,25,8,0.5387114345908334,1,1,1,0.6803623246019994,0,2.292316
556,1,0,52,9,0.0,1,1,0,0.8757717362008072,1,88.37893
706,1,1,32,6,0.3765930222904447,1,1,1,0.7347609696726036,0,5.1457763
850,1,1,46,9,0.46887718435799974,1,1,0,0.4445879581500033,0,36.891457
732,2,0,33,8,0.44392346709375113,1,1,1,0.22545673111782175,0,11.225152
614,1,1,40,6,0.0,1,1,1,0.10165075764735532,1,34.31202
580,2,0,57,0,0.5453249564394851,1,0,1,0.5426376218928908,0,54.42366
593,1,0,46,7,0.39359610111021576,1,1,0,0.7278135061898411,0,51.790237
653,0,0,25,2,0.6307996206746732,3,1,1,0.9968234966439293,0,8.163699
746,1,0,29,4,0.42088670344202306,1,1,1,0.21549352963207982,0,3.5563323
662,1,0,29,10,0.0,2,1,0,0.6875493109591966,0,2.4364774
573,1,1,31,2,0.0,2,1,1,0.4597729583175193,0,0.5751533
684,2,0,39,4,0.5568950325608298,1,1,1,0.6030602422531351,0,49.91902
793,1,0,41,3,0.5651954544572261,1,1,0,0.5145970940224791,0,17.683752
798,0,0,49,5,0.5283885182226777,1,1,1,0.15838887613767114,1,78.398735
524,1,1,40,2,0.7194829582002797,1,1,0,0.9000401538346912,0,15.675611
816,1,1,31,8,0.0,2,1,1,0.14199266029905855,0,0.9925096
742,0,0,41,4,0.369894087276631,1,0,1,0.36869706056928436,1,38.877506
540,1,1,22,4,0.0,3,1,1,0.9311973293449525,1,2.5333254
537,0,1,39,3,0.5393000799647378,1,1,0,0.15860154644768573,1,35.569958
759,2,0,74,6,0.5138255137773269,1,1,1,0.24118833348584787,0,6.405775
774,1,0,52,2,0.22551359398551024,1,1,0,0.5663275842842991,1,88.57324
608,0,1,42,8,0.523681746640638,2,1,0,0.35586653525411677,0,3.7401013
704,2,1,37,4,0.0,2,0,0,0.12837901019547365,0,4.816673
581,1,1,41,8,0.0,2,0,0,0.14864199531055214,0,1.1793932
628,0,0,61,1,0.38805261530687624,1,1,1,0.7496255892437728,1,81.9064
566,1,0,42,6,0.0,1,1,0,0.9035389879733514,1,36.244926
701,2,1,59,7,0.0,2,0,1,0.13794322357785166,0,7.7578716
735,2,1,29,10,0.0,2,1,1,0.47511382337013186,0,4.040421
680,1,0,34,1,0.0,2,1,0,0.8351972113336823,0,3.671956
560,1,1,57,0,0.0,2,0,1,0.5839064130624475,0,18.652584
663,0,0,29,4,0.4093879311715765,2,0,0,0.10580625449730449,0,2.8052626
665,1,0,34,5,0.27029587989290793,1,1,1,0.14816414967629407,0,3.2065363
758,1,1,51,8,0.32567190926005063,1,1,1,0.5825980881174152,0,26.209051
621,1,1,26,2,0.29987290855821186,1,0,1,0.22106521172771998,0,3.6100597
764,0,1,28,10,0.49431695554159066,1,1,0,0.8309628569528389,0,26.128588
537,0,0,46,5,0.40146778319436394,1,0,1,0.7042981604743253,1,88.82269
589,1,0,46,10,0.42741995365528695,2,1,0,0.18508117525223655,0,12.160186
555,1,1,24,5,0.0,2,1,0,0.13752258340671533,0,0.84691757
734,1,0,29,0,0.5579741958179116,1,1,0,0.08867416838308058,0,11.924721
783,2,0,59,9,0.5030921917341021,1,1,1,0.022062356955089207,0,60.024178
678,0,0,51,1,0.5809172560859273,1,0,0,0.5485866900288977,1,91.57002
661,1,1,47,5,0.0,1,0,1,0.5362098580414429,1,33.302025
607,2,0,25,4,0.48293269191487276,1,0,1,0.5764383498624118,0,15.379089
537,2,0,38,1,0.0,2,0,1,0.20613163557119704,0,11.138992
513,2,1,88,10,0.0,2,1,1,0.2647285815795408,0,1.0995599
576,1,1,63,9,0.28161027451424603,1,0,0,0.3947587994653489,1,98.27133
660,0,1,41,1,0.5177449138811699,1,1,0,0.1300825228809351,1,40.76795
637,1,1,40,8,0.5000867483686305,1,1,1,0.8727062934510246,0,12.931267
672,1,0,53,9,0.6751997593923493,4,1,1,0.7365697924151756,1,94.628975
629,1,1,32,2,0.0,2,0,1,0.38980652652328296,0,2.0313804
583,0,1,40,4,0.4266325821770904,1,1,1,0.028122935740363203,0,28.05159
763,2,0,32,10,0.37925266788599316,1,0,1,0.40653142375096823,0,4.394627
516,0,1,32,3,0.5785858712595222,2,0,0,0.5571025532938395,0,2.6969585
617,1,0,27,4,0.0,2,0,0,0.9513790066951393,0,1.4461093
700,1,1,38,9,0.2629060667620069,1,1,1,0.5047427029281296,0,11.091393
727,0,1,36,6,0.559664722836272,1,1,1,0.5651647232310685,1,31.58277
689,2,0,31,3,0.5571968682583436,1,0,1,0.603317566827632,0,40.277077
626,0,1,49,9,0.6846917009212785,2,1,0,0.9359926372968619,0,19.61724
686,1,1,38,6,0.5948190757450565,1,1,1,0.48911496047872566,0,21.573889
351,0,0,57,4,0.6502499082396364,1,1,0,0.8481315465626967,1,99.41244
739,1,0,37,8,0.0,2,1,0,0.9578190717213494,1,0.9731053
627,1,1,32,10,0.0,2,1,0,0.5164295190190663,0,3.1277425
451,0,0,38,9,0.24504957371337505,1,1,1,0.8377154018208739,0,50.112873
512,1,0,41,8,0.5785228576271745,1,1,0,0.3243196725287265,1,14.275906
774,1,0,41,5,0.5048678130630648,1,1,0,0.5121213075848743,0,15.418361
652,1,0,40,8,0.3363548921396732,2,0,1,0.5393746102752812,0,2.9977963
638,0,1,37,2,0.3576307017721817,2,1,1,0.18643430447607742,0,5.0748453
475,1,0,57,1,0.0,2,1,0,0.4462296649330011,0,48.23715
567,2,1,40,4,0.4728166722990997,1,0,0,0.45985416607285995,0,31.348906
750,1,1,37,3,0.0,2,1,0,0.08430115075989757,0,0.63615686
850,1,1,39,6,0.3860656332616961,1,1,1,0.6084061527875911,0,10.478185
753,1,0,38,6,0.5670168712723163,1,0,1,0.16861035228864354,0,8.0023
683,2,0,36,7,0.0,2,1,0,0.5239250848456027,0,16.353144
710,1,0,32,3,0.0,1,1,0,0.4739390611803427,0,13.797754
645,2,0,21,1,0.0,2,0,0,0.1435861624785167,0,2.4131157
714,1,1,28,6,0.4891403119091102,1,1,1,0.3352604673746343,0,4.2356086
696,0,0,35,4,0.6971047886414761,1,1,0,0.34537433324882527,0,44.65404
612,2,0,26,4,0.0,2,1,1,0.8989316479723812,0,3.0389695
520,0,0,31,3,0.43409724641586556,1,1,1,0.9178917086581768,1,32.207996
782,2,1,23,10,0.3908067215657162,1,1,1,0.7129467864181029,0,7.106506
666,1,1,46,5,0.4937191430990966,1,1,1,0.8892473231193578,0,19.031462
466,0,0,56,2,0.44607804706683907,3,1,0,0.98820702377077,1,99.537125
567,1,0,45,4,0.0,2,0,1,0.6052658528889509,0,9.148002
613,1,1,20,3,0.0,2,1,1,0.7480823918684233,0,0.26550916
718,1,1,37,8,0.0,2,1,1,0.0006562126683098235,0,1.4108863
614,1,0,37,8,0.2995253570882106,4,0,1,0.6588383690642456,1,88.82843
711,1,1,38,10,0.0,2,0,0,0.2665264532762879,0,5.5465403
691,0,0,38,5,0.4573719951395406,1,1,0,0.5383186094272003,0,69.51715
527,1,1,32,0,0.0,1,1,0,0.5476137971176247,0,7.587653
476,1,0,32,6,0.4458859371946594,1,0,0,0.5606599430245588,0,18.797138
619,2,0,45,0,0.0,2,0,0,0.5682233653313891,0,32.152275
607,0,0,37,4,0.5417620357333132,1,0,0,0.904480477885638,0,56.611557
695,2,1,44,8,0.0,2,1,1,0.35484663785391507,0,5.140335
653,1,1,33,1,0.0,2,0,0,0.2668651856252272,0,0.8028136
677,1,1,46,2,0.2273342933778412,1,1,1,0.7926728502571996,0,19.42342
655,1,0,50,10,0.0,4,1,0,0.8963674030869948,1,97.029755
625,1,0,52,2,0.3167380030673012,1,1,1,0.42301264770785607,0,65.32614
679,0,0,34,7,0.48252200724206395,1,1,0,0.2848922072057882,0,48.20197
734,1,1,51,1,0.47245265996245733,1,1,1,0.5845601754967599,0,46.967827
666,1,1,39,10,0.0,2,1,0,0.5149879313474437,0,3.3546348
592,0,0,26,4,0.4188237144411901,2,1,0,0.6640133632761929,0,3.4792554
564,1,1,40,4,0.0,1,1,0,0.4272610034258271,1,12.378506
814,1,0,36,6,0.0,2,1,1,0.4932742576916095,0,3.3116844
592,0,1,36,2,0.4173114669784852,2,1,0,0.5397372449068886,0,3.8971982
758,1,0,50,2,0.3818831781461549,3,1,1,0.3396949908716282,1,95.97528
612,2,0,62,0,0.665714952234192,2,1,1,0.9644944592208554,0,27.332544
498,0,1,61,7,0.40834611375479185,1,1,0,0.9362693137194601,1,92.60243
638,0,1,25,4,0.5900620845698746,2,1,1,0.5736089796575573,0,0.6779701
558,1,1,35,1,0.0,2,0,0,0.5584332803782761,0,1.0240996
756,1,0,24,1,0.0,2,1,0,0.9209412998941399,0,2.6960585
782,2,1,52,4,0.0,1,1,1,0.26376638969021543,1,80.25546
505,1,1,34,10,0.41649894584689745,1,0,1,0.6322581806562526,0,2.2381437
671,2,0,29,6,0.0,2,0,0,0.06019119825943377,0,1.7295111
801,1,1,42,6,0.0,2,1,1,0.4790094954068113,0,1.7012218
604,1,1,26,8,0.5960289295147684,2,0,1,0.9895942062466965,0,0.6148002
716,1,0,29,10,0.3505263431857931,1,1,1,0.9126879617003423,0,6.169504
624,1,0,45,3,0.273575498322845,1,1,0,0.8400338732348939,1,52.907837
607,0,1,47,4,0.5931743840696436,1,1,1,0.39723308575969,0,87.191925
827,1,0,60,2,0.0,2,0,1,0.3030501912932685,0,31.907066
606,1,1,61,5,0.43111563742872655,2,0,1,0.0431622719969757,0,6.6969504
717,0,0,35,5,0.4113810113102097,1,1,0,0.860887814786312,0,44.48402
651,0,1,40,1,0.5371113426969493,2,0,0,0.8721956946888427,1,4.6127715
691,1,1,58,3,0.0,1,0,1,0.9746866825781861,1,48.421772
573,1,0,33,0,0.3592081549923318,1,1,0,0.6873912958687554,0,27.699318
723,2,1,38,6,0.0,2,1,1,0.4720651822249025,0,3.1553276
584,0,0,46,6,0.3481932445161301,2,1,0,0.6018839299153068,1,12.590798
550,0,0,45,8,0.44343737331758887,1,0,0,0.488105814105247,1,79.118126
611,1,0,61,3,0.5244503455566362,4,0,1,0.3311648762456814,1,97.266075
549,0,1,41,9,0.3787226917510612,3,1,1,0.658557942283488,1,60.02323
850,2,0,24,1,0.0,2,0,1,0.3452394203646448,0,0.8586524
668,0,1,34,5,0.3198205693793843,2,0,0,0.2838740599727274,0,0.6102124
686,1,0,43,0,0.0,1,1,1,0.8503878120360494,0,51.663136
660,1,1,50,1,0.0,3,1,1,0.9592794611885435,1,89.51725
682,2,0,59,0,0.48888929365703826,1,0,1,0.42400139213294863,0,44.641914
524,1,1,50,4,0.0,2,1,1,0.15916024980385626,1,13.540862
645,1,0,36,8,0.0,2,1,1,0.06043092115297011,1,7.222434
850,1,1,42,0,0.0,2,1,0,0.22079238567283171,0,2.2495832
537,1,0,53,3,0.0,1,1,1,0.4570188452997261,0,46.62983
599,2,0,46,7,0.3258009656430625,2,1,0,0.4163929155234325,0,19.090124
727,2,1,71,8,0.0,1,1,1,0.9922714119198383,1,15.196198
756,2,1,30,2,0.5784334587800171,1,0,0,0.03771910217425764,0,26.590288
755,1,1,38,9,0.5935176310030899,1,1,0,0.40206129685384956,0,4.863029
634,2,0,41,4,0.0,2,1,1,0.8227693744752623,0,4.5249724
837,1,1,26,4,0.35831376795255804,2,1,0,0.877411042754583,0,0.52581584
727,0,0,30,8,0.47440488686063736,2,1,1,0.6895256496995463,0,3.5996888
567,0,0,40,2,0.4193848586093262,2,1,0,0.46896618627078884,0,4.062537
650,2,0,30,6,0.0,1,0,0,0.3399602162006472,1,36.18098
655,2,1,34,1,0.4627971859012558,1,1,1,0.24742647922876632,0,6.9288626
763,1,0,58,9,0.7489556815677633,1,0,1,0.1790851026273009,0,56.27863
843,1,0,27,5,0.0,2,1,1,0.3374454760429621,0,1.1930723
667,1,0,38,6,0.5756601813907791,1,1,1,0.369793265256832,1,7.908111
705,1,0,50,4,0.3071601700913706,2,0,1,0.7258077146367478,0,31.38462
660,0,0,29,6,0.7194964696622442,1,1,1,0.6192541387702525,0,11.562771
553,1,1,42,1,0.0,2,0,0,0.11906367058054043,0,1.549376
612,0,0,47,6,0.5182377833167243,1,1,1,0.22871499228176287,1,91.540924
641,0,0,40,2,0.43877053826914353,1,1,0,0.7988840934309227,0,46.354485
513,2,0,31,5,0.6969102873600991,1,1,0,0.4211754722576006,0,46.860714
680,1,1,44,7,0.4333431952391507,1,0,1,0.3616289355633463,0,12.618335
711,1,1,58,9,0.36383349909120477,2,1,1,0.13379412733916088,0,6.812595
689,2,1,40,2,0.0,2,1,1,0.8238648790959536,0,11.561905
665,0,0,51,9,0.4408579196437885,2,0,1,0.00550642586366998,1,63.677876
551,0,1,54,5,0.41050149086427884,1,1,0,0.8834272673040275,1,95.16657
645,2,1,36,4,0.23871783958179996,2,1,0,0.21996130630475208,0,5.7300253
616,0,1,29,8,0.5951362563182526,1,1,0,0.7037399571659093,0,32.862854
582,1,0,32,1,0.4639714475307485,1,0,1,0.7639696591024443,0,8.709615
365,0,1,30,0,0.5092110107334815,1,1,0,0.4076702825119799,1,84.348854
697,0,0,38,6,0.5284669963011676,1,1,1,0.03688462248144697,1,36.196148
704,1,1,31,0,0.0,2,1,0,0.9152211536201706,0,5.1269855
656,1,0,46,5,0.45198486764088164,2,1,1,0.6942537012284673,0,5.3450174
712,1,0,31,7,0.0,2,1,0,0.8516903364271288,0,1.1515936
748,1,1,40,0,0.0,1,0,0,0.3020547462282648,0,5.71203
724,1,1,28,9,0.0,2,1,1,0.5011909637370369,0,0.83442926
691,1,1,50,6,0.5458529795902393,1,1,1,0.013468286221334136,0,24.893682
563,1,1,33,8,0.0,2,0,1,0.3440502067947489,0,0.94695973
741,1,1,32,5,0.0,1,1,1,0.3241692081593792,0,4.234699
778,1,1,44,8,0.49368107983604026,1,1,0,0.722485797393651,0,17.49765
848,2,1,22,7,0.4815177748064962,1,1,1,0.9275823841176831,0,7.5560637
634,0,1,38,2,0.5915969707063135,1,1,1,0.2802474636327769,0,50.98563
505,0,1,40,6,0.19079336155966756,2,1,1,0.7753259936323919,0,4.9244957
692,0,1,53,7,0.601546986666977,2,0,0,0.5990852626425823,0,23.062286
537,0,0,47,6,0.4111763066829246,1,1,0,0.0812480591896526,1,92.59145
633,1,1,29,10,0.5189608258875148,1,1,0,0.9233046255917439,0,22.870804
833,1,0,28,4,0.544741133740795,2,0,0,0.026338515328213838,0,1.2232038
592,2,0,40,2,0.7984215822448072,1,1,1,0.5662198239931913,0,36.64561
587,2,1,48,1,0.0,2,1,1,0.044486348446276615,0,9.832356
550,2,1,62,7,0.3225515188258309,1,0,1,0.3224262417060829,0,19.564455
680,1,0,24,10,0.0,3,1,0,0.7748742504909218,1,29.169971
622,2,0,41,9,0.0,2,1,1,0.7789484395759795,0,6.9756575
594,0,1,28,0,0.5682574546502128,2,1,0,0.6454278383585632,0,10.983445
643,0,0,34,7,0.6394072987960969,1,0,1,0.9426976776282133,0,29.443985
540,1,1,25,5,0.4629777372956486,1,1,0,0.0670068491540942,0,2.0737283
635,2,0,34,5,0.3933209296252515,2,1,0,0.07861555778576854,0,4.6673565
657,1,1,32,3,0.473614725405044,2,1,1,0.3656150662388258,0,0.6332821
814,1,1,31,1,0.47378168562383244,1,1,0,0.508511612859028,0,6.643428
600,1,1,32,1,0.0,1,1,1,0.5099215975125625,0,8.555695
682,1,0,46,2,0.0,1,1,1,0.5722100460593986,0,39.931385
682,1,1,38,4,0.4272347390129595,1,1,1,0.07829542721329887,0,22.087784
566,1,1,42,3,0.43049662115801685,1,1,1,0.7874478012650208,0,7.7654095
550,2,1,34,3,0.0,2,0,0,0.6564111872683841,0,2.8789005
630,1,1,26,7,0.5174918629312802,2,0,1,0.9850419215035034,0,0.5940753
546,0,0,58,3,0.4243089694305764,4,1,0,0.6444129914406825,1,99.910095
486,1,1,63,9,0.3866476225466683,1,1,1,0.4254877340786045,0,6.799715
762,2,1,35,9,0.4899575760022725,2,0,0,0.7491238413268467,0,0.6505182
692,0,1,45,6,0.6070067332915926,4,0,1,0.5401979889079407,1,96.96413
498,1,0,30,1,0.0,2,0,0,0.6789845930286342,0,0.7078727
850,2,1,49,8,0.0,1,0,0,0.1292927974621576,1,94.211205
603,1,1,35,6,0.5141281067544198,2,1,0,0.6524222063207036,0,1.116044
551,1,0,36,5,0.0,1,1,0,0.9174253141174982,0,18.82384
627,0,1,27,0,0.7384171398036551,2,1,1,0.3851155785377503,0,16.177616
515,1,0,28,9,0.0,2,0,0,0.4706958014490384,0,2.1111703
605,2,0,29,3,0.4655508537350763,1,0,0,0.020407798944799226,0,44.36111
567,0,1,29,5,0.5171449491703982,1,1,0,0.5462822199520053,0,20.12384
568,0,0,29,2,0.5148584829800817,2,0,1,0.5230820043314136,0,2.3804836
571,0,1,25,6,0.3288455484057292,2,1,0,0.8385475312892381,0,0.8100811
634,0,1,48,2,0.42745518708412655,1,1,1,0.5185518717037477,1,86.61578
768,2,0,42,3,0.0,1,0,0,0.8062340453513309,1,55.10328
554,0,0,36,3,0.6288646119227134,2,1,0,0.030390652307295343,0,5.946707
629,1,1,35,1,0.6862163039981691,1,1,1,0.7989052454509404,0,9.685364
638,2,1,48,2,0.0,2,1,1,0.03954127619187632,0,12.303556
576,1,1,41,1,0.0,1,1,1,0.941405004177899,0,10.278971
661,2,0,42,9,0.3003667345574453,1,1,0,0.13799587860640689,1,47.708847
592,1,0,27,4,0.0,2,1,1,0.9178760071586836,0,1.6405748
702,2,1,30,2,0.0,2,1,1,0.7276981951776395,0,3.5895917
647,1,0,29,0,0.39164690333035224,2,1,0,0.8236105048032087,0,6.6006227
593,1,1,43,9,0.0,2,1,1,0.38176570862517367,0,7.0335693
712,0,0,40,3,0.4356700762449009,2,1,0,0.600793075738733,1,4.4078755
625,2,0,31,8,0.0,2,1,0,0.7592323066852884,0,7.427854
538,0,0,28,6,0.6551083748784219,1,0,1,0.02843966598810186,0,28.028458
637,2,0,22,5,0.39378538114817857,1,1,0,0.6143285183735047,0,34.934082
632,1,1,27,4,0.7697382231965179,1,1,1,0.7633442493758154,0,4.106725
736,1,1,27,5,0.20535329702988175,1,0,1,0.9606926961524824,0,2.310665
755,1,1,23,5,0.33593113442991934,2,1,1,0.31423010897540715,0,0.39085066
425,2,0,39,5,0.0,2,1,0,0.7047167504496679,0,5.639871
461,1,1,51,9,0.47784277672261277,1,0,0,0.28380755362137083,1,88.20497
745,1,1,21,4,0.549667197546223,1,1,1,0.8862028823752668,0,0.4615512
616,1,0,37,6,0.0,2,1,0,0.4311941790440987,0,3.9571967
587,1,1,33,5,0.3990338069133967,1,1,0,0.17103633396989412,0,15.909459
850,0,1,40,4,0.6619506350167912,2,0,1,0.2219941504413671,0,1.1645775
601,1,0,38,0,0.0,2,1,0,0.8260042334042901,0,5.9835844
730,2,1,26,3,0.0,1,1,0,0.1726706400461244,0,13.433788
532,1,1,44,3,0.592254608235559,1,1,0,0.37417103333368334,1,29.73203
850,0,1,53,2,0.3749688568773083,2,1,0,0.18486245436439178,0,17.727747
779,2,0,34,5,0.0,2,0,1,0.5583785751539272,0,2.5147922
562,1,1,29,9,0.0,1,1,1,0.12924784316902263,0,2.5398633
670,0,1,40,2,0.6574341797500333,3,0,0,0.8851666334134909,1,15.870259
729,1,0,62,4,0.5601852130480547,1,1,0,0.15490769368474688,1,96.954094
767,1,0,44,2,0.6078533718610613,1,1,1,0.6845832276982451,0,33.596924
742,1,0,28,2,0.7647109230684062,1,1,0,0.5422838381065391,1,8.52771
669,1,0,44,8,0.3842918453464513,1,0,0,0.6580523439988519,1,33.323597
542,2,1,32,2,0.5258945574276792,1,0,1,0.79870617643985,0,8.885316
586,1,1,29,3,0.0,2,1,1,0.7112027198597466,0,0.48434073
612,0,1,30,9,0.5695944118187588,1,1,0,0.5294454120368495,1,29.923359
740,1,0,37,7,0.0,2,1,1,0.9713894176893892,0,2.8137832
584,1,1,35,3,0.5831514301284637,1,1,1,0.5272097985357601,0,6.8939404
524,1,1,52,2,0.3503185695833715,1,1,0,0.8695222393738602,1,88.3473
614,1,0,19,5,0.3883867350285529,2,1,0,0.6141174482163047,0,0.6348952
598,1,0,64,9,0.0,1,0,1,0.06585523917534124,1,30.550411
799,2,1,35,7,0.0,2,0,1,0.7039133237224154,0,0.9251255
724,1,1,34,2,0.6157310324682026,2,0,0,0.3927828107584274,0,0.5069119
601,1,1,50,2,0.46084475971897604,1,1,0,0.9293068988088361,0,75.2206
804,1,1,25,7,0.4320346559832321,1,1,0,0.6413881025637947,0,6.964335
745,0,1,38,5,0.25944960362193276,2,1,1,0.7009961451318601,0,3.167355
667,0,1,43,1,0.4105987813617872,1,1,0,0.16226954674171382,1,48.05884
518,1,0,38,10,0.3378454973491428,1,1,1,0.8112890781069592,0,26.266756
819,1,0,38,10,0.0,2,1,0,0.15245015899018355,0,9.51822
520,2,0,35,4,0.4610669216334011,1,1,1,0.45138870762157784,0,15.776907
625,1,0,39,5,0.0,2,1,0,0.16303371972023326,0,1.475527
673,0,1,36,5,0.2913057648226816,2,0,0,0.9807470613443584,0,0.5673928
656,0,0,27,3,0.6014594610903575,2,1,0,0.0849438121340588,0,4.8478384
850,2,0,23,9,0.5701711400034971,1,0,1,0.3148769707507067,0,2.0320413
574,2,0,28,7,0.0,2,0,0,0.9283322557304221,0,7.919974
679,1,1,60,6,0.0,2,1,1,0.3866378739169591,0,2.925235
530,0,0,42,0,0.3983627376358266,1,0,1,0.48668167810025853,0,83.50357
508,1,1,44,3,0.4601511713381318,2,0,0,0.3361458519288592,0,3.1117756
558,0,1,32,4,0.43139391774564734,1,1,1,0.7189271575435453,0,6.565102
414,1,1,38,8,0.0,1,0,1,0.38828478119660426,1,7.6953673
648,2,1,42,2,0.39376788400421864,2,1,0,0.4456046052398004,0,5.803152
721,1,0,37,1,0.0,2,1,0,0.35402990985639127,0,2.7925992
751,1,1,31,8,0.0,2,0,0,0.0877029256293976,0,0.2711934
662,1,1,34,2,0.0,2,0,1,0.10743871039684288,0,1.3443981
628,0,1,29,3,0.4509678810229285,2,0,1,0.6237470678449791,0,1.5119008
597,0,0,39,8,0.6478014240762058,3,1,0,0.18021661068632053,1,82.380714
698,2,0,40,0,0.3668957384251112,1,1,1,0.7184198590965436,0,35.942795
723,1,1,48,7,0.0,2,1,1,0.7534869580044893,0,4.1261344
586,1,0,28,5,0.0,3,1,0,0.8524605099787029,1,19.168243
633,0,0,29,8,0.41827380989628105,1,1,1,0.4884110432546308,0,15.199346
564,1,1,31,4,0.0,2,1,0,0.26756780272516023,0,0.56936467
649,1,0,31,2,0.0,2,1,0,0.0759524034545299,0,1.8868282
622,1,0,30,4,0.42997154741193927,1,0,1,0.9845092206305701,0,6.180066
459,0,1,46,7,0.43984559627377,1,1,0,0.024790117456217065,1,85.574455
718,1,1,27,2,0.0,2,0,0,0.13110082012832225,0,0.89748573
655,2,0,34,4,0.43756287662452914,2,1,0,0.6701777019705382,0,5.0680137
696,1,1,22,9,0.5969634922290561,1,1,1,0.9902013142255084,0,3.007632
637,1,0,38,3,0.41586430570276567,1,0,0,0.5994136440030022,0,13.958876
630,2,0,21,1,0.3420439749063056,1,1,1,0.6655171568884828,0,2.6007183
592,1,1,37,4,0.8477265410828756,1,0,0,0.8820014311366734,0,10.775132
634,0,1,37,1,0.35750308023468813,2,1,1,0.9659337466728072,0,6.29888
608,1,0,28,9,0.0,2,1,1,0.625311917288101,0,4.074464
565,0,0,32,9,0.2712943729464023,1,1,0,0.7164484208241886,0,59.910244
763,2,1,67,9,0.5921314905187203,1,0,1,0.4361657538294907,0,8.884083
665,1,0,55,8,0.54346432051356,1,1,1,0.4688363238689295,0,61.454494
649,1,1,38,1,0.48710613938910424,1,0,1,0.4448118795344956,0,8.070248
695,1,1,45,3,0.0,2,1,1,0.1539248498231581,0,3.2682471
775,0,1,70,6,0.47702587134083013,2,1,1,0.3726377869086498,0,4.41863
788,1,0,39,3,0.5386223944550554,1,0,1,0.565426498230581,0,22.908363
569,0,0,42,9,0.5823111287933679,1,1,0,0.1628277000453543,1,66.14294
726,2,0,56,8,0.4906808975708026,3,0,1,0.6505731297338896,1,95.850555
564,0,0,44,3,0.44544141408170945,3,1,1,0.5236044542253785,1,96.46196
544,1,0,32,9,0.44132815040560897,1,1,1,0.07274714735257216,0,7.0948405
614,1,0,41,8,0.4844933654138221,1,1,1,0.0029363804243305227,0,20.89556
453,0,0,38,8,0.48076575632759905,1,1,0,0.6484939811752022,0,70.31296
471,1,0,58,4,0.4572118105801444,1,1,1,0.1815345865530158,0,38.14289
829,0,0,37,3,0.41234973131919817,1,0,0,0.005513226513132003,0,41.78016
754,0,1,57,2,0.403091430468841,2,1,1,0.3547480284367157,0,35.726383
749,0,1,46,10,0.3114266832401953,2,1,1,0.3673320802136604,0,25.348324
667,1,1,23,1,0.0,2,1,0,0.4578517748444976,0,0.49384633
670,2,1,30,3,0.5318746746936177,1,0,0,0.01571835110253029,0,7.4778852
670,1,0,33,7,0.0,2,1,1,0.4409232581711553,0,0.739089
623,0,0,48,1,0.43075788261281706,1,1,0,0.5942751532771379,1,86.46798
571,1,1,32,5,0.523536269247805,1,1,0,0.6262845601754967,0,9.774535
641,0,0,37,7,0.25099688881649124,2,0,1,0.19504287659471478,0,9.090755
551,0,0,30,2,0.5713094109245711,1,1,0,0.728994168943134,0,42.29016
741,0,1,36,8,0.46629860753423835,2,1,0,0.8441038119140377,0,1.1921092
472,1,1,31,4,0.2338117440431691,2,0,1,0.36658710906891606,0,0.7966154
650,2,1,41,3,0.5133903171602463,3,0,0,0.5683840306749294,1,61.647217
625,1,1,45,7,0.5482522405810264,1,0,0,0.6230401003295815,0,29.181267
650,0,1,34,4,0.5675336547998433,1,1,1,0.05632987950349257,0,9.708484
535,1,0,38,8,0.0,2,1,0,0.6831105370562889,0,2.525935
649,1,0,41,2,0.5013399265016326,1,1,1,0.35259537285810794,0,6.272414
689,1,1,22,4,0.543823390604528,1,1,0,0.25986816740998764,1,13.873808
694,2,1,38,7,0.4843695701310441,1,1,0,0.5674013868324425,0,38.967636
655,0,1,52,9,0.5767152312717886,1,1,1,0.2450944565205977,0,64.20775
620,1,1,36,8,0.0,2,1,1,0.7297017365158371,0,3.475956
577,1,0,35,10,0.0,2,1,1,0.12576216028630732,0,1.2747732
401,0,1,48,8,0.5107259684599433,1,1,0,0.8787937748054938,1,89.88836
599,1,1,25,6,0.4798099897850957,1,1,1,0.12446943683121736,0,3.6029716
481,1,0,57,9,0.0,3,1,1,0.8486198931998006,1,90.35868
704,1,1,42,8,0.5170836493813087,2,1,1,0.8978556952188934,0,1.6012663
698,2,0,31,8,0.7376630886269403,1,0,0,0.5766858735009194,1,30.80428
480,1,0,28,6,0.0,2,0,0,0.2406246796569072,0,2.2378194
682,1,1,42,0,0.0,1,1,1,0.8041637976426749,0,26.43402
700,2,1,31,7,0.0,2,0,1,0.7257712111506648,0,2.4140177
492,1,1,29,1,0.5762975716554877,1,1,1,0.9815046336925176,0,2.4532688
444,1,0,45,4,0.0,2,1,0,0.8082867913885775,1,35.127827
624,1,1,36,6,0.0,2,0,0,0.4231607118479815,0,0.83240473
709,1,1,37,7,0.0,1,1,0,0.7974520566714121,0,8.469773
557,0,1,68,2,0.3993431755498817,1,1,1,0.1929422259825813,0,11.363928
646,0,1,50,6,0.5791009010869713,2,1,1,0.13902907727687994,0,32.957706
719,0,1,28,3,0.4227624451027108,2,1,1,0.9194964619121125,0,1.9053128
706,0,0,47,6,0.4807604952273651,1,1,1,0.7040278346582098,0,77.44332
660,1,1,38,7,0.0,2,0,1,0.7329397457457186,0,1.3483839
667,1,1,36,9,0.0,2,1,1,0.20027267604056187,0,1.0976905
705,1,1,30,1,0.0,1,1,1,0.9065302736411327,0,5.0091147
598,0,0,27,10,0.6826831961933231,1,1,1,0.42066287330440055,0,30.75
669,1,1,26,4,0.0,2,1,1,0.9880081547787812,0,0.09406194
580,0,0,38,1,0.5110380473601852,1,1,0,0.6297713931680475,1,60.202522
676,1,0,32,5,0.0,2,1,1,0.3773051826449426,0,2.077812
714,0,1,28,7,0.30999195729230145,1,1,0,0.8887123220267535,0,21.211962
597,0,0,72,6,0.49812332170404333,2,1,1,0.03566780627549931,0,3.0862553
559,1,1,29,1,0.0,2,0,0,0.7782152195534674,0,0.60165536
564,1,0,28,1,0.0,1,1,1,0.8121599112715263,0,9.820928
850,2,1,51,3,0.43762608954097665,2,1,1,0.06223684361856557,1,37.049786
689,1,1,39,7,0.0,2,0,0,0.0745346680607998,0,1.2699862
758,0,0,61,8,0.4997934021737671,1,1,0,0.9109495456816125,1,97.41306
604,2,0,71,10,0.0,2,1,1,0.6499251678535299,0,17.93872
733,0,1,38,9,0.4437952078471383,2,0,1,0.9744000052004966,0,4.6357636
778,2,1,40,8,0.41567239511468584,2,1,1,0.5875337594740297,0,2.6771924
732,0,0,61,9,0.3781104112829237,2,1,1,0.7876553210831634,1,34.10926
646,1,1,24,8,0.0,2,0,0,0.46305072134388836,0,4.0230246
597,1,0,33,6,0.5408713553777951,2,0,0,0.37423203915973974,0,1.6808043
821,0,0,37,5,0.4242899178706383,2,0,1,0.6370679399882688,0,5.943839
640,1,1,43,7,0.5277536389376261,1,0,0,0.34789682414670603,1,25.212038
511,0,0,40,9,0.4958252173223001,1,1,0,0.9941082373366655,1,52.63534
805,1,1,46,6,0.4703983996051943,3,1,0,0.8132355139915861,1,83.38645
540,0,1,39,1,0.3289427591895977,1,1,0,0.5704591788515803,0,34.617935
705,2,1,44,0,0.7355660619018662,1,1,0,0.3442764784036876,1,81.80317
540,0,1,39,4,0.5072908685753647,1,1,1,0.08070150699391791,0,32.705383
532,2,0,66,3,0.0,1,1,1,0.5761322206270699,0,12.5420065
535,1,0,45,2,0.0,2,0,1,0.8531313240414459,0,23.192783
627,0,1,23,5,0.7343414212519513,1,1,0,0.5154874290494742,0,22.741291
646,1,1,52,8,0.23782337282838625,1,0,0,0.8625035190860727,1,76.12259
515,1,0,25,7,0.3170354545146199,1,0,1,0.19382471025982978,0,2.4881907
697,1,0,39,6,0.6040428207325135,1,1,1,0.22469500837329964,0,11.119596
652,0,1,27,2,0.6637271730526129,2,0,1,0.7300503198055415,0,1.2715493
579,0,1,28,6,0.599164186542831,1,1,0,0.7278037052538517,0,30.60168
760,1,1,43,8,0.4859008292968672,1,1,0,0.9665960599237226,0,13.680622
769,1,1,51,9,0.6248504323010192,2,1,0,0.20125026940072777,0,7.1420865
498,2,1,29,8,0.509626278940585,1,1,1,0.23335388529604575,0,3.5638437
774,1,1,53,4,0.45320903000895707,1,1,1,0.769455232974749,1,57.785942
705,0,0,43,7,0.3187531240273691,1,1,1,0.5155329833999147,0,65.759605
648,1,0,44,2,0.0,2,1,1,0.29323125358471736,0,7.2330422
688,1,0,51,5,0.0,1,1,0,0.4581063991611199,1,79.76288
592,2,1,38,0,0.0,1,1,0,0.3299060060235752,1,52.346184
705,1,1,33,3,0.5756439198082377,2,1,0,0.5692224107402257,0,0.86004424
654,1,1,42,7,0.3956311106234408,1,1,1,0.33801388032557106,0,6.416881
624,1,0,32,2,0.3163390761563789,2,1,1,0.7273712639557077,0,2.9210896
594,1,0,30,10,0.0,2,1,1,0.6203598943699123,0,3.3739486
695,2,0,34,9,0.0,2,1,1,0.3374849298107969,0,2.3864524
597,1,1,28,2,0.0,3,1,1,0.3935195311152215,0,35.811085
758,1,0,52,7,0.49859263575900487,1,1,0,0.8559729954210625,1,76.04484
737,0,0,40,2,0.6476167275725375,2,1,0,0.7469200308629474,0,3.1760602
694,0,1,37,1,0.3813054933977378,2,1,0,0.5016677592710104,0,4.377772
683,1,1,25,4,0.0,2,1,0,0.7635062148435174,0,0.8978761
538,2,0,30,8,0.0,2,1,1,0.20592651598227626,0,2.196388
669,1,1,37,4,0.0,1,1,0,0.6627070385221787,0,5.0006976
730,1,0,34,5,0.2957271615738486,2,1,0,0.4843659569488886,0,1.3678299
622,1,0,31,1,0.3574715933469243,1,1,1,0.7615421772779299,0,11.794596
714,2,0,33,10,0.41100882832547675,2,1,1,0.24832586512011895,0,5.244191
569,2,0,34,3,0.0,1,1,0,0.6699937344016353,0,55.112183
668,0,0,59,5,0.4789596843881913,1,0,1,0.2522401889380436,0,53.816444
628,1,1,32,9,0.594409905631406,2,1,1,0.08196047722557503,0,1.1129341
600,1,1,40,1,0.5625263627953486,1,1,1,0.3389936238910816,0,15.263785
693,1,0,43,4,0.6071849729904282,1,1,0,0.04615540784144886,0,50.512886
704,1,1,36,7,0.4783893731514656,2,0,1,0.5029987863840997,0,2.1980746
527,2,1,33,9,0.5267807339625423,1,0,0,0.4936599945294775,0,18.890785
553,0,1,43,6,0.3395833742696089,2,1,1,0.8028892259210754,0,8.752959
575,2,1,53,1,0.33839767373278934,2,0,1,0.13003351820098819,0,14.249596
626,1,0,32,0,0.0,2,0,0,0.9358941778939889,0,4.382623
582,1,1,20,4,0.0,1,1,1,0.27878702416080736,0,1.1726809
683,2,1,40,8,0.0,1,1,0,0.37921941545417587,0,52.83246
850,1,1,30,9,0.4844005787369685,1,0,0,0.20152869599046708,0,8.054628
653,2,1,35,6,0.46498145920520967,2,1,1,0.11927454071863862,0,1.670883
679,1,1,60,8,0.0,2,1,1,0.25687113119302896,0,3.2397385
549,0,0,49,6,0.4975293355162649,1,0,1,0.46774356951088825,0,89.377045
850,2,0,36,2,0.6185003640322652,2,0,0,0.8471006981166701,0,3.2886066
558,0,0,32,1,0.431501371732244,1,1,1,0.03462195639683589,0,21.64685
528,2,1,40,4,0.0,2,1,0,0.12695272398514057,0,5.255562
801,1,1,38,5,0.0,2,1,0,0.3312550848606042,0,0.87658614
513,2,1,48,2,0.0,1,1,1,0.5735425233109762,1,80.94846
666,0,1,38,6,0.3978223987277066,2,1,1,0.7918075676227079,0,2.1566873
606,1,1,35,2,0.5267647115209209,1,0,1,0.8240987514307616,0,9.043518
599,0,1,45,10,0.41284909741640524,1,1,0,0.6606436414677601,1,84.77732
544,0,1,39,4,0.5675867440840223,2,1,0,0.7331993705398866,0,3.6628642
529,2,1,38,7,0.39794045462841116,2,1,0,0.4512654958548541,1,4.2890625
850,1,0,41,5,0.0,2,1,1,0.1740958761561729,0,1.2609867
497,1,1,41,9,0.0,1,0,0,0.11032503604094189,0,7.559021
764,1,0,39,5,0.3230093142598256,1,0,1,0.5490203814464281,0,8.488069
603,1,0,48,5,0.0,1,1,0,0.5023830775839093,1,63.689613
609,1,1,40,6,0.0,2,1,1,0.487070315215103,0,2.7922761
487,1,1,53,4,0.7958988049689817,1,1,1,0.12099295482718599,1,47.360294
748,1,1,33,1,0.5685393220809294,1,0,0,0.3456384084680087,0,3.8999252
710,2,0,75,5,0.0,2,1,1,0.04683102236263562,0,0.6494602
432,0,0,45,3,0.4392984418494378,1,1,0,0.21519615123244265,1,87.886116
534,2,1,51,3,0.0,2,0,1,0.10423360430921152,0,18.35487
607,1,1,25,3,0.0,2,0,0,0.935275018764292,0,0.42498806
551,2,1,32,4,0.0,2,1,0,0.2670702552093725,0,2.7908149
674,1,1,45,7,0.5662538921679316,1,1,0,0.18502622000401037,0,24.752205
525,1,0,25,6,0.0,2,1,0,0.4478180666253627,0,0.69518626
645,0,1,33,8,0.5961169732300473,1,0,0,0.7495828851655333,0,19.260008
755,1,0,43,9,0.0,2,1,0,0.0902841721384392,0,5.401643
708,0,1,37,8,0.6112686230493027,1,1,1,0.13451664633972543,0,24.244564
715,1,1,21,6,0.3047737828534287,1,1,1,0.8675835542294289,0,0.37338927
727,1,0,26,9,0.4842933638912915,1,1,1,0.7339393912118607,0,1.9590698
559,2,0,27,1,0.0,1,0,1,0.005194246050497822,0,7.7410436
545,2,1,36,8,0.2917962428490388,2,1,0,0.4479215765105567,1,6.40335
524,1,1,22,9,0.0,2,1,0,0.37200432641317244,0,0.61455756
707,1,0,55,1,0.0,2,0,1,0.2720154774780992,0,42.821392
671,2,1,38,0,0.369372839785269,2,1,0,0.018181686351046524,0,9.300687
439,2,1,52,3,0.3834076217957658,4,1,0,0.9944096661231147,1,99.62022
667,0,0,36,1,0.45592862026171666,1,1,1,0.2670303013937831,0,35.344105
831,0,1,32,9,0.31990143886707156,1,1,0,0.9743740527220349,0,44.13333
545,2,0,33,7,0.6908443185039791,1,1,0,0.7522783425817166,0,67.243935
604,2,0,35,7,0.5870332452510898,1,1,1,0.2890049499727224,0,29.802269
657,2,1,67,5,0.4774267910927501,2,1,1,0.5376650470119897,0,1.9484341
487,2,0,36,1,0.55854211564544,1,1,0,0.9704014233359285,0,29.874493
750,0,0,52,6,0.42833151898446103,1,1,0,0.6311682765704124,1,93.52171
694,0,0,37,8,0.3914658736541199,2,1,0,0.9118014770410573,1,7.853952
711,0,0,35,2,0.5325180036244995,1,1,1,0.602931279937234,0,29.03879
551,1,1,37,3,0.0,2,1,1,0.25285824796268047,0,1.3311099
559,1,0,38,8,0.3791954334925388,1,1,1,0.43286073820049814,0,10.801476
620,1,0,29,3,0.0,2,0,1,0.7669767462792696,0,1.8956723
660,2,1,42,5,0.0,2,1,0,0.5775452055671316,0,4.971813
449,1,0,37,6,0.0,2,1,0,0.41086373748692995,0,3.6735528
703,0,0,26,1,0.3879311715764756,1,1,0,0.31855997247737156,0,39.596947
795,0,1,37,2,0.5550685140727856,2,1,1,0.9937667047203007,0,2.3037758
594,1,0,31,9,0.0,1,0,1,0.028540375605870354,0,7.5957003
586,2,1,34,5,0.6699692691961108,1,0,0,0.10024472337108194,0,46.74668
613,0,0,30,5,0.5243717877645063,2,1,0,0.8532184823650658,0,7.1710477
601,1,1,44,3,0.0,2,1,0,0.15299226076090267,0,2.8017929
657,1,1,50,9,0.0,2,0,0,0.1858171455373988,0,9.945975
531,1,1,31,3,0.0,1,1,1,0.21290908281740906,0,3.55147
621,0,1,47,7,0.42791593192279787,1,1,1,0.33397039417264346,0,89.89888
782,1,0,33,2,0.37661916836433473,1,0,1,0.5093226903169252,0,10.825866
528,0,0,29,9,0.6784197918764548,2,1,0,0.24638562982764853,0,3.5548673
696,1,1,52,6,0.5571228541436885,1,1,0,0.13718220090018596,1,67.32212
586,1,0,35,7,0.0,2,1,0,0.353779335926581,0,2.0871997
626,2,0,26,8,0.592313835470011,3,0,1,0.5225020989504497,1,39.760914
498,1,1,73,2,0.6785292785608692,2,1,1,0.8270608843144519,0,1.7767112
691,1,0,33,1,0.5113902222213011,1,1,1,0.5679002844771676,0,24.862642
568,1,0,47,7,0.0,2,1,1,0.22985600124811917,0,3.8248286
715,1,0,35,3,0.0,1,1,1,0.7600764873045375,0,7.0357137
680,0,1,32,7,0.6993038488256328,1,0,1,0.3867286325844118,0,15.671844
802,2,1,41,6,0.0,2,1,0,0.23657494290704761,0,9.075416
539,1,0,22,0,0.4020992347928994,2,1,1,0.19382386017864706,0,6.7286587
494,1,1,69,9,0.37194703235883547,1,1,1,0.1224009892944776,0,3.0437262
594,0,1,38,6,0.25180119944316837,2,1,1,0.07227940268295621,0,4.191563
596,1,1,33,2,0.5558100103512148,1,0,0,0.3156828477119565,0,12.24375
649,1,0,52,8,0.19575178910289834,1,1,0,0.2092542337793259,0,73.72762
699,0,1,32,1,0.49385079017540556,3,1,1,0.6372220547062244,1,27.93001
787,1,0,40,6,0.0,2,1,1,0.42074218087827386,0,2.4711714
604,1,1,28,7,0.0,2,0,0,0.2929482765604115,0,1.1139438
489,0,0,52,1,0.523884059858726,1,1,0,0.18616042832090463,1,97.34568
651,1,1,56,2,0.0,1,1,0,0.572610184272598,1,90.932335
698,1,1,57,6,0.5433500111539312,2,1,1,0.3627230900551003,1,5.2568464
578,0,0,38,4,0.4509816714826327,2,1,0,0.8835894327908315,1,5.852403
538,2,0,42,9,0.0,1,0,0,0.7642948901620104,0,62.464886
696,1,0,33,4,0.0,2,1,1,0.36683538277905536,0,1.4367337
507,0,0,46,8,0.40966896160907407,1,1,1,0.35159407723437586,0,45.599274
685,2,1,34,6,0.33186494165818486,1,0,0,0.04826310912692162,0,62.467045
705,0,1,41,4,0.2879760463700621,2,1,1,0.7125834517196392,0,2.7622287
499,0,0,29,6,0.5900862776595869,1,1,0,0.5931184428112884,0,48.226795
717,1,0,76,9,0.5519757444147941,1,1,1,0.3419754586563017,0,0.89395225
510,1,1,63,8,0.0,2,1,1,0.5764564515911269,0,3.0708792
632,1,1,32,6,0.4447595834627518,1,1,1,0.8519384101181662,0,10.789349
668,0,0,39,0,0.48667086305838364,1,1,0,0.5647293816559481,1,46.326603
744,0,1,32,4,0.3830512619685547,1,1,1,0.39904405870760656,0,9.362514
663,0,1,42,7,0.46206358127317754,1,1,0,0.09926547985332597,0,45.53861
638,0,0,37,7,0.49627185284670766,2,1,0,0.7930722884035426,0,4.9880023
688,1,0,54,9,0.0,1,1,0,0.9560965572212146,1,86.32761
588,2,1,46,8,0.0,1,1,0,0.3096277194472072,0,68.31943
631,1,1,33,7,0.0,1,1,1,0.2901849126591589,1,8.675957
687,2,1,35,8,0.4025076077701509,2,1,0,0.1111890685560471,0,7.3344707
599,1,1,44,10,0.47261117053541546,1,1,1,0.15719971257255066,0,44.271603
718,2,1,28,6,0.0,2,1,0,0.7343915343915343,0,5.2047725
730,1,1,27,5,0.0,2,1,1,0.5804071788855835,0,0.5682347
533,1,0,39,2,0.0,1,0,1,0.3683269752261341,1,30.334044
711,2,0,28,5,0.0,2,1,1,0.46978676463602276,0,3.9092162
555,2,0,26,9,0.0,2,0,1,0.7946081350768998,0,1.3582304
850,1,0,42,9,0.45162205100883795,1,1,1,0.9910054910243927,0,9.648897
678,1,0,41,9,0.0,1,0,0,0.06574852898451802,0,17.779833
576,1,1,32,7,0.0,2,1,0,0.023248870267110505,0,1.0580752
835,0,1,20,4,0.4956810153477056,1,0,0,0.9010168471088988,1,40.97414
592,1,1,42,1,0.5868888439923956,2,1,1,0.31508729083627485,0,4.1056323
774,1,1,36,7,0.41326815202140443,1,0,1,0.5948576089016501,0,5.158632
620,1,0,29,1,0.5529744766092082,2,0,0,0.7735190210665117,0,1.1715702
519,2,1,39,4,0.4459983732837504,1,1,1,0.48787454201876274,0,22.385147
734,2,0,37,0,0.6088537381850935,1,1,1,0.24491798966801326,0,41.990986
763,0,1,31,7,0.5738038898582289,2,1,1,0.701323876430199,1,2.5734076
733,1,1,51,10,0.564201026799367,1,1,0,0.6509519159079692,0,49.050323
650,1,0,43,6,0.0,2,1,1,0.08145942937550535,0,6.724464
538,1,0,33,5,0.0,2,1,0,0.6348147748109945,0,1.2830113
577,1,0,46,1,0.0,1,1,1,0.7937705550880109,0,31.89984
792,1,1,30,8,0.0,2,1,0,0.9982584336804164,0,0.4195184
686,1,0,41,10,0.0,1,1,1,0.721374541268691,1,27.785025
589,1,1,29,2,0.0,2,0,1,0.4915903968829023,0,0.6925669
530,1,1,25,9,0.6479137405948369,1,1,0,0.3206178690064901,0,1.8286102
778,0,0,29,7,0.49115344002818045,1,1,0,0.9061340858051943,0,25.610706
616,2,1,31,7,0.30556514001362073,2,1,1,0.819065720776334,0,3.962826
550,1,1,38,9,0.5591074447796713,3,1,1,0.8573092730355748,1,45.36624
655,1,0,51,3,0.0,2,0,1,0.07895474017768696,0,14.977087
721,1,1,46,1,0.46139976593683923,2,0,0,0.5147452081673799,0,4.8429227
499,0,1,36,5,0.5226924206557332,2,1,0,0.874617926011934,0,1.6812725
511,1,1,45,5,0.27252208257145366,1,1,0,0.965835587298587,1,34.920982
579,0,0,39,5,0.46964606227173755,3,0,0,0.029099879038448167,1,76.47479
696,2,0,36,7,0.0,2,1,1,0.41147434580002384,0,4.9565544
681,1,1,34,7,0.0,2,0,0,0.6534374532767879,0,0.95340514
815,1,1,45,7,0.0,1,0,1,0.2643934995792098,1,34.542236
681,2,1,30,2,0.4427814097747815,1,1,0,0.3449049884263947,0,42.297348
641,2,1,42,9,0.5287308085924448,1,1,0,0.176794933916189,0,27.61132
591,1,0,56,9,0.5136846199187887,1,1,1,0.9812455089461043,1,73.022575
565,0,1,59,9,0.27552856221424404,1,1,1,0.8535512641457258,0,57.7416
487,1,1,37,6,0.0,2,1,1,0.6323895432013757,0,1.0308992
729,1,1,39,4,0.4838802878092855,1,1,1,0.7981091694256801,0,8.947728
505,2,0,45,9,0.5235404542139002,3,1,0,0.9770120546512191,1,82.92277
580,1,0,35,1,0.4069274899621596,1,0,1,0.8414517086381749,0,9.238526
642,1,1,40,1,0.6172352687100966,1,1,1,0.6902705708395152,0,13.149863
850,2,0,41,3,0.3983526937171981,2,1,0,0.3558726358367224,0,4.1792006
616,0,1,39,2,0.4850747169896751,2,1,0,0.2777501251369506,0,6.395667
526,2,0,43,3,0.0,2,1,0,0.15848318514418125,0,17.310188
523,0,1,35,8,0.5531439478076537,1,1,1,0.9306256247471633,0,17.861015
663,1,1,35,9,0.0,2,1,1,0.9779368929732789,0,0.64749277
840,1,1,30,8,0.5432154146729455,1,1,0,0.2705348360768453,0,7.5659127
570,0,1,42,0,0.4298819891375021,2,1,0,0.6376471953071517,0,9.102501
676,0,0,26,1,0.4318433033906317,1,0,0,0.30112955787277684,1,24.455795
689,1,1,47,1,0.374143740990615,3,1,0,0.7844091110701072,1,91.72384
703,2,0,45,1,0.0,1,1,0,0.9139499322185267,1,81.03756
491,0,1,19,2,0.5016387330808298,1,0,0,0.6484565275983856,0,8.867879
584,1,1,49,8,0.6883808481762457,1,1,0,0.569300518199488,0,53.852264
810,1,0,51,5,0.0,2,0,1,0.9226539134487343,0,40.844185
745,2,0,59,8,0.0,1,1,1,0.18058424579547347,0,60.811836
625,1,0,39,3,0.5212750722813395,1,0,1,0.6065803784261397,0,19.445007
535,1,0,29,2,0.4478604839120139,1,1,0,0.928184541623725,0,9.820283
729,2,0,45,7,0.36305999778635223,2,1,0,0.35564166377889084,0,29.927843
655,1,0,26,7,0.42327344939134454,1,0,1,0.1600594856808825,0,1.518579
751,1,1,47,5,0.5686369712898174,2,1,0,0.8138246202512339,0,3.0219214
525,1,1,33,1,0.4497178515787028,1,0,1,0.8759185502215461,0,6.6268387
532,1,0,40,5,0.0,2,0,1,0.8855252176582863,0,3.5714004
696,2,0,43,4,0.0,2,1,1,0.33200565654019953,0,8.918062
786,0,0,32,2,0.41585183051811997,2,0,0,0.29776958699555806,0,4.8815618
580,1,1,55,6,0.4157295099376803,1,0,1,0.8787770732104915,0,38.543697
596,0,1,47,5,0.5587412004611116,2,1,1,0.8715818360653441,0,22.931892
683,1,1,39,4,0.0,2,1,0,0.8586081470780459,0,2.0104575
747,1,0,45,1,0.45819049479412144,1,1,0,0.9468444736472333,1,73.835945
602,1,1,33,5,0.6564592819339519,1,0,1,0.9036088946494389,1,11.227252
779,1,1,62,10,0.4746809750524606,1,0,1,0.5848874067473443,0,13.540702
551,1,1,31,1,0.0,2,1,1,0.9255576907594675,0,0.929757
666,1,1,47,2,0.0,1,1,0,0.17519368099653515,1,36.052242
526,2,1,30,8,0.0,1,1,0,0.18121440597577065,0,31.341488
849,1,0,41,9,0.46020788759292675,1,1,0,0.5158638649991074,0,14.2648
471,1,0,27,4,0.0,2,1,0,0.6132111116611636,0,2.144409
628,2,1,43,3,0.7370586599523337,1,1,0,0.6146886527663392,0,61.649277
674,0,1,43,8,0.34260077468106676,2,1,0,0.043733226523132954,0,5.418986
797,1,1,32,10,0.45470493617548075,1,0,1,0.6289136112498743,0,4.3610463
590,2,0,29,2,0.6653329246149304,2,1,0,0.6124392379472239,0,8.29214
588,1,0,27,8,0.0,1,1,0,0.10028357708161129,0,17.16811
577,1,1,29,7,0.0,2,1,1,0.27733433542903346,0,0.24934722
571,1,0,38,6,0.4272404783950329,2,0,0,0.19477540105080035,0,1.5789555
680,1,1,36,3,0.46343565230010325,1,1,1,0.31895155987396795,0,16.127377
648,2,0,27,7,0.0,2,1,1,0.8153221132618164,0,4.5474505
618,1,1,39,2,0.3629703199414551,1,1,0,0.13284823700663412,0,11.780151
648,0,1,41,5,0.49043502084850477,1,0,1,0.025278314078994543,0,20.491966
759,1,0,39,6,0.0,2,1,1,0.7024975385149282,0,1.6840872
585,1,1,40,7,0.0,2,0,0,0.7307967910935494,0,1.3937297
774,1,0,42,3,0.5491538417052119,1,0,0,0.9966182270406824,0,29.70387
697,0,0,48,2,0.4309676490562364,2,1,1,0.5197135826471427,0,16.472477
605,2,1,39,10,0.4197629802602324,2,1,0,0.6901148059639695,0,9.469623
676,1,1,20,1,0.32112532223740725,1,0,0,0.3430847645950188,0,2.1069613
678,1,0,22,4,0.6969080155213618,1,1,1,0.1407008369299268,0,2.3870702
495,2,0,45,3,0.355359181889348,3,1,0,0.6758554441949206,1,97.86294
787,1,0,85,10,0.0,2,1,1,0.5826875466607061,0,1.0960807
770,1,1,36,2,0.3579148011848158,1,1,1,0.5296061273851652,0,14.136919
817,0,1,45,9,0.40338190697266774,1,0,0,0.4410398193027434,1,88.23794
659,1,1,43,1,0.4228267341532971,2,1,0,0.1344580907476664,0,1.6661531
693,1,1,21,1,0.0,2,1,1,0.017413863023918782,0,0.21203536
744,1,1,47,9,0.0,2,1,0,0.5658119850445718,0,3.2843437
829,2,0,26,8,0.404309016461624,2,1,1,0.0965738228000774,0,0.76278704
716,1,1,38,4,0.0,2,1,0,0.9484261746996838,0,0.778336
671,1,1,34,7,0.4248886071631714,2,1,1,0.13189324580497436,0,0.4494081
835,0,0,29,10,0.5198134429799764,2,0,0,0.5313755963694533,0,3.292318
636,1,0,38,1,0.0,1,1,0,0.2250404913669255,0,13.792914
649,2,1,29,2,0.17944429150496924,1,1,1,0.8675037966125764,0,4.4712977
621,0,1,27,1,0.29612991473948647,1,1,1,0.262877004753954,0,12.349335
658,0,0,31,3,0.530107782008225,1,0,1,0.7317083281453378,1,16.58141
784,2,1,48,7,0.0,2,1,1,0.913079149058735,0,10.1393795
783,2,0,37,1,0.5448015168230257,1,1,0,0.9894898462803197,0,50.53262
615,1,1,32,4,0.0,2,1,1,0.03107321749227051,0,2.5543716
791,1,0,44,5,0.0,2,1,1,0.6198905995522572,1,15.910341
762,1,1,53,1,0.40861359287350496,1,1,1,0.851000370535386,0,46.672905
607,1,1,35,2,0.0,2,1,1,0.5709481255459896,0,2.0044646
601,1,0,34,5,0.0,2,1,0,0.13506784897957752,0,1.8297789
540,2,1,67,1,0.35226258597664095,1,0,1,0.29725548789909434,0,6.5876455
812,1,1,44,4,0.4585493257441697,2,1,0,0.8252129578374734,0,1.9953828
685,1,1,58,1,0.41768568266103584,1,1,1,0.7709227731248334,0,30.70406
680,1,1,33,1,0.4905660302156944,1,1,0,0.674811444492949,0,16.166245
680,2,0,58,8,0.0,2,1,1,0.3285159732754478,0,10.258343
631,1,0,33,8,0.0,2,0,0,0.5868692460129942,0,1.0103378
569,1,0,43,7,0.0,2,1,1,0.3884951512869479,0,3.3864093
584,0,1,33,3,0.35198147582550354,2,1,1,0.8882838311058706,0,2.069816
582,1,0,40,9,0.0,3,1,1,0.30474345299976147,0,27.707783
609,1,1,32,7,0.2864596936549019,1,1,1,0.7596391455383988,0,8.303942
506,2,1,35,6,0.4386120675530053,2,1,0,0.1315483128638785,0,5.8056855
503,1,1,42,8,0.41622508963699173,1,1,1,0.7378011100060055,0,2.6809168
503,1,0,28,5,0.0,2,1,0,0.6295930761387712,0,1.3341093
806,0,1,31,10,0.5526287984097449,1,1,0,0.9540500617809,0,46.043648
653,1,0,31,7,0.408831490108195,1,1,1,0.055165068264019214,0,3.4257042
666,1,1,43,7,0.549150214734596,2,1,1,0.5954992201755267,1,3.7612417
674,2,1,32,2,0.0,2,1,0,0.702905077434895,0,1.3773124
798,1,1,32,7,0.0,2,0,1,0.18861986319693527,0,0.48423228
740,1,0,30,8,0.41933176932514715,1,1,0,0.009205879161459918,0,4.162154
531,0,0,32,0,0.4367120132321454,2,1,1,0.8602734561150589,0,45.5913
614,0,0,44,6,0.4731636657736215,1,1,0,0.6679614403175502,1,84.32516
556,1,1,35,10,0.0,2,1,1,0.963790041949006,0,1.2601948
678,0,0,43,2,0.611376435747279,2,1,1,0.9691760063086023,0,11.900008
587,0,1,33,6,0.5285148244851127,1,1,0,0.2788473299200074,0,42.97168
527,2,0,36,6,0.0,2,1,1,0.5113923879730514,0,3.7447124
757,0,0,34,1,0.515739318701071,2,0,0,0.224790767518298,0,2.5232368
468,2,1,28,3,0.0,2,1,0,0.8533286928901709,0,4.759574
693,1,1,29,2,0.6032438907765301,1,0,0,0.9857656906234545,0,18.296892
483,1,0,44,5,0.5453867345104142,1,1,0,0.9618334550949614,1,53.482807
466,1,1,40,4,0.36505682446606114,1,1,0,0.7060604287709475,1,17.760714
770,1,0,30,8,0.0,2,1,0,0.5027752650378111,0,0.46273917
734,1,0,54,3,0.0,1,1,0,0.6540322600808377,1,83.25929
716,1,0,22,8,0.0,2,1,1,0.46302121852636924,0,0.8188259
439,1,1,36,2,0.6597749707859475,2,1,1,0.6197854395094732,0,1.267719
538,0,1,25,5,0.24903716883615976,1,1,1,0.5137833163067073,0,2.9100132
743,1,1,40,8,0.2716465079506982,1,1,0,0.4743706523973039,0,5.507943
734,2,0,43,3,0.22261361176563763,2,0,1,0.4740466214523487,1,28.008348
656,1,1,37,2,0.0,2,0,1,0.3391785415507181,0,1.7933737
666,1,0,31,2,0.31721815817729027,1,0,0,0.020196878801925583,0,6.065276
627,2,1,41,5,0.40207862881698303,1,0,1,0.6733326532683871,0,17.467657
480,0,0,25,3,0.6948253372514714,2,0,0,0.9082644892587242,0,3.0782506
792,1,1,19,7,0.5715089740220821,1,1,0,0.16637218854400593,0,1.4781901
613,0,1,59,8,0.36435414873026734,1,0,0,0.13978044903288261,1,99.175766
476,0,1,30,3,0.5355418209839702,1,1,0,0.3416923816224449,0,21.120415
539,1,0,24,3,0.0,2,1,1,0.9908420754182024,0,0.7842713
696,2,1,60,8,0.3538759900483898,1,1,1,0.9843281033338683,0,22.956455
810,0,1,35,3,0.38587165011897867,2,1,1,0.6025547939828253,0,1.1112645
763,0,1,32,9,0.6404210171548138,1,1,0,0.15438859411073755,0,19.563158
640,1,0,29,3,0.0,2,1,0,0.01366185470712453,0,0.5242901
655,1,0,47,10,0.0,2,1,0,0.8389153164127173,0,14.517082
526,0,1,31,5,0.580065037561665,1,1,0,0.6620285237240157,0,23.439922
678,1,0,28,4,0.0,2,1,1,0.722126913120203,1,2.3131711
554,1,0,45,6,0.0,2,1,1,0.9060511278827127,0,5.9376664
597,2,0,30,2,0.4757712982191296,1,1,1,0.9136604545734117,1,27.703354
560,2,0,28,1,0.0,2,1,1,0.6044034205266603,0,4.0314207
850,0,0,47,10,0.535602004782101,1,0,0,0.13401934884781494,1,83.828476
546,0,0,74,8,0.4579099824952833,2,1,1,0.3336371123442289,1,25.47787
623,0,1,42,1,0.5951917768684489,2,1,0,0.5041613474086775,0,2.732398
698,1,0,40,7,0.41874268552622307,3,1,0,0.5390701311975293,1,19.216898
620,1,1,32,7,0.0,2,1,1,0.1732875989657012,0,1.5485
619,1,0,40,10,0.0,1,1,1,0.7354815384869254,1,56.24888
561,1,1,21,4,0.0,1,1,1,0.1846714861269251,0,0.4613262
753,1,0,39,7,0.6180310101204836,1,1,1,0.08225380523840026,0,11.797329
721,2,1,43,3,0.3539219449617971,1,0,0,0.22801702562594725,0,69.29704
451,1,1,33,6,0.0,2,1,0,0.9248009684924909,0,2.549884
680,0,0,51,5,0.5705100026867482,1,0,0,0.23894206896758638,1,93.9091
590,2,0,23,7,0.0,2,1,0,0.9839855706219943,0,12.870327
634,0,1,27,3,0.4265776594791934,1,1,0,0.8671533131414049,0,18.218616
676,1,1,29,4,0.5608688770807303,1,1,0,0.1810652917353607,0,6.723582
642,1,1,30,8,0.32269902891648167,2,1,0,0.8737165399295632,0,0.5598604
760,1,1,39,6,0.7117848525670324,1,1,0,0.33563065272733544,1,6.1031623
736,2,0,26,4,0.5416108588152266,1,1,1,0.8284813699708321,0,3.4252565
656,1,1,43,7,0.5377476169706992,1,1,0,0.9734948187551911,0,27.642323
776,0,1,33,8,0.45887292326537843,1,0,0,0.6476314488033607,1,11.385996
832,2,0,34,6,0.5507819130867039,2,0,1,0.7325680602497538,0,2.1337445
631,0,1,37,9,0.5241948633407293,2,1,1,0.2587277084961614,0,6.095454
795,2,0,56,5,0.0,1,1,0,0.17705245850978768,1,98.32351
648,0,0,39,3,0.5059264500578702,2,0,1,0.2899484900808027,0,9.484882
615,1,1,39,4,0.5329139412739252,1,1,1,0.5407574923405185,0,33.888123
682,1,0,27,1,0.39017116471472546,1,1,0,0.8307463362751143,0,19.74893
694,1,1,34,5,0.5097688467855614,1,1,0,0.5086796789093359,0,11.802873
694,1,1,37,10,0.5732824430827672,1,0,1,0.16659155949393165,0,21.335659
607,1,1,44,0,0.0,2,1,1,0.40568129256343977,0,22.31431
664,1,1,48,10,0.0,1,1,0,0.7008748835513792,1,64.86254
756,1,1,60,2,0.0,1,1,1,0.8325890622554453,1,43.693443
645,1,0,40,3,0.5165315128544822,1,1,1,0.5161543927445071,0,12.818646
653,2,1,30,4,0.0,2,1,0,0.603679951435362,0,2.6345277
710,0,0,24,2,0.4400489457691767,2,0,0,0.07911180517739444,1,25.407692
697,1,0,76,7,0.0,2,0,1,0.9438944919239788,0,0.4711059
619,0,0,41,8,0.566029657698869,2,1,0,0.5716149892314716,0,5.724861
648,2,1,55,1,0.32431522296562726,1,0,1,0.9076989852530917,0,49.83327
482,0,0,48,2,0.27632522033149,1,0,0,0.5131937099993049,1,96.56254
548,1,0,28,8,0.4653502942170664,2,1,1,0.7929436761210695,1,1.3355488
752,2,1,44,6,0.3342804642315133,1,1,0,0.8936386424903577,0,79.243805
648,1,0,39,6,0.5209082699673003,2,1,1,0.7697925151852002,1,3.6901488
643,2,0,34,8,0.4681242093154237,1,1,0,0.32684761394713197,0,39.534786
573,0,0,35,9,0.8245131718619302,2,0,1,0.5149220250533926,0,2.4685197
686,1,0,39,3,0.4451832216020457,1,0,0,0.6832265481353469,0,30.906546
644,1,0,40,9,0.547175389019502,4,1,0,0.3852970458678804,1,67.66048
702,1,0,29,6,0.5947370504095907,1,1,1,0.048111744671616136,0,5.2058105
652,1,1,51,7,0.0,2,0,1,0.2174446659655997,0,5.2430964
641,2,1,32,7,0.0,2,1,1,0.12129008320294586,0,3.3786159
692,0,0,41,8,0.520933778332071,1,1,0,0.2967416388265079,1,54.517376
574,2,1,34,5,0.0,2,0,0,0.14130489461743595,0,4.4712257
643,1,0,31,3,0.6693932185773117,1,1,0,0.715822161016377,0,9.438524
834,1,1,23,4,0.5231399330301798,1,1,0,0.10094824055697317,0,26.704437
591,1,1,28,5,0.0,2,1,1,0.24299990649106987,0,1.5454417
470,2,1,34,9,0.0,2,0,1,0.44505295255696914,0,2.0412714
608,2,1,34,7,0.3453837771343736,1,0,1,0.2994221448148298,0,20.846077
649,0,0,37,8,0.457306231386616,1,1,1,0.5332724275168279,1,24.09756
665,1,0,38,5,0.0,2,1,0,0.7822146014944427,0,1.3451775
651,1,0,39,6,0.0,1,1,0,0.12083583982270305,0,16.969898
555,0,1,62,4,0.4775537749211244,1,0,1,0.21749837109443948,1,63.432796
637,1,0,48,7,0.5213550649189878,2,1,1,0.6600343832836035,1,10.187429
675,1,0,49,0,0.0,1,1,1,0.4024640853201481,1,59.80052
677,2,1,40,5,0.0,2,1,0,0.4447223709864292,0,4.991951
850,0,0,35,2,0.3225682188333917,1,0,0,0.06314648048888669,1,46.664146
815,1,0,56,3,0.0,3,1,1,0.47122790226466627,1,98.24847
665,0,1,32,1,0.5268221451984749,1,0,0,0.05927656091156705,0,13.483241
485,1,0,27,3,0.0,2,1,0,0.7072589432290782,0,0.94503045
577,2,1,43,6,0.0,2,1,1,0.7473025173904108,0,3.9535928
586,1,0,35,7,0.6567169164181362,3,1,0,0.5990705612385983,1,44.477398
722,0,1,29,1,0.42740002524530984,2,1,0,0.12457859725603793,0,2.252739
528,1,0,27,7,0.7023850600058376,2,0,1,0.6974163532617365,0,0.6909663
542,1,0,39,4,0.4382233041311714,2,1,1,0.20630505213247863,0,7.568877
552,1,0,34,5,0.0,2,1,1,0.006699789829928758,0,0.9893261
678,1,0,60,10,0.46926945517998964,1,1,0,0.7374613275567816,1,96.73065
575,2,0,37,9,0.5312613180913415,1,1,0,0.5558706356457042,0,46.504913
669,1,0,43,1,0.639600684086515,1,1,1,0.4798036212458289,0,21.774773
636,1,1,43,6,0.0,2,1,0,0.2156074405105687,0,2.0680099
667,0,1,55,9,0.6153631141632047,1,1,1,0.6883826405421717,1,75.64914
652,0,0,45,9,0.4417231314913558,1,1,1,0.766933042105521,1,58.859074
637,0,0,36,10,0.58091494439037,2,1,1,0.4832920543911943,0,15.659225
516,2,0,45,8,0.43461590321393045,1,0,1,0.5790882029233791,0,26.917032
801,1,0,32,4,0.2996058678645182,1,1,1,0.1894526927321559,0,5.5565963
692,1,0,42,2,0.0,2,1,0,0.7261260950420765,0,4.860305
585,1,0,28,6,0.42166881381998567,1,1,1,0.2060572284653184,0,8.078904
590,1,1,32,5,0.0,2,1,0,0.29621953896597125,0,1.0749072
554,2,1,66,8,0.0,2,1,1,0.5837359467829177,0,4.2478456
659,1,0,49,1,0.0,1,1,0,0.5812462090129608,1,64.409256
690,1,0,26,3,0.47070055415726764,1,1,0,0.30626049787754733,0,15.69348
697,0,1,29,0,0.6883015331045367,1,0,0,0.7090047099498002,0,40.32546
610,1,1,36,4,0.5159078731926577,2,1,0,0.513182858963031,0,0.81618166
599,2,1,36,4,0.0,2,0,0,0.06600120311489746,0,3.7288644
544,1,1,23,1,0.3845035249172284,1,1,0,0.17771392167952038,0,3.8681872
548,1,0,46,1,0.0,1,1,1,0.5223372832105466,1,38.65107
635,2,1,24,4,0.5587813761356255,1,1,1,0.7146895028475219,0,21.708628
722,1,1,20,6,0.0,2,1,0,0.977466848083992,0,0.105867445
564,1,0,33,4,0.5418385608276254,1,1,0,0.315822261025928,0,18.715157
719,1,1,69,3,0.0,2,1,1,0.2915702449583935,0,0.90127385
547,0,1,50,3,0.32399616912189333,3,0,1,0.8887621267831077,1,97.74456
850,1,0,42,8,0.0,1,1,0,0.09811466995098031,1,17.554216
515,0,1,60,9,0.45323326295548927,1,1,0,0.0920720928848705,1,92.91474
667,2,1,56,2,0.6731142512882422,1,0,1,0.09444001902181656,0,40.787758
607,0,1,36,8,0.5716334468707992,1,1,0,0.48938393616590387,0,35.963387
525,1,1,26,7,0.6123776789213502,1,1,1,0.31596167433989947,0,1.517266
606,2,0,53,1,0.43575485170094364,1,1,1,0.3792783710844385,0,68.79047
686,0,0,27,1,0.45873557666381604,2,0,0,0.3930919402802968,0,19.660477
611,1,1,35,10,0.0,1,1,1,0.11794451370105843,1,28.403355
827,2,1,46,1,0.7304811288121007,1,1,1,0.06724987236281064,0,73.55314
572,1,1,33,9,0.2717984820051839,1,1,0,0.09994319457508191,0,13.366122
726,1,0,32,8,0.0,2,0,0,0.9254086265238329,0,0.6051794
579,0,1,31,6,0.5569175118072841,1,0,1,0.6790838525079145,0,9.172932
598,2,0,56,4,0.39205292475522635,1,1,1,0.22121987649820557,0,71.7119
663,1,1,36,10,0.0,2,1,0,0.6817549575984505,0,1.8424386
505,0,0,37,10,0.48806258349754683,2,1,1,0.2634372082533882,0,12.588699
576,0,1,30,7,0.5268051661931744,2,0,0,0.468822022503149,0,2.5209131
555,2,0,24,2,0.0,2,0,1,0.9893693347714706,0,3.6112432
524,1,1,30,1,0.0,2,1,0,0.6340669033892736,0,1.0237956
776,2,1,39,2,0.41590372409770043,1,0,0,0.3974953108021816,0,28.762589
645,0,0,41,2,0.5535356606341644,1,1,0,0.6496867950889309,1,32.06641
850,0,0,32,0,0.4662008786117105,1,0,0,0.875498810136368,0,23.410051
603,0,1,35,1,0.419875775060703,2,1,1,0.6519018566273078,0,4.267052
691,1,1,26,9,0.5445365885407897,1,1,0,0.7661552678280775,0,4.86635
583,1,0,29,10,0.0,2,1,1,0.5564244885386554,0,0.8990058
584,1,0,66,5,0.0,1,1,0,0.24773265846888373,1,96.51003
679,1,0,33,6,0.0,2,1,1,0.49006815150846905,0,2.0584612
646,1,1,36,6,0.4960002684755393,1,1,0,0.4423909483355661,0,7.251346
559,1,0,34,5,0.27501070255257826,2,1,1,0.3343703823715165,0,0.99126726
595,2,1,36,6,0.34184564737021317,1,1,1,0.12396778892384222,0,23.738472
527,1,1,47,1,0.0,1,1,0,0.10651307199837583,1,57.816845
684,2,1,34,9,0.40107120783581895,2,1,1,0.9513518541020667,0,3.4255784
673,2,0,32,0,0.0,1,1,1,0.3643435448085292,0,20.354292
802,2,1,38,7,0.0,2,0,1,0.2887929297247887,0,2.0877075
675,1,1,54,6,0.0,1,1,0,0.5513639552577271,1,70.943794
762,2,0,19,6,0.0,2,1,0,0.27746944833231574,0,0.69117147
580,1,1,50,0,0.5007904205249232,1,1,0,0.2876749729599177,1,74.99637
621,0,0,31,8,0.40006438470695416,1,1,1,0.45190655707620075,0,23.391195
411,1,0,36,10,0.0,1,0,0,0.6034714815264858,0,10.385685
815,1,1,24,7,0.6852292897088217,1,0,1,0.8901719114175403,0,4.4257436
631,0,0,32,2,0.5851419195737999,2,1,1,0.9049799755876686,0,6.648988
514,0,0,45,3,0.43456779603224566,1,0,1,0.7770523585002367,1,87.85574
638,1,1,57,6,0.0,1,1,0,0.16834057652505813,1,90.30268
791,2,1,25,7,0.0,1,1,0,0.4483163142080068,0,9.21549
516,1,1,35,5,0.5127722973100354,1,1,0,0.6377943093565435,0,9.671009
734,1,1,37,3,0.3204002469687992,1,0,1,0.38634209567013644,0,5.89356
611,1,1,58,8,0.0,2,0,1,0.5383219097423804,1,30.339252
850,0,1,43,0,0.4324816502190193,3,1,0,0.9202539842554963,1,93.63282
641,1,1,31,10,0.6216793838486376,1,1,0,0.45753934500744825,0,21.568007
585,1,0,38,5,0.0,1,1,1,0.4368016145541899,0,13.7094555
552,0,1,50,4,0.4829672477777731,1,1,0,0.5875235584998367,1,92.37497
507,1,0,29,4,0.35611857387993673,2,0,0,0.9031617519473109,0,0.5833041
735,2,1,38,7,0.34329360578233187,2,0,0,0.46738153493658646,0,1.9439802
707,1,0,58,3,0.4079220371904785,1,1,1,0.573360055885337,0,50.094254
698,0,0,36,7,0.4833182269342904,1,1,1,0.06688788779328425,0,38.736267
841,1,1,31,2,0.0,2,1,0,0.8662274247190606,0,1.1360536
688,2,0,33,2,0.0,1,0,0,0.13774115428023376,1,78.727936
614,1,1,51,3,0.0,2,1,1,0.027706595979916076,0,7.725457
511,0,1,48,6,0.5967605413018489,1,0,0,0.4415236155052807,1,93.766426
447,1,1,43,2,0.0,2,1,0,0.16935457336175605,1,10.062898
738,1,1,35,5,0.642787077414579,2,1,0,0.9071780855071658,0,0.6441886
422,1,0,33,2,0.0,2,1,0,0.5132676670622044,0,1.3120764
537,2,1,30,1,0.41107594721027974,1,1,1,0.4827653040865402,0,5.571727
707,0,0,40,3,0.4369440994947391,1,1,0,0.9468626753854993,0,44.522453
690,1,1,54,5,0.0,1,1,0,0.06418627978971991,1,75.51506
664,0,1,33,7,0.38775169631622153,2,1,0,0.7171772404264606,0,1.4029465
850,1,0,33,7,0.4703274544656757,1,1,0,0.9199490551347653,0,6.106513
584,2,1,32,9,0.3409146319129014,1,0,0,0.845709065215728,0,26.543167
728,1,0,59,4,0.0,1,1,1,0.8168493591137953,1,57.983654
560,2,0,43,4,0.37919953874499407,2,1,0,0.615908119225386,1,18.392353
629,1,0,31,6,0.0,1,1,1,0.08218794894912462,1,7.775805
658,1,1,25,3,0.0,2,0,1,0.8697671627640439,0,0.23224209
794,0,0,54,1,0.3025166114257785,1,1,1,0.9608071570835014,0,83.31244
790,1,0,41,2,0.5046641447130985,1,1,0,0.9911586556516147,0,19.098164
640,1,1,44,7,0.44573264786511535,1,1,0,0.33598788684319353,0,24.756788
652,2,1,37,7,0.0,2,1,0,0.3439245947988032,0,5.768686
583,1,0,57,3,0.9501370058257519,1,0,1,0.7398377045007797,1,70.65412
775,1,0,32,2,0.43323948779362975,2,1,1,0.8053676626117794,0,2.8733501
584,1,0,39,2,0.44913729713924894,1,1,1,0.6387511507348952,0,14.147854
635,0,0,48,4,0.3250598280760129,2,1,0,0.9596055923340678,0,11.57728
814,1,1,48,9,0.5444316056770302,1,1,1,0.9289903185754238,0,46.802616
735,0,0,43,9,0.3938150744790445,1,0,0,0.9228804350815503,1,76.6932
678,1,0,31,1,0.0,2,0,1,0.6522376386944952,0,3.0262473
693,1,1,37,1,0.0,2,1,1,0.4143194175043717,0,6.8253517
640,1,0,30,6,0.428459618803794,1,1,1,0.9381927974121528,0,4.929283
773,2,0,23,8,0.0,2,1,0,0.28376814985831145,0,3.6102097
736,1,0,30,9,0.0,2,1,0,0.17086006713641153,0,0.5661554
693,1,0,28,8,0.0,2,1,1,0.7927440570574489,0,4.6328907
496,1,0,41,1,0.7015758868471259,2,1,0,0.9117190691711058,0,4.5073113
751,1,0,39,3,0.0,2,1,1,0.42085899203373917,0,3.8129454
528,0,1,39,0,0.5086990498811689,1,0,1,0.11094169493186598,1,75.08696
754,2,0,19,9,0.0,1,1,0,0.9482382067487444,0,3.4843345
568,0,0,26,10,0.437704248764907,2,1,0,0.7724728211544203,0,2.3817694
592,2,0,41,2,0.5529533524946325,1,1,0,0.45008878347882225,0,54.24865
558,0,1,25,10,0.4438579026249264,2,1,0,0.986358047193507,0,1.4223155
825,1,1,34,9,0.0,2,1,1,0.1596226439624984,0,1.0372542
677,0,1,28,0,0.5738903791575297,2,1,0,0.04372472571130542,1,22.106298
653,1,1,34,5,0.47365346623403953,1,1,1,0.2640679684909909,0,2.7176018
593,2,1,35,4,0.6442366699563158,1,1,1,0.0999939494221698,0,14.496538
632,1,0,44,3,0.5332598984711284,1,1,1,0.17299432095765144,1,40.29754
601,0,1,35,8,0.2851908119348378,1,1,0,0.8869490536346221,0,44.055984
786,1,0,62,8,0.0,1,1,1,0.8285344250375911,0,32.527946
654,1,0,40,3,0.0,2,1,0,0.8394677691719559,0,1.4017018
572,1,0,38,7,0.0,2,1,1,0.6656187665922095,0,1.4428583
813,1,0,62,10,0.25774588399616755,2,0,1,0.702279867727368,0,10.678722
523,1,0,28,2,0.48292161171892545,1,1,1,0.2996647679853426,0,8.280351
506,2,1,50,3,0.0,2,1,0,0.06003178303527987,0,31.495705
513,2,1,72,3,0.3941961455346273,1,1,1,0.4062370956426339,0,7.693076
664,1,0,31,7,0.4151440132525521,1,1,0,0.6708554166922941,0,9.393799
684,1,1,54,6,0.0,2,1,1,0.4744304081039739,0,4.3886743
608,2,0,63,3,0.5561219298241769,2,1,1,0.8785067973991516,1,22.303345
527,1,0,25,6,0.0,2,0,1,0.48378120110470546,0,0.4830476
666,1,1,53,5,0.2576611882537647,1,1,0,0.6401006296101277,1,66.62754
779,1,1,71,3,0.0,2,1,1,0.7344890437036736,1,2.761588
629,1,0,40,6,0.0,2,1,1,0.6967901434587002,0,3.0357683
430,1,1,35,1,0.4738745520143259,1,0,0,0.014561540627129891,0,4.2138395
712,1,1,24,2,0.0,1,0,1,0.6061625385224289,0,3.9238372
682,1,1,30,9,0.0,2,1,1,0.01021017507171935,0,1.0516033
634,1,0,41,8,0.2718792717792312,1,1,1,0.031857442385747836,0,11.759958
487,2,0,31,1,0.0,2,1,0,0.7937685548969926,0,3.7723653
808,2,1,47,8,0.5547909910354439,1,0,1,0.37011924638803007,0,60.37642
527,1,0,32,7,0.0,2,1,1,0.22046190411184266,0,0.9461877
637,0,1,50,4,0.5035731838373103,1,0,1,0.08656536699254778,1,90.03749
802,2,1,40,5,0.0,2,1,1,0.8752441358149703,0,3.818308
529,1,0,38,2,0.0,1,1,0,0.731956251822049,1,28.421978
850,1,0,43,3,0.0,2,0,0,0.012272272001976189,0,2.633377
738,1,1,18,4,0.0,2,1,1,0.23896067074405605,0,0.17559294
817,1,1,34,5,0.5152627108480579,1,0,0,0.8278353582767154,0,21.746836
735,1,1,31,3,0.4765215629979488,1,0,0,0.36461532076313286,0,3.2477782
619,0,0,41,5,0.36854636876669733,1,1,0,0.19131272036479482,0,55.600327
671,1,1,27,5,0.0,2,0,0,0.6044651764243485,0,0.26346445
581,2,0,31,6,0.0,2,1,0,0.9419181031788535,0,7.073462
690,2,1,36,10,0.0,2,1,0,0.2794834406685838,0,11.985417
579,2,1,56,4,0.39594095754176534,1,0,0,0.022562954762179784,1,99.026146
688,2,0,24,3,0.0,2,1,1,0.510966697319594,0,7.5159893
599,2,0,28,4,0.5055191532147575,2,1,0,0.3041865998202828,1,9.263011
729,0,1,29,5,0.43713573108507925,1,1,1,0.12769664502960032,0,7.180927
718,1,0,29,3,0.0,1,0,1,0.672317756345731,0,4.255053
712,0,1,53,6,0.5369908953870474,2,1,1,0.6635186660326061,0,10.170774
474,1,1,37,3,0.3923161391942043,1,0,0,0.37847044392739504,0,10.108921
565,0,1,33,8,0.5196066259412337,2,1,0,0.5282046935482339,0,2.8162787
658,1,0,31,7,0.4941247659557712,1,1,0,0.5107596275444305,0,12.027483
714,1,1,63,4,0.5503515790016577,1,0,1,0.833409390596802,0,16.563845
725,1,1,45,1,0.5175620109343998,1,0,0,0.12104690997990307,0,34.150867
825,1,1,40,6,0.5273384903009825,1,0,0,0.5856105258052143,0,21.632969
665,0,0,45,5,0.6195648998364237,2,1,0,0.25932661569179855,1,15.651144
670,2,1,35,2,0.49529528104418813,2,0,1,0.42158751160735847,0,0.6768292
474,0,0,34,9,0.702721013141232,1,1,0,0.80108495361307,0,72.83569
591,1,1,40,2,0.3981155057816503,2,1,1,0.4434604004682447,0,3.2343183
508,1,0,31,7,0.0,2,1,1,0.030560768553396844,0,1.0984575
695,1,0,36,2,0.0,2,0,1,0.8387699025256912,0,5.7545958
660,0,1,24,5,0.3391388910134789,1,1,1,0.35816630488211626,0,5.854954
687,0,1,41,10,0.5353496712549706,2,1,1,0.9903592793111741,0,11.029313
658,0,1,29,5,0.3005026064566694,2,0,1,0.27454291884875004,0,1.6037288
705,0,0,33,5,0.46539094817341975,1,0,0,0.9533289929188238,1,61.507534
739,2,1,60,4,0.0,1,1,1,0.2581551038124141,0,53.479183
844,1,1,38,7,0.44441015872221273,1,1,1,0.596665981601243,0,15.346752
602,0,0,48,7,0.3052836312942837,2,0,0,0.6354784881956227,0,19.159227
759,1,0,33,9,0.6398668080733496,2,0,0,0.4676924646303722,0,0.32613134
747,0,1,38,2,0.5170569453119392,1,1,0,0.44643243429747537,0,38.25964
673,1,1,47,1,0.0,2,0,0,0.543804833361586,0,1.8093934
671,2,0,34,5,0.5218414376928896,4,1,1,0.14114682952221935,1,11.320228
640,0,0,74,2,0.4655286534863618,1,1,1,0.1706105433068858,0,2.998328
581,0,1,40,0,0.4026197648615022,1,0,1,0.039577629663632874,1,57.041145
630,1,1,67,5,0.0,2,1,1,0.1366064959203604,0,1.5942057
703,1,0,33,8,0.7595380658338213,1,1,1,0.39996599675268985,0,4.618688
698,2,0,47,6,0.0,1,1,0,0.2510351238543281,1,84.43232
742,0,0,43,6,0.3868809443706806,1,0,1,0.30457133656264174,1,74.93107
652,1,0,37,4,0.3675139177026019,1,0,1,0.9885355051407408,1,8.112762
644,1,1,37,2,0.7427237489133537,2,1,0,0.4640350653487408,0,1.1925716
735,2,1,55,2,0.4112291966830039,1,0,1,0.8176009808936753,0,67.64839
777,1,0,58,4,0.0,1,1,1,0.31221726674897454,1,78.49139
644,0,0,40,4,0.30797396664119686,2,1,1,0.5789978942989056,1,15.761874
665,0,0,37,3,0.4460441687698779,1,1,1,0.5517931962502418,1,33.006058
529,0,1,72,5,0.3755152141652414,1,1,1,0.393458075246186,0,13.105233
803,2,0,45,7,0.0,2,1,1,0.64189360083888,0,18.981123
604,2,0,26,3,0.0,2,1,0,0.7762593327662791,0,3.6058915
738,1,1,49,6,0.42555453491096734,1,1,0,0.6174974210037059,0,38.883736
655,0,0,72,5,0.5503827071780419,2,1,1,0.4995918610227277,0,0.95778054
698,0,1,39,9,0.5308577279324845,2,0,1,0.2664149926317963,0,4.037013
775,1,0,66,9,0.0,2,1,1,0.3380860872213296,0,5.3348517
735,1,1,41,7,0.29548192256067,1,1,1,0.05886322143764729,1,8.738135
766,2,1,41,6,0.3954133728160307,2,1,0,0.3119837944523702,0,2.025049
537,0,1,84,8,0.3676486337540473,1,1,1,0.9312109306438765,0,10.934271
599,0,1,25,7,0.4319710843554051,1,1,1,0.395009573414261,0,7.506111
420,2,0,55,4,0.3662575510240035,1,1,0,0.7243626766356186,1,88.589714
674,1,0,32,7,0.3418038375660811,1,1,1,0.47739269100199067,0,3.1254
570,1,0,46,3,0.0,2,0,0,0.0040447862770894615,0,6.336029
623,0,1,33,8,0.3856522781819503,1,1,1,0.8739154589263275,0,16.023293
710,1,1,30,6,0.0,2,1,1,0.04490223816374463,0,0.6672748
466,1,1,29,6,0.0,2,1,1,0.013929780294018078,0,0.9173228
759,1,0,22,5,0.0,1,1,0,0.11146859525084643,0,8.797851
581,1,1,71,4,0.0,2,1,1,0.98784683937316,0,0.58277947
820,1,1,33,2,0.5267089119729849,2,1,0,0.11529296047772562,0,0.57418233
759,1,1,41,9,0.0,2,0,1,0.9515035685908003,0,0.6186751
628,1,0,31,6,0.6992629955851797,1,1,0,0.5658319869547541,1,13.787374
676,1,1,31,3,0.3148296186710708,1,1,1,0.6238873812449088,0,5.1293364
591,1,0,33,4,0.45334490190818116,1,1,0,0.623127008629324,0,25.936735
690,1,0,26,5,0.6282424868200472,1,1,1,0.24796213038345158,0,6.303534
624,1,0,62,7,0.49886238671645533,2,1,1,0.757071900366485,0,8.167384
573,1,0,23,2,0.0,1,1,0,0.6148217154738277,0,12.523174
694,1,1,60,9,0.0,1,1,1,0.28541420705677395,0,12.899815
632,2,0,29,7,0.3225323476954329,1,1,0,0.03904972924914329,0,43.77445
632,1,1,40,3,0.7706509842302905,2,1,0,0.7459553887396246,0,0.82348555
832,0,0,40,9,0.4290544419847916,2,1,1,0.6732012407184885,0,6.5305657
598,0,0,46,7,0.5251894902826881,1,0,0,0.9249315809659823,1,86.86742
430,0,1,36,1,0.5539798250357347,2,0,0,0.6118676333589858,0,1.8577102
711,1,0,37,8,0.45396886042456525,1,0,0,0.40105640088628464,0,12.776019
582,0,1,26,6,0.45616257979484826,1,1,1,0.07035701909532359,0,5.2627263
605,1,1,39,3,0.0,2,1,0,0.996989562503219,0,0.87246245
657,1,0,37,2,0.0,2,1,1,0.03828315604140195,0,3.2491877
578,2,1,40,6,0.25352891287454604,1,0,0,0.3748059439676489,1,41.6492
532,1,1,38,9,0.0,2,0,0,0.15287644970094644,0,1.6019404
612,1,0,42,10,0.30090906630656294,1,0,0,0.7484274748238456,0,64.069275
792,1,0,42,2,0.0,2,1,0,0.46330679579899875,0,2.2343867
674,1,0,26,10,0.0,2,1,1,0.6921236978131411,0,1.0398418
680,1,1,31,1,0.0,2,1,1,0.01568459787909745,0,2.9397404
593,1,0,39,0,0.4691336231375855,1,1,0,0.9897041167431488,0,26.446083
679,0,1,35,1,0.5199862222944783,2,1,1,0.18666577658166353,0,4.6004257
493,2,1,32,8,0.1839837840136607,1,1,1,0.39786709630769734,0,4.1391993
688,2,1,42,5,0.0,2,0,0,0.9880479085752689,0,6.320539
769,0,1,43,4,0.4391525658884052,2,1,1,0.43767049753251436,0,5.5082784
581,2,1,49,10,0.0,2,0,0,0.20807992163251587,0,12.516306
465,1,1,41,9,0.46720622703823694,1,1,0,0.8414272062982014,0,15.335872
641,1,0,35,4,0.0,2,0,0,0.6299331586166478,0,0.6652951
731,0,0,43,9,0.3153482356123158,1,0,0,0.0026849564133374733,1,87.975174
625,1,1,37,1,0.7057416818119262,2,1,1,0.4804306811300479,0,4.2127476
468,1,1,36,3,0.24566536158166852,1,0,0,0.5389306678787824,0,7.2049675
790,1,1,26,5,0.0,1,1,0,0.10250583930765388,0,4.2465773
587,0,0,37,6,0.4161611194409651,1,1,0,0.9601638956520346,0,63.078945
692,1,1,66,4,0.6366410362071708,1,1,1,0.590939284701689,0,1.8381466
676,0,0,34,4,0.3564675601954563,1,1,1,0.9477373589177767,0,29.960522
571,1,1,41,8,0.0,1,1,1,0.3186533813979235,0,3.748161
700,1,0,32,3,0.0,1,0,0,0.47868966486299436,0,16.19916
445,1,0,30,3,0.0,2,1,1,0.6396991412679911,0,1.4250344
746,1,1,36,7,0.5675641851239283,1,1,1,0.9672279202663854,0,7.1139617
722,1,0,47,2,0.3507854523723158,1,1,1,0.4532650868157909,1,62.484806
596,1,1,36,2,0.0,2,1,1,0.060284807199087506,0,4.1651645
850,0,0,30,8,0.617263686622724,1,1,1,0.27092487332540255,0,2.4840837
597,2,0,46,4,0.0,2,1,0,0.29330591071447326,1,24.413218
436,2,1,43,5,0.0,2,1,1,0.17839628684539371,0,14.963142
660,0,1,28,1,0.47191371604303567,2,1,0,0.07139356808575219,0,1.938037
649,1,1,37,9,0.3482484860685867,2,1,1,0.0011790125957028897,0,3.0171316
646,0,1,32,8,0.42008211381760624,1,1,0,0.3905385964359596,1,25.364054
560,2,0,31,5,0.499572117109381,1,1,0,0.3977170319765537,0,53.95345
710,0,1,49,10,0.5148101366574772,1,1,1,0.9663679881428676,0,72.157524
513,1,1,40,3,0.5619989374968937,1,1,0,0.5251345503495584,0,10.576927
607,1,0,21,0,0.0,2,1,0,0.58053014062843,0,1.2560618
757,1,1,57,3,0.3550422006002517,1,1,1,0.26586353996806694,1,57.547153
619,0,1,40,9,0.412933833015628,2,0,0,0.7047446531143723,0,8.531212
612,1,1,24,1,0.7282042282585731,1,1,1,0.859209454502905,0,15.381358
842,1,1,29,8,0.0,2,1,1,0.6171862912908183,0,0.86085004
713,1,1,33,6,0.3770394585307525,1,0,0,0.9876347191156755,1,9.183979
657,2,1,36,8,0.7502689637852564,2,0,0,0.915322063257041,1,4.2108727
770,1,0,37,9,0.0,2,0,0,0.11350653987455801,0,0.57882595
773,1,0,40,10,0.0,2,0,1,0.34649093988475893,0,3.3785474
470,0,1,39,5,0.4681977052914194,2,0,0,0.31850201694261804,0,7.154879
781,2,1,35,4,0.3220061978152166,1,1,0,0.5821452448708851,0,34.117474
428,1,0,62,1,0.42940115646157373,1,0,1,0.29187882442773283,0,31.273806
600,0,1,43,8,0.5316079129976637,1,1,0,0.886920100869633,1,70.42701
697,2,0,37,7,0.6698610977867548,1,1,0,0.17721167371483973,0,43.973946
692,0,0,43,2,0.27506981021657045,2,0,0,0.8231278587105068,0,13.58331
791,1,1,28,4,0.0,1,1,0,0.8722027953669576,0,10.580014
538,0,0,42,1,0.39278346040816814,2,0,1,0.47022575655975146,0,28.763628
820,1,0,49,1,0.0,2,1,1,0.595435214062943,0,30.336683
679,2,0,26,3,0.3051201386188313,1,1,1,0.924031695026875,0,6.4243374
649,1,0,36,2,0.0,2,0,1,0.37515532733376034,0,3.99401
632,1,0,27,3,0.4279658725182006,1,1,1,0.31348893819359747,0,4.5271597
594,1,1,40,9,0.4879159104001151,2,0,1,0.9544466996598174,0,2.916809
682,1,0,42,0,0.0,1,0,1,0.45989526999828484,1,50.237186
720,2,1,33,6,0.38736293289438756,1,0,0,0.4593924219762987,0,35.33958
769,1,1,31,4,0.244310548557783,2,1,1,0.035535593649193495,0,0.623621
746,2,1,30,1,0.44905351810370503,1,0,0,0.05849968672008176,1,38.978813
623,2,0,40,7,0.0,1,1,1,0.12947506486869495,0,22.428415
537,1,1,28,3,0.6291082965199138,1,1,0,0.43454104867014803,0,3.0940862
468,1,1,46,7,0.3644657079693194,1,1,0,0.054738227500726315,0,40.71802
588,0,0,30,0,0.4390168534164609,1,1,0,0.02889935988886938,1,64.26071
729,2,0,34,9,0.2124366909289744,2,1,1,0.21424241015016932,0,2.5972974
543,2,1,37,3,0.0,2,1,1,0.3945581803062192,0,2.9014235
499,2,1,39,6,0.0,2,1,1,0.4070259709802286,0,2.892918
784,0,1,28,2,0.27992935298949473,2,1,1,0.8962913458235261,0,4.6179185
604,1,1,33,3,0.0,1,1,0,0.21081788310783675,1,9.971756
614,2,0,25,10,0.29977223023100735,1,1,0,0.2947954529657582,0,52.207176
671,1,0,31,7,0.16460480029959576,1,0,1,0.5133977294831656,0,1.8046418
587,2,0,35,3,0.33195374265304295,1,1,0,0.6277696520017662,0,60.131245
593,2,1,43,10,0.0,2,0,0,0.26735773266346935,0,14.533991
453,1,1,29,6,0.0,1,0,0,0.9919169280666302,1,12.193671
570,0,1,35,6,0.3414477567366097,1,1,0,0.5276192876419697,0,50.57549
655,1,0,45,7,0.22848735117911823,1,0,1,0.23670970577690167,0,25.678904
632,2,1,47,3,0.0,2,1,0,0.894139090283122,0,10.696297
681,1,0,37,7,0.2774427258493678,1,1,1,0.3606156887982802,0,20.333738
591,0,1,46,4,0.5152262020009798,1,1,0,0.8175418252443107,0,79.59881
779,1,1,27,1,0.0,2,1,1,0.95314822565555,0,1.4978789
456,1,0,63,1,0.6590349492098565,2,0,0,0.7037996628678038,1,78.95507
686,1,0,41,7,0.6062444317531474,2,0,1,0.661877359287812,0,6.392602
617,1,1,74,10,0.0,2,1,1,0.2697177580458934,0,1.2389636
850,1,0,32,5,0.4236406901304032,1,1,0,0.6099139967866931,0,8.867254
646,0,0,30,10,0.4007550236831217,2,0,0,0.6849263604674245,0,12.130146
735,0,1,46,2,0.42385715251957484,1,1,0,0.5718533619960706,1,63.676273
543,1,1,35,5,0.5479602893748614,1,0,0,0.311918638229951,0,10.329079
490,1,0,37,3,0.4641945660088525,1,0,1,0.12213261366460496,0,15.504928
640,1,1,45,1,0.0,1,1,1,0.05448895369507787,0,34.01846
445,2,1,45,10,0.0,2,0,1,0.4548729403658049,0,7.706552
761,1,1,36,9,0.5087241596777401,1,1,1,0.4052954557160208,0,4.674473
426,1,0,34,3,0.0,2,1,1,0.306125484983816,0,1.1119102
777,1,1,37,1,0.0,1,1,1,0.6341912652658328,0,24.367895
534,1,1,35,2,0.32663357461190723,2,1,0,0.5783399814682302,0,0.8618648
777,1,0,42,5,0.5880149187265635,1,1,1,0.19405788252778136,0,27.51064
806,2,1,18,3,0.0,2,1,1,0.4349563383303105,0,0.20541218
790,1,0,33,10,0.5385482209131206,1,0,0,0.9760602637551885,0,7.567056
643,2,0,32,2,0.0,1,0,0,0.6565134970389671,0,43.98217
584,2,0,37,8,0.0,2,0,1,0.5041661978718968,0,3.241788
638,1,0,34,7,0.0,2,1,1,0.9948860116141091,0,1.6956592
771,2,1,18,1,0.0,2,0,0,0.20767668312323823,0,0.66295373
600,1,0,39,5,0.0,2,0,0,0.5913589247773162,0,1.7212834
661,2,0,41,5,0.1119297081934741,1,1,0,0.34790667508747086,1,43.700047
554,1,0,43,10,0.0,2,1,0,0.7481591992035239,1,7.2790327
627,2,1,49,4,0.4427594486669867,1,0,1,0.7334133909788384,0,64.30889
659,1,0,38,9,0.0,2,1,1,0.6640514169103149,0,3.5828774
835,1,1,35,6,0.5066601742564083,1,1,0,0.14349425370122845,0,24.086315
763,1,0,35,7,0.4609504998623147,2,1,1,0.5235235464986906,0,1.517296
625,0,1,31,4,0.3098589152272941,2,1,0,0.3766564706929511,0,1.4196196
799,1,0,30,9,0.0,2,1,0,0.6841472360610438,0,0.49415833
849,1,1,69,7,0.2869535196541353,1,1,1,0.6953382047985582,0,6.6124277
692,1,1,28,5,0.24544614907192003,1,1,1,0.3508751585776442,0,9.170269
623,1,0,24,5,0.0,2,1,0,0.5807977661866708,0,3.3025305
453,2,0,42,5,0.0,3,1,0,0.4150241848096493,1,91.28586
408,1,0,84,8,0.35023538840012697,1,0,0,0.9424547044242724,1,7.0710897
778,0,0,37,0,0.42095868485886045,2,1,1,0.6685050422315331,1,65.53156
695,1,0,42,5,0.0,1,0,1,0.36083720995355056,1,23.162651
677,0,0,44,4,0.5929523417256783,2,1,1,0.9553221332637266,0,11.024066
662,2,1,37,5,0.3782455657593886,1,1,1,0.24113387828537622,0,14.430377
534,1,1,29,7,0.6969040696961862,1,1,1,0.3958714557240216,0,2.3860626
602,1,1,59,7,0.0,2,1,1,0.8117548725903323,0,7.5527205
554,0,0,43,2,0.4816581505263751,1,1,0,0.03800377936092896,1,77.438385
667,1,1,42,6,0.0,1,1,0,0.4444347935227814,0,9.43186
672,1,1,43,5,0.0,1,0,0,0.31913802768164357,0,13.435754
838,2,0,67,4,0.4115926111673469,1,1,1,0.3915296910854986,0,22.367535
692,2,0,34,4,0.4372256480708961,1,1,1,0.18945474292794962,0,21.544098
675,1,1,49,8,0.5385987195040027,1,0,1,0.8976340240492966,1,22.62005
731,2,1,33,1,0.0,1,1,0,0.653639322555304,0,38.366993
468,1,0,32,8,0.5486270142590564,1,0,0,0.9936084396059823,0,17.97969
542,2,1,43,6,0.45264569371572344,1,1,0,0.447701105455571,0,74.24197
662,2,0,35,6,0.0,2,0,0,0.012062751992815314,1,7.716452
770,0,1,37,5,0.5641623656840115,2,0,1,0.901662358755261,0,1.5210032
675,1,0,61,5,0.24733217379215602,3,1,0,0.8315473127683694,1,97.58613
647,0,1,51,4,0.5227491369105282,1,1,0,0.1493745152662079,0,85.26556
604,1,1,31,6,0.5374197149129354,1,1,0,0.9601797471658543,0,9.41023
833,1,0,39,3,0.0,2,1,0,0.008497361498023062,0,1.3595464
741,2,1,40,4,0.4176366189156721,1,1,0,0.675825441329647,1,43.97445
658,2,1,36,1,0.0,2,0,1,0.42461975118623824,0,4.398376
528,1,0,36,1,0.6255464519478806,1,1,1,0.7495750844205621,1,21.135664
590,1,0,60,6,0.5888914897678178,1,1,0,0.4410144168768117,1,98.360016
675,1,1,34,1,0.49669301986316444,2,0,1,0.81835805319408,0,1.8853317
765,1,1,41,4,0.49495079854932345,1,0,0,0.5007570723004047,0,4.499393
650,1,0,64,7,0.5660798772920113,1,1,0,0.1613329572974219,1,95.17453
817,1,1,44,8,0.0,1,0,0,0.3274829246193012,1,42.307987
699,0,0,31,10,0.501549692945052,2,1,0,0.9469958381025387,0,6.911511
495,0,0,34,9,0.4669637780024552,1,1,1,0.5803437228255298,1,23.841835
491,2,0,61,8,0.0,2,0,1,0.6993165347290666,0,15.702934
847,1,1,51,5,0.38886601328850295,1,0,0,0.7209312489342732,1,93.37314
676,2,0,30,5,0.0,2,0,1,0.7894599934293725,0,3.5723925
746,2,0,25,3,0.4178341493153655,1,0,0,0.35953293539533027,0,15.291407
470,2,0,31,2,0.40524509373506995,2,1,0,0.2251323501394383,0,6.3003526
714,2,1,20,3,0.0,2,0,1,0.7523435988136866,0,0.5218789
695,1,0,50,8,0.0,1,1,0,0.6319104474477313,1,56.922012
674,1,1,46,2,0.696302829567176,1,1,0,0.45093376417447867,1,22.87547
664,0,1,36,6,0.28355245749379765,2,1,0,0.612166011854132,0,1.2397673
697,0,1,31,3,0.43366380349886285,2,0,1,0.6191303769509988,0,2.8772018
670,1,1,68,4,0.0,2,1,1,0.057081051240393456,0,0.5347936
541,1,0,32,4,0.0,1,1,1,0.574754089015501,0,5.1538477
640,1,0,66,9,0.46248961082166873,1,0,1,0.9232105166043356,0,11.684355
647,1,1,28,8,0.0,2,1,1,0.45526192751407757,0,3.3695447
757,1,1,23,2,0.32154074987179065,2,1,0,0.4699452297694429,0,0.95094836
704,0,0,39,1,0.4967774366078275,1,1,0,0.582553333843382,1,48.56914
778,0,1,31,9,0.7264911024232987,2,1,0,0.9531892795761995,0,1.2712902
639,0,0,41,5,0.3931308125940696,1,1,0,0.9998912896181584,0,33.51644
637,1,1,33,5,0.0,2,1,0,0.6997447756260723,0,0.6738272
686,1,1,35,4,0.0,1,1,0,0.044028154688772775,0,18.60241
577,2,1,43,8,0.31788687590248305,1,1,0,0.678260473875255,1,66.83471
506,0,1,28,8,0.21145541602170032,1,0,1,0.12284053127073634,0,6.287894
757,1,1,28,7,0.48191578501055954,2,1,1,0.6562520720728828,0,0.6927955
826,1,1,55,4,0.4594927366724873,1,1,0,0.7006398611067357,0,78.51138
721,1,1,41,2,0.0,2,1,0,0.8411211770724104,0,0.93077254
489,2,1,40,3,0.8829592923565103,1,1,0,0.859359568838824,0,23.329967
446,1,0,51,4,0.4187203258502287,1,0,0,0.35304341564619424,0,80.41629
677,1,1,37,3,0.3521869377323678,1,0,1,0.5897299192072842,0,9.733338
769,1,1,29,2,0.4932581192626856,2,1,0,0.4243459250358409,0,0.6128991
677,2,1,56,5,0.4940650205826597,1,1,1,0.30292462930209835,1,23.68848
555,0,0,62,10,0.4576465289153856,1,0,1,0.04216862710388842,0,60.72424
652,0,0,37,9,0.5787979493984988,1,1,0,0.7956822376536958,0,51.08006
722,0,0,32,5,0.4257012877220389,1,1,1,0.38497231485606875,0,17.845268
643,1,1,36,0,0.5905174885946721,1,0,0,0.279147058544091,0,6.4850583
796,0,0,40,1,0.3975556370317527,1,1,0,0.887647820366845,0,40.474125
720,0,0,37,8,0.6228935022980846,1,1,0,0.22989165465301933,0,39.548275
613,1,1,41,7,0.0,2,1,0,0.3014594893812359,0,1.6862186
506,1,0,57,6,0.0,2,0,1,0.9721405394215147,1,32.579792
608,1,1,50,6,0.0,1,1,0,0.46783062782495727,1,69.44767
667,2,1,77,2,0.0,1,1,1,0.17347326669696952,0,0.40525725
750,1,0,47,7,0.48376673572923573,2,1,0,0.27233610809832337,1,5.719863
610,1,1,33,4,0.44473080683874483,1,0,0,0.569712357530144,0,8.210047
588,0,0,34,10,0.5158182750614005,1,1,0,0.7686521062761493,0,71.534225
479,1,0,26,1,0.0,2,1,1,0.09553607369503787,0,0.5931713
682,1,1,37,5,0.0,2,0,1,0.5627692444628462,0,2.6300707
677,1,0,36,7,0.0,1,1,0,0.2365584413311471,0,15.279176
850,0,1,40,6,0.3770737353959132,1,1,0,0.18341206585228886,0,47.997612
580,1,0,56,1,0.5235922680798407,1,1,0,0.5345865030110375,1,96.3897
746,1,0,21,8,0.6651428474405685,2,0,1,0.9728532574860899,0,0.22306386
635,2,0,37,3,0.0,2,1,0,0.4554192425376623,0,4.474463
664,0,1,25,6,0.6887765466847516,2,1,1,0.5400369235261967,0,0.22198385
558,0,0,36,0,0.5046137656926764,2,1,1,0.8618420059115645,0,48.609024
415,1,1,46,9,0.5378685425624404,3,0,0,0.8929641780790064,1,70.82367
798,1,0,60,6,0.3864361821168109,1,1,0,0.15949453172777997,1,96.25305
792,0,0,29,4,0.42886651707870715,1,1,0,0.09456203067392935,1,32.83467
489,0,0,46,8,0.36692212363992094,1,1,0,0.7361271501428387,1,80.31277
730,1,1,33,0,0.0,2,1,0,0.007316748749505577,0,4.189291
773,1,1,41,4,0.0,2,1,1,0.12457859725603793,0,1.2117082
711,1,1,36,9,0.548783412420557,1,1,1,0.23438498376594963,0,5.950017
592,2,1,55,8,0.342152584740681,2,1,1,0.6445957588949744,0,24.071253
695,0,1,27,6,0.5004141721445549,1,1,0,0.5264486758485435,0,24.945337
640,1,0,33,1,0.6667983004573691,1,0,1,0.726919770838115,0,9.637133
470,2,1,31,4,0.22213369579656825,2,1,1,0.518954310136618,0,1.7219456
789,0,0,37,6,0.4411714333895488,1,1,1,0.3555812580101399,1,41.083008
604,2,0,39,7,0.3927654849823688,1,1,1,0.2616049332711274,0,34.153774
493,0,0,35,8,0.7107172477877374,1,0,0,0.9871795756494746,0,58.164967
671,1,0,48,8,0.46119856870971004,2,0,0,0.4160360314410026,0,5.473414
656,1,1,46,9,0.5710172604343063,2,0,0,0.9655314582542632,0,2.805507
739,2,1,19,5,0.35771579608278414,1,1,0,0.9650768648405922,0,5.1359444
560,2,0,26,3,0.46463665785578523,1,1,0,0.7878541900751521,0,26.879543
827,0,0,47,8,0.5699585038690411,2,1,0,0.5448816361962567,0,12.562293
681,1,1,23,7,0.628787409262462,1,0,0,0.7388118565322987,0,12.218389
740,1,0,37,5,0.0,2,1,1,0.13759724053647124,0,3.0209486
663,2,1,31,4,0.41223952721202467,2,0,1,0.18235586498510603,0,0.89430374
845,2,0,52,0,0.0,1,1,0,0.15859104544483996,1,96.12722
555,2,1,27,5,0.0,2,0,0,0.48198067915485926,0,3.2669115
680,0,0,48,8,0.45881329746272687,1,1,0,0.6978017400661763,1,86.90354
638,0,0,39,0,0.48825114611275044,2,1,1,0.47502646502741014,0,44.288315
640,2,1,62,3,0.0,1,1,1,0.508307993413371,0,29.931494
778,1,1,42,6,0.0,2,1,1,0.5309800085908204,0,1.1960862
679,1,1,45,3,0.5849316748485411,1,1,0,0.24229968962035872,0,32.623856
593,1,0,32,3,0.0,2,1,1,0.7599064710679869,0,1.820573
788,1,1,55,3,0.0,1,0,1,0.06639074031570014,1,81.06683
770,1,0,70,9,0.44137000006656096,1,1,0,0.11328676888642865,1,91.606285
729,1,1,67,2,0.3754663895607974,1,0,1,0.5119462908707781,0,5.210598
545,1,1,47,8,0.4216552226443813,1,0,1,0.3391254864839592,1,72.313515
597,1,1,41,4,0.6105994270422705,1,1,1,0.4604378718167585,0,13.789018
537,1,1,38,3,0.0,2,0,0,0.7051244893887366,0,0.83279264
732,1,1,79,10,0.2463599065261916,1,1,1,0.5211058656101658,0,0.5498962
542,1,1,34,8,0.403016459790507,1,1,0,0.9820111320631119,0,12.165909
688,0,0,46,0,0.2967669064359956,1,0,1,0.03427692344618911,0,87.23995
542,0,1,33,8,0.5694394485027766,2,0,0,0.388668517843454,0,2.907507
754,0,1,35,6,0.3929322060602375,2,0,1,0.5305769701006445,0,1.1245509
750,1,0,37,6,0.0,1,1,1,0.5897384200191118,1,12.495345
731,1,1,30,7,0.0,2,1,1,0.922938640640181,0,0.64024657
699,1,0,43,3,0.3218997402491187,1,1,0,0.9969302068347525,1,42.162666
534,1,0,42,9,0.5771346047313474,1,0,1,0.06236500585805944,1,28.562063
494,2,1,27,2,0.0,2,1,0,0.11197599370739904,0,2.0318348
497,0,1,35,7,0.43863873176555473,2,1,1,0.46442175227734245,0,2.0972273
632,1,0,28,5,0.4738609608387215,1,0,1,0.725801264020714,0,8.732294
724,1,1,31,5,0.0,1,1,0,0.6744562605728848,1,5.8047194
751,0,0,37,0,0.6027107659528218,1,1,1,0.5465407446411131,0,52.109344
733,1,1,42,9,0.5998738770789368,1,0,1,0.8498438600886384,0,11.209938
701,2,0,21,9,0.0,2,1,1,0.13159176701374978,0,0.34967974
525,0,1,33,4,0.5222190412051364,2,0,0,0.2753330443057312,0,1.83875
666,0,0,44,2,0.4875067004296446,1,0,0,0.3428492421026208,1,72.98379
653,1,1,29,2,0.0,2,1,1,0.20832104465976498,0,0.4237698
850,1,1,28,4,0.0,2,1,1,0.06199307033821729,0,0.6504794
646,0,0,52,6,0.4453577147598055,2,0,1,0.34181064291639845,0,67.50408
750,1,1,43,6,0.4538986725646258,1,1,1,0.37279975237635193,0,28.649988
764,1,1,24,7,0.3911891477531774,1,1,0,0.13417371358964778,0,9.183291
658,1,0,32,9,0.0,2,1,0,0.7838907115629542,0,1.2985479
727,1,1,32,1,0.23623862581018454,1,1,1,0.23006122084659084,0,5.9923663
687,1,0,31,2,0.0,2,0,1,0.7270684850403214,0,5.5302553
631,2,1,33,2,0.0,2,1,1,0.7913618750590681,0,3.008302
797,1,1,30,10,0.276659898048646,1,1,1,0.37316558731358845,0,5.439982
650,2,1,25,7,0.6400967819244858,2,1,1,0.14191325271563432,0,0.8545445
850,2,1,22,3,0.0,1,1,1,0.7219387451501619,0,3.4675975
676,1,0,40,2,0.5890976690974412,1,1,0,0.4758928477669617,1,20.244093
620,2,1,44,8,0.0,2,1,1,0.07808710731874893,0,12.788584
576,1,0,52,9,0.6784770262699091,2,0,0,0.7424008492811063,1,54.42152
482,1,0,35,2,0.5305410256411279,1,0,1,0.3997700280376776,0,4.688953
695,2,0,39,5,0.0,2,0,0,0.5138096188185972,0,5.4996033
706,1,1,18,2,0.702036033833498,2,1,0,0.6482751102730311,0,0.24883044
668,1,0,32,2,0.0,2,1,1,0.203223157811571,0,1.0549738
679,0,1,35,1,0.439402029724499,1,1,1,0.8914826865965699,0,28.409233
703,1,0,45,5,0.0,2,1,0,0.6595372858107948,0,3.0736325
670,2,1,67,6,0.6326057324709009,1,1,1,0.5930357349126841,0,3.914519
590,1,0,76,5,0.6416138122055852,1,0,1,0.06919160779854475,0,1.3282084
613,2,1,35,4,0.49246150100225955,2,0,1,0.8545407086376748,0,4.4989085
742,1,0,60,4,0.0,1,1,1,0.06575667976291735,1,59.14648
608,1,0,33,4,0.0,1,1,0,0.39650186592819614,1,21.549118
571,1,1,40,10,0.44997098224223236,1,1,1,0.6070127197147327,0,9.784543
595,1,0,39,7,0.4821165836694892,1,0,0,0.11647827367513595,0,21.372185
745,0,1,48,10,0.38281897642186125,1,1,0,0.37253092670350013,0,80.019516
589,1,0,21,3,0.0,2,0,1,0.27797584669335923,0,0.78198016
749,1,1,37,10,0.7376050570970868,2,1,1,0.6726406871856262,0,6.0237637
678,1,0,22,6,0.47056926579233826,2,1,1,0.9771554683472271,0,0.7619018
603,1,1,46,2,0.0,2,1,1,0.2977879887529259,0,7.0900545
504,1,0,73,8,0.0,1,1,1,0.17293651543722424,0,1.716513
739,0,1,40,5,0.5943888612304702,3,1,1,0.30015571487077014,1,20.971798
604,1,0,34,7,0.0,2,1,0,0.9651417210343587,0,1.5982218
612,1,0,35,3,0.0,1,1,1,0.24050866857784917,0,21.186346
629,2,0,44,6,0.5002548245783777,2,0,0,0.39539366009453897,0,15.111226
652,2,0,42,3,0.33277284015992314,2,1,0,0.18953080019141827,0,13.57487
565,1,1,34,7,0.0,1,0,0,0.3729469164305191,0,9.185964
707,1,0,49,10,0.0,1,1,0,0.4148215654595014,1,69.93562
645,1,1,30,1,0.5011567047003028,1,1,1,0.9672406214793513,0,5.352932
762,0,0,34,8,0.39295986669328575,1,0,1,0.9589851330802092,1,15.034554
639,2,0,39,1,0.5651264623018852,1,1,0,0.4622660464074319,0,34.176933
709,0,1,22,0,0.4501816255356907,1,0,0,0.7761739746145756,0,25.375187
823,1,1,34,3,0.4187251086686232,1,1,0,0.046036096447210705,0,9.327717
817,0,0,46,0,0.35507599918357297,1,0,1,0.4396933407140382,1,89.9333
665,0,0,27,2,0.5876328512504818,1,0,0,0.9375719381200904,0,21.570402
646,0,1,39,0,0.6155481693782524,1,1,0,0.8576193026434024,0,44.678135
568,1,1,30,8,0.2911714871962557,2,1,1,0.13501499393192049,0,0.32257006
850,1,0,62,1,0.49692825481453456,1,1,0,0.354555960094189,1,96.77305
473,0,1,40,8,0.6081204125547549,2,1,0,0.36534539048479125,0,13.84847
731,1,0,41,9,0.6067944558685163,1,1,1,0.4439024426832762,0,13.759285
619,1,1,25,4,0.0,1,1,0,0.7276333889886483,0,4.8127246
715,0,1,42,2,0.35122216354855473,2,1,1,0.1066183820554863,0,3.780816
772,0,0,51,9,0.5736628764292309,1,0,1,0.23334193415471177,1,89.33831
686,1,0,31,1,0.0,2,1,0,0.023955637763406402,0,5.496473
749,0,0,29,7,0.5462737878953164,3,1,0,0.5148698700725919,1,13.459987
781,1,0,27,7,0.7435630538279506,1,1,1,0.875382148995229,1,2.9225836
675,2,1,66,5,0.46096193876964153,2,1,1,0.6598594165742827,0,1.5124618
730,2,1,29,2,0.0,2,1,0,0.07081931324441483,0,4.273634
683,2,1,38,3,0.5028051030599715,1,0,0,0.07684318852450409,0,60.42026
554,0,0,51,7,0.42129419956923553,1,0,1,0.8990169061145339,1,90.11229
722,1,1,46,6,0.0,1,1,1,0.4695753444453945,1,23.932873
689,0,1,67,9,0.6261298362215513,1,1,1,0.49743965548709895,0,7.330589
796,0,1,40,2,0.45129231553735627,2,1,1,0.2320397097922851,0,1.3951852
447,1,0,32,10,0.0,1,1,1,0.7590933934190716,0,8.204098
498,0,1,37,8,0.43217897752828655,2,1,1,0.07427444320932648,0,2.1159866
663,2,1,27,8,0.0,1,1,1,0.940071826859465,0,3.1574662
498,0,0,44,2,0.48108245861895566,2,1,1,0.49086767786323593,0,33.059586
627,1,0,32,1,0.0,1,1,0,0.5342516210298083,0,10.854465
649,1,1,45,7,0.0,2,0,1,0.3759990579100304,0,4.738548
738,0,0,29,9,0.5544330369354347,1,1,0,0.7093700948440576,1,20.65314
587,0,0,39,6,0.40594888546182245,2,1,0,0.035464036815515874,0,6.133326
655,0,0,32,6,0.5218675040531398,1,1,0,0.04615565786532613,1,46.25635
647,0,1,37,3,0.4643717694303692,1,1,1,0.7476020459953925,1,38.102634
776,0,0,37,1,0.3711628095694152,2,1,1,0.980432331287638,0,14.380097
688,0,1,35,5,0.44471514310850274,1,0,0,0.8308510962796947,1,58.909607
605,1,1,32,9,0.0,2,1,1,0.27858990533595956,0,1.1765667
596,1,0,39,10,0.3449459898239959,1,0,1,0.658849920167376,0,54.231243
427,1,1,33,8,0.0,1,1,1,0.06924346275069268,0,2.1559522
629,1,1,39,2,0.5168206740832504,2,1,0,0.41385197286340847,0,0.8693371
496,2,1,29,2,0.0,2,1,0,0.27691649552532266,0,2.0272918
717,2,0,36,2,0.6558756585193615,1,0,1,0.41166506401361325,0,25.057587
777,1,1,23,6,0.0,2,1,1,0.8161474420807187,0,0.35183173
535,2,1,35,8,0.4742559817812882,1,1,1,0.677690419435056,0,10.317266
744,1,1,29,1,0.0,1,0,0,0.4120963051971463,0,4.345756
755,1,1,31,5,0.0,2,0,1,0.9733389538700945,0,0.4809807
593,2,0,45,6,0.3159041585370379,1,1,0,0.2767049253203681,0,81.71119
514,1,1,38,4,0.44731460490592023,1,1,0,0.0835356276524408,1,10.9882965
721,1,1,40,9,0.4708280959811213,1,1,1,0.8014068843574561,0,8.80392
835,2,1,38,7,0.3460532122823255,1,0,0,0.879555947592995,0,41.17046
682,1,0,64,10,0.5113897040826417,1,0,1,0.33017778197817893,0,12.106684
590,0,0,40,2,0.46888132946727495,2,0,0,0.46097637324364477,0,5.7043934
653,0,0,37,3,0.501136537149406,2,1,0,0.6731318340901555,1,5.72572
837,1,1,49,8,0.4117303961939288,1,1,1,0.254839287151923,0,35.574646
841,1,1,27,8,0.0,1,1,0,0.8596377954094615,0,7.4358964
584,2,1,36,4,0.3296003170052032,2,0,0,0.4152724585197886,0,3.2180984
769,1,1,29,4,0.5798026202590861,1,1,0,0.9419459058340071,0,6.3499002
599,2,1,34,2,0.4045732671779208,1,0,0,0.9901878629409108,0,39.78056
698,1,1,47,5,0.6228238325768044,2,0,0,0.0052208985958159,0,4.411288
477,1,1,27,1,0.5123792692084663,1,1,1,0.6658716407416908,0,2.187725
477,0,1,34,8,0.5578342585230521,2,1,1,0.9494119188382489,0,4.1914964
745,2,1,34,7,0.5298746196114925,1,1,1,0.15897188181471328,0,9.01006
749,1,0,35,3,0.0,3,1,1,0.6632546908229736,0,20.603197
850,1,1,61,1,0.0,1,1,0,0.2653065867790374,1,97.36796
528,0,1,22,5,0.37284951033305996,2,0,1,0.004750403663549869,0,0.7476974
750,1,1,33,2,0.6070302089585458,1,1,0,0.3566433594408266,0,9.324273
543,1,0,31,2,0.5885826392699921,1,1,1,0.0832438497876547,0,5.8477364
579,2,0,59,3,0.5899651129269259,1,1,1,0.37436895223493843,0,44.85651
624,1,1,37,0,0.0,2,0,0,0.5605183795052427,0,2.6070383
595,0,1,46,5,0.5674041599918118,2,1,0,0.24207221789680913,1,8.648206
596,0,0,27,2,0.6019478267052571,1,1,0,0.8516263303145449,0,50.93863
431,0,0,44,2,0.5533868352684551,1,1,0,0.18840164235684503,1,87.76259
647,2,0,26,8,0.4382582187054513,1,1,1,0.6829685234939936,1,7.711666
640,1,0,31,9,0.5534421963913715,1,1,0,0.2431691726559886,0,10.110921
752,0,0,45,3,0.420196502890875,2,0,1,0.4488522153865694,0,39.102337
710,0,0,41,9,0.5944865104393582,2,1,0,0.21061851406809348,1,6.326346
638,0,1,27,4,0.5384498941382934,1,1,1,0.9326497680528489,1,8.998188
660,0,1,28,2,0.6811133954826042,2,1,0,0.20875653624921178,0,2.07907
609,2,0,45,4,0.3552131465010356,1,1,1,0.9963221487652071,0,54.25849
596,2,0,54,0,0.31138650756568137,1,1,1,0.7674299395592279,1,72.226166
705,1,0,38,3,0.4938037989846794,1,1,0,0.10583770750106633,0,18.957897
444,1,1,36,7,0.0,2,0,1,0.6937276509906695,0,1.1298631
727,0,1,58,5,0.4261229330203351,1,1,0,0.12935945382784053,1,96.93553
496,1,1,32,4,0.5095528228214093,1,1,0,0.33231983654438996,0,5.114067
554,1,0,22,8,0.0,2,0,1,0.7133632761928763,0,0.7314599
537,1,1,26,7,0.4240675965289334,1,0,0,0.5178077006354106,0,2.3929114
839,1,0,51,3,0.0,1,1,1,0.3454812434587503,1,81.77459
700,2,0,43,0,0.0,2,1,0,0.2973472466620562,0,41.774014
458,2,0,35,5,0.6635860799099748,1,1,0,0.6764454005357511,0,55.559116
850,1,0,28,2,0.0,2,1,1,0.19382931069917175,0,1.0169144
699,2,1,31,6,0.4563353989661699,1,0,0,0.6919897850244698,0,43.51348
615,0,0,44,9,0.5026143483196704,2,0,1,0.5535850673739342,0,56.063576
850,0,1,51,4,0.4959224281061686,1,0,0,0.5927261553478357,1,96.88548
604,1,0,40,1,0.0,2,1,0,0.6160367815126344,0,1.7924613
668,2,1,34,0,0.0,1,0,0,0.49991414180054194,0,17.252361
594,2,0,38,10,0.0,2,1,0,0.29163450109485456,0,15.788036
470,1,1,30,3,0.40311490613579404,1,1,1,0.25449965471702546,0,3.5854075
701,0,1,41,0,0.6012199614592523,1,0,1,0.6381198404447624,0,57.061844
664,2,1,35,1,0.45845107868298246,1,0,1,0.848352067622458,0,8.706565
477,1,0,30,6,0.523266079865335,1,1,0,0.970757057298972,0,17.432577
756,1,0,42,9,0.0,2,1,0,0.17832623015497978,0,2.5579858
625,1,0,40,7,0.5630480088549101,1,0,1,0.8870142598618167,0,20.431303
703,2,1,73,5,0.5490737294971038,1,1,1,0.798405647739359,0,0.6958218
646,1,1,30,7,0.0,2,1,0,0.7678502797017115,0,1.2151891
650,1,1,33,0,0.39085578531107995,1,1,0,0.2620270735855274,0,9.8988495
664,1,0,31,9,0.4564385882730316,2,0,1,0.39609002659754006,0,0.68053335
682,0,0,29,6,0.4026047786971994,1,0,0,0.16290710762877852,1,61.610497
725,1,0,44,10,0.0,1,0,1,0.4688749275555815,0,46.539196
553,0,1,46,3,0.3279861556538753,1,1,0,0.5627457922231573,1,76.04049
576,1,1,39,9,0.33766689893892776,1,0,0,0.9553501359379819,0,18.221071
608,2,0,56,5,0.0,2,0,1,0.7690675959554137,0,41.078876
850,1,0,39,0,0.41605151318609085,1,1,0,0.5294265102317272,0,13.986885
627,1,1,31,8,0.5106923293039018,1,1,0,0.48064535163108074,0,6.7733345
667,1,1,44,2,0.4894694495282926,1,0,0,0.07555361537026785,0,18.810228
548,2,1,44,8,0.0,1,1,0,0.08489905786002562,0,65.02077
774,1,1,76,4,0.4484326285624574,1,1,1,0.7156763470911471,0,0.61095
794,0,1,57,3,0.46654982507041015,1,1,0,0.466671317110784,1,98.439735
497,0,0,55,7,0.5252278325434842,1,1,1,0.04981005686043016,0,79.9276
587,1,0,36,1,0.2821235904984371,1,1,0,0.15285579772868307,0,24.50557
850,1,0,29,10,0.0,2,1,1,0.9989158464633372,0,1.2997391
722,1,1,46,5,0.0,2,1,0,0.8995715590838924,0,2.196916
555,2,0,35,1,0.0,2,1,0,0.5083256450991069,0,7.032857
609,0,1,38,6,0.5609929513612479,2,0,1,0.857174760189598,0,5.7090077
734,2,0,39,6,0.3671859757880182,2,0,0,0.5648627443920894,0,3.5628471
718,0,0,39,7,0.3712612559147023,2,1,1,0.953765084565576,0,9.13941
645,2,0,49,5,0.4389533216454538,3,0,1,0.9384812749617588,1,95.8216
598,2,0,23,6,0.0,2,1,0,0.7661612183963568,0,12.578006
628,0,1,50,4,0.48716078308926153,1,0,1,0.07103773410360689,1,90.53084
629,0,1,40,2,0.48484840996597467,2,1,1,0.3242217631783835,1,4.5630326
739,0,1,58,1,0.44080750076654635,1,0,1,0.8006318603426626,1,88.914246
653,1,0,60,2,0.48119692740586434,4,1,1,0.6908086222234222,1,98.24904
711,1,1,28,8,0.0,2,1,1,0.32140474415306663,0,1.0047283
783,2,1,38,1,0.0,3,1,1,0.4008730833794627,1,68.879265
681,1,1,38,6,0.6126888809715532,1,1,0,0.5065892792761708,0,18.871698
712,1,1,34,8,0.4547197629125037,1,1,0,0.46395945812825123,0,6.3702335
554,1,0,48,7,0.0,2,1,1,0.318512867978892,0,5.8039865
611,1,0,37,6,0.0,2,1,0,0.5539093983475422,0,1.8580542
560,0,1,41,4,0.6079452418310558,1,0,0,0.05384569226361117,0,47.219486
646,2,1,32,1,0.0,2,1,0,0.9164757234315877,0,7.053446
680,1,1,34,3,0.5711201308866083,1,1,0,0.3326039136737558,0,16.252657
631,1,1,26,1,0.594442986791968,1,0,1,0.6184909158824667,0,3.9461024
746,1,1,36,9,0.5068075249197792,1,1,1,0.7785171983924464,0,5.219441
654,0,1,43,9,0.33748032916472187,2,0,1,0.41038804205801654,0,6.3163
687,0,1,33,9,0.5419028897350315,2,1,0,0.6087400346733113,0,3.2254624
708,0,1,32,3,0.6045938412683812,2,1,1,0.8640771693696748,0,2.0459664
679,0,0,32,0,0.3520754183501358,1,0,0,0.7979423534947587,0,65.12574
636,1,0,45,7,0.557434414905271,1,1,1,0.5420065616266353,0,38.714687
695,1,1,45,9,0.1719209978840413,1,0,1,0.3866307732388443,0,16.162664
677,1,1,42,5,0.396894731243271,1,1,0,0.10499192672900261,0,16.675304
720,1,0,34,6,0.44128426804683935,1,1,1,0.046938832658518885,0,6.799254
780,1,0,37,3,0.0,2,0,0,0.9108131326541684,1,1.0496607
653,2,0,36,3,0.0,2,0,0,0.5526228754846088,0,4.2144494
674,1,0,28,3,0.0,1,1,0,0.2576516557331225,0,5.289413
620,0,1,40,5,0.43123927328422473,2,1,0,0.24857753915498926,0,4.2525396
623,1,1,40,6,0.0,2,1,1,0.33056901934134714,0,2.7690516
547,1,0,29,6,0.4163079121088567,1,1,1,0.18576124019843893,0,4.4872975
530,1,1,39,2,0.0,2,1,0,0.9896518617527973,0,1.8028445
746,1,0,34,4,0.0,1,0,1,0.3258062144934841,0,3.2587278
512,1,0,31,7,0.0,2,0,0,0.24659599991799214,0,0.6564165
630,1,1,40,8,0.0,2,1,1,0.21244143815734398,0,2.4326828
570,2,1,21,7,0.46273696224630495,1,1,1,0.7404509130621973,0,1.7398312
605,1,1,39,6,0.44308790872022985,1,0,0,0.048153698678223764,0,11.309389
530,2,1,37,4,0.0,2,1,1,0.824242665174524,0,1.9528087
813,0,0,25,5,0.49269577938995074,1,0,1,0.6648022386137875,0,3.3504183
704,2,0,37,9,0.6202501581418974,1,1,1,0.6754495054277683,0,20.413599
565,0,1,31,2,0.3569512625624213,2,1,1,0.022151915507931004,0,1.2279867
645,2,1,45,4,0.0,1,0,1,0.8746098752430856,1,42.88315
526,0,0,32,6,0.5258665779400713,2,1,1,0.008922602108501362,0,5.613117
778,1,0,33,9,0.6049174387895899,2,0,0,0.9012778720367794,1,0.5459363
677,1,0,72,8,0.0,2,1,1,0.7680376475953453,0,0.72716045
588,1,0,64,3,0.0,1,1,1,0.9485509366144466,0,10.256304
488,1,0,22,6,0.0,2,1,1,0.33194325058043045,0,0.70292205
519,1,1,39,1,0.3894012106668489,1,1,1,0.15350190943235076,0,29.09382
709,1,1,31,6,0.0,2,1,1,0.3550252049070686,0,0.80379194
642,0,0,56,6,0.4115011796223718,2,1,0,0.7152590072351909,1,58.80375
710,0,1,34,8,0.5892165221345448,2,0,1,0.007750740195688687,0,2.257269
653,1,0,46,5,0.0,2,1,0,0.24850508223535345,0,4.870148
743,1,1,71,0,0.0,2,0,1,0.14914459330866098,0,4.5921054
418,1,0,39,2,0.0,2,0,0,0.04515496229889954,0,1.501242
670,0,0,33,9,0.3368757410628355,2,0,1,0.9901219066420842,0,1.1354963
723,0,0,28,5,0.3664368668569777,1,1,0,0.7174198635969735,0,41.830017
549,0,1,45,6,0.49518483779609485,1,1,1,0.7318745440189538,0,67.495186
543,1,0,42,5,0.0,2,0,0,0.5095174589173266,0,2.4552705
595,2,1,37,2,0.626090816394816,1,1,0,0.6738421019207335,0,31.395718
673,0,0,25,3,0.43142943017222657,2,1,1,0.517861355759475,0,0.37582603
741,1,0,21,9,0.0,2,0,1,0.6963062972513875,0,0.44613752
508,0,0,41,5,0.32747040840366703,2,1,0,0.9389142163076573,0,4.5300283
662,0,1,59,2,0.4167764290274191,1,1,0,0.04024314322017752,1,96.21976
752,1,0,36,2,0.4779329328493494,1,1,0,0.6217760796156032,0,13.411516
809,1,1,36,9,0.2745401130793782,2,0,1,0.5456697614622196,0,0.8402983
575,2,1,30,2,0.0,2,1,1,0.41109565963549516,0,1.775421
591,2,0,40,1,0.3442684238847733,1,0,1,0.683843207026271,1,53.01747
643,2,0,45,9,0.6012003917606548,2,1,0,0.7775981106195642,0,10.86436
698,0,1,55,8,0.6180162630971006,2,1,1,0.722932590062351,0,10.146548
496,1,0,29,4,0.0,2,1,0,0.8240552472761149,0,1.0186356
597,1,1,44,8,0.3113938810773729,2,0,1,0.5457594200246123,0,7.689794
603,0,1,46,4,0.39418299278404234,2,1,1,0.4309349542881345,0,17.671324
655,2,1,37,1,0.0,1,1,1,0.5301975838692595,0,13.24297
431,1,1,63,6,0.6416266062447906,1,1,1,0.8400631760333112,0,22.34677
620,1,0,70,3,0.3504460316935853,2,1,0,0.16670932074013067,1,46.544884
782,1,0,35,4,0.0,1,1,1,0.5978258923727215,0,11.0653
581,2,1,46,2,0.3164042022001842,2,0,0,0.942496208387901,0,13.92182
553,0,1,53,5,0.5101586464847142,1,1,0,0.8269143703223657,1,92.702614
658,1,1,44,2,0.6711742604337881,1,1,1,0.07084251546022644,0,14.896851
686,0,1,43,2,0.5376526780255682,1,1,1,0.48922407089877085,0,56.413776
539,2,1,36,6,0.0,3,1,1,0.5947971031233482,0,35.96011
685,1,0,50,6,0.3756056891465376,2,1,1,0.2532866388740125,1,8.135824
850,1,1,29,1,0.0,2,0,0,0.7649996074625127,0,0.6183623
763,2,0,39,7,0.0,2,1,0,0.09724513691057494,0,4.672653
634,0,1,43,3,0.8477398931175604,1,1,0,0.576341440607578,0,67.927155
567,1,1,59,3,0.0,2,1,0,0.12917293601538946,1,72.58972
539,1,1,39,3,0.5546223169733975,2,1,0,0.7383242599668267,0,0.7520206
764,1,1,41,7,0.0,2,0,0,0.6743982050285802,0,0.24466118
653,1,0,40,0,0.0,2,1,0,0.17893843862088826,0,5.361476
566,2,1,44,5,0.0,2,1,0,0.3322877834833226,0,9.2736025
714,0,1,29,6,0.3702185616478787,1,1,1,0.34786777137216607,0,6.8844705
580,2,0,65,1,0.0,2,0,1,0.5159036688003704,0,3.9454122
548,1,1,29,5,0.3325771830307676,1,0,1,0.8851135783467321,0,3.330199
646,0,0,36,6,0.5770202953717185,2,1,0,0.2660540081577791,0,9.6727085
622,0,0,52,9,0.4462926361854728,1,1,1,0.813801268021096,1,88.38968
706,1,0,35,8,0.709581049421301,1,0,1,0.21087063814594292,0,8.982699
680,1,1,23,5,0.5580241364133144,1,0,1,0.1585276393895617,0,4.0722876
698,1,1,37,5,0.39219353961602504,2,0,0,0.12504044136215006,0,0.9444891
581,2,0,46,1,0.0,2,1,0,0.5213520891245114,0,20.586376
728,0,1,45,3,0.4341377409449391,2,1,0,0.4214843517555926,1,7.873811
707,2,0,32,4,0.5294402998444508,1,0,0,0.6843936595944912,0,44.90307
761,1,0,26,1,0.0,2,1,1,0.9970832714524236,0,0.33928487
483,0,1,41,1,0.4716434469469258,1,0,0,0.8157599550757096,1,56.511314
736,0,0,25,9,0.3257612682503881,2,1,0,0.6824936781462629,0,1.583161
716,0,1,66,5,0.4839092238605723,1,0,0,0.05029890354528857,1,97.2376
654,1,1,32,9,0.4840835974478722,1,1,0,0.9503755108612871,1,6.1542377
649,2,1,20,5,0.0,2,1,1,0.29151763993461377,0,0.2863133
649,1,1,46,5,0.0,2,1,1,0.3847118399807182,0,3.466311
612,1,0,31,8,0.47026966207674203,1,1,1,0.2706172439467969,0,15.378253
657,2,1,40,10,0.0,2,1,1,0.2649208999459448,0,8.215778
511,1,0,31,5,0.5476777045213856,1,0,1,0.8092942876044662,0,5.1964097
682,1,1,61,10,0.2936977320154171,1,1,1,0.8607309498057063,0,12.707631
748,2,1,58,9,0.4875712684779705,2,0,1,0.6221474650829154,0,37.809715
554,0,1,43,5,0.3981970926920967,1,0,0,0.12487097517812949,0,72.52597
794,2,0,28,5,0.0,2,0,1,0.4334833976644769,0,1.5720086
807,1,0,47,9,0.6682586941973133,1,0,0,0.627202547843319,1,82.96743
594,1,0,34,7,0.5640758365278907,1,0,0,0.04716235400480745,0,22.440723
652,2,0,33,3,0.4975426875509495,1,1,0,0.9794209346992637,0,43.379387
729,1,0,34,9,0.5265951207520153,1,0,1,0.5270389822228022,0,7.5596886
625,1,1,39,2,0.0,2,1,0,0.5020052915053388,0,1.0746187
597,0,0,60,0,0.31303482621171014,1,0,1,0.24247965680722505,0,83.867874
657,0,0,38,5,0.4933096939877064,1,0,0,0.23506284850203193,1,42.73896
633,1,1,43,5,0.0,2,1,1,0.24121453598818685,0,3.6110346
663,0,1,49,7,0.4629395544621324,3,1,1,0.4217759296012769,1,88.77668
535,1,1,47,0,0.6406150800111712,1,0,1,0.7299435596099427,0,69.27001
702,1,0,29,10,0.3522489948010366,1,1,0,0.442735781267111,0,16.077269
712,1,1,33,2,0.7289337276341961,1,1,0,0.015248556237120644,0,8.726721
607,1,1,31,8,0.0,2,1,1,0.2159452227687744,0,1.2788677
476,1,1,37,4,0.0,1,1,1,0.27884792997731284,1,8.577797
748,2,0,23,8,0.34117469766310304,1,0,0,0.670394672691242,0,17.75699
815,1,1,35,4,0.0,2,0,1,0.9924885326548684,0,0.25202852
602,1,1,32,10,0.0,2,1,1,0.5802621150319855,0,4.5139136
649,0,1,40,4,0.37864509052261025,1,0,1,0.6160158795164938,0,22.3543
551,2,1,27,2,0.45386244271528736,1,1,1,0.4256315978175916,1,4.1724863
509,1,1,30,6,0.0,2,1,0,0.9030226386619921,0,0.6871619
685,2,1,40,7,0.2985153055569295,1,1,0,0.9935079800120912,0,64.48033
536,1,0,22,5,0.35668912425758204,1,0,0,0.21463474761839754,0,4.668424
711,2,1,38,3,0.5130321239193173,1,0,0,0.5739641635776216,0,41.242374
761,2,1,27,8,0.0,2,1,0,0.3164608220085018,0,1.2670604
535,1,0,49,3,0.0,1,0,0,0.3090736665351541,1,83.572235
566,0,1,22,7,0.5777435372266086,2,1,0,0.5112209215980126,0,0.5476568
620,2,1,21,9,0.0,2,0,0,0.7744300080657702,0,1.74859
837,0,1,37,6,0.3746605245181421,2,1,0,0.7036245461441567,0,1.9671549
685,1,0,40,7,0.0,1,1,0,0.3642405849758652,1,29.381454
673,1,1,65,0,0.0,1,1,1,0.4286496860450173,0,2.7590265
638,1,1,24,1,0.0,2,0,1,0.8130054920244882,0,1.7542934
614,1,1,46,4,0.0,1,1,0,0.3718754641068222,1,39.74579
626,1,0,44,2,0.0,1,0,1,0.8656108658376874,1,57.672012
834,2,1,38,8,0.0,2,1,1,0.3324001442137724,0,3.4256377
691,1,1,24,6,0.0,2,1,1,0.4640424160507328,0,1.6982843
706,2,1,38,8,0.0,2,0,1,0.23313991486186927,0,4.2712765
633,1,1,37,7,0.5641587387133956,1,1,1,0.6241522565404996,0,16.580406
644,0,0,32,8,0.5640891088489355,1,1,1,0.8354585862949911,1,17.518559
666,1,1,30,7,0.43764900721245037,1,0,1,0.8181480331371646,0,2.4029934
708,1,1,32,10,0.345216099492826,2,1,1,0.860670594041731,0,2.1648917
496,0,0,59,7,0.36540772390893855,2,1,0,0.815725901823624,1,70.574486
730,0,1,38,0,0.1548365314379237,2,0,0,0.4700025352421156,0,4.0607495
696,2,1,40,3,0.6123566345204142,1,1,1,0.6917665637068339,0,21.021149
809,2,1,80,8,0.0,2,0,1,0.17077865936196907,0,1.579174
701,2,0,33,7,0.4937067077712709,1,1,0,0.48896234590403387,0,42.134144
604,1,1,30,5,0.0,2,1,0,0.3789110360039384,0,0.5555483
665,1,1,39,10,0.18463101891289807,1,1,0,0.6840675284489668,0,21.9952
639,1,0,60,5,0.6458390336889372,1,1,1,0.4217909810386892,1,36.92719
696,1,1,19,1,0.4421257650865338,1,1,1,0.013776565662020722,0,0.9854424
520,1,1,38,5,0.0,2,1,0,0.8159488231126072,0,1.4854505
545,0,1,53,5,0.4560479117238398,1,1,0,0.9030197383850157,1,95.05646
634,0,0,29,8,0.5182829809505526,2,0,1,0.3492232008156779,0,5.6811857
750,1,0,26,1,0.6038713566930702,2,1,1,0.09956020799986398,0,0.36999458
530,2,0,41,4,0.0,2,0,1,0.7380461334057402,0,5.064015
589,1,0,59,2,0.0,2,1,1,0.6308035417382359,1,9.361901
654,1,1,37,6,0.3330776651189334,1,1,0,0.23519816142441602,0,9.033466
648,1,0,43,7,0.5578845976866544,1,1,0,0.7183536027690643,0,40.60449
835,2,1,45,3,0.3994136822643808,1,1,0,0.7629030572419665,0,89.26908
446,1,0,39,1,0.3595765515791691,1,1,0,0.9567858730508764,0,28.966627
514,2,1,66,9,0.0,2,1,1,0.0711204420022112,0,2.9163253
694,0,1,33,4,0.49449288354486887,1,1,1,0.38951364855343684,0,10.50826
554,2,1,46,4,0.0,2,0,1,0.2865740678234771,0,8.849807
720,0,0,57,1,0.6460085447442028,4,0,0,0.13568370779409433,1,99.86707
641,0,0,51,2,0.4675471622761258,4,1,1,0.13451854652119277,1,99.667114
813,1,1,32,1,0.4897999821361734,1,1,1,0.1323356380534341,0,2.4467585
480,1,1,40,6,0.5930320553655869,1,0,1,0.39662847801965084,0,12.645979
811,1,1,46,9,0.718324479871489,1,1,0,0.06727172444968493,1,49.353706
715,0,0,32,3,0.4179274142740585,2,1,0,0.5707456062053926,0,5.4036913
620,2,1,31,2,0.6649467120295735,2,1,1,0.6758646450736046,0,4.9339523
721,1,1,42,4,0.410273031572301,1,0,0,0.005882061736895873,0,9.296259
772,0,0,48,6,0.433389190009378,1,1,0,0.9228535825171303,1,92.61127
680,0,1,44,0,0.5180381803623934,2,1,1,0.16691494037680596,0,23.343725
535,1,1,38,8,0.3426971883285362,1,1,0,0.046138256203467426,0,12.410369
655,1,0,20,7,0.5356661344054074,1,0,0,0.140103179853676,0,3.938809
660,1,1,63,8,0.549392504343098,1,1,1,0.21391397878497395,0,11.302714
762,0,1,56,10,0.39960798426165783,3,1,1,0.38569103349369865,1,95.798485
662,0,1,39,5,0.5572864663896007,2,1,1,0.7311114211407188,0,2.5098293
463,0,0,41,8,0.49084275611663686,2,1,0,0.35061523375482356,0,16.40871
501,0,1,27,4,0.37996235842209886,2,1,0,0.6605289805176394,0,1.0952189
603,2,0,42,6,0.0,1,1,1,0.45217463267742064,0,29.088253
688,2,1,37,7,0.5506714299817906,2,1,1,0.5696280494787251,0,8.95781
430,1,1,38,9,0.0,2,1,1,0.06020169926227954,0,1.0013235
632,0,1,48,6,0.5024600227128074,1,1,0,0.32170087243331735,1,88.88681
601,2,0,42,4,0.3856700941804699,1,1,1,0.9962504919219785,0,27.321037
769,1,0,38,2,0.0,2,0,0,0.3778715367317579,0,1.0806998
551,1,1,42,2,0.5562475983774927,1,1,0,0.21713998686874594,1,15.449148
841,1,0,52,5,0.0,1,0,0,0.9162281497883047,1,93.74058
469,2,0,31,6,0.0,1,1,0,0.7310806682038135,1,62.73757
479,2,1,27,2,0.6873844675342089,1,1,1,0.20153769685004913,0,2.931947
701,1,1,37,8,0.429651935572726,1,1,0,0.08478384685737486,0,9.278117
593,1,1,36,2,0.27972106124841367,2,1,0,0.40302118852350394,0,1.1696194
738,2,1,38,5,0.7094397171377431,1,0,1,0.09611832930044818,0,9.202179
635,2,1,31,1,0.0,2,1,0,0.6769178956590355,0,4.732879
658,1,1,32,8,0.0,1,1,1,0.40203389423689956,0,2.6524575
687,2,0,36,5,0.0,1,1,0,0.0884316452221187,0,70.13292
650,1,1,37,9,0.0,2,1,0,0.08982107791294068,0,1.7434871
720,2,1,21,2,0.4910391306685516,1,1,1,0.9035897928252148,0,0.72168356
602,1,0,63,7,0.0,2,1,1,0.28158504137145096,0,7.1943703
618,2,1,33,4,0.0,2,1,1,0.38773002821769476,0,3.2209992
803,0,1,41,9,0.5489993965278891,2,1,1,0.8348109244432843,0,3.1502132
793,1,0,63,9,0.46341811529932336,1,1,1,0.9212463290244217,0,19.20268
616,0,1,41,10,0.4512597126586337,2,1,1,0.570361119486911,0,14.591521
550,2,1,51,5,0.0,2,1,0,0.7696026470527935,0,25.0772
602,1,0,56,3,0.4619214917100406,3,1,0,0.020824938781653646,1,99.44194
452,1,0,60,6,0.4851790222874954,1,1,1,0.7148268159609242,0,32.235905
655,2,0,28,3,0.453617841411228,2,0,1,0.3841999410943745,0,2.2244253
510,1,0,26,6,0.5429060061796405,1,0,0,0.7987300287177425,0,4.0770564
557,1,1,39,8,0.582706747588234,1,1,0,0.8897502711508949,0,10.680959
676,1,1,37,10,0.42344949696508255,1,1,1,0.8334130909501857,0,30.907482
640,1,0,29,4,0.0,2,1,0,0.22448483830205784,0,0.5388239
529,2,1,31,6,0.0,1,1,0,0.05307671882664794,0,33.215637
559,1,1,45,8,0.09582954577294711,1,0,1,0.8489304228553827,1,18.587976
689,1,0,58,5,0.0,2,0,1,0.2492101995740593,0,14.097728
626,0,1,39,10,0.5272575809564753,3,1,1,0.25730627274904755,1,83.9132
697,2,1,30,1,0.0,2,0,0,0.0036213958433030345,0,7.6853967
823,1,0,44,1,0.0,2,0,1,0.9125077444895987,0,20.801811
565,0,0,32,4,0.35999871501612474,2,0,1,0.5937006484119233,0,1.8014067
631,2,1,23,3,0.0,2,1,0,0.06901489092208304,0,3.436115
646,1,0,34,3,0.5232527278306502,1,0,0,0.652507664481958,0,9.01344
676,2,1,48,1,0.5247532573882887,2,0,1,0.07070960276706424,0,6.65441
850,2,0,54,4,0.4820791581155521,1,1,0,0.33478982242804184,0,96.37555
810,1,0,38,9,0.6104716460774972,1,1,1,0.4662950811802527,0,12.492495
581,2,1,30,0,0.21240440690481147,1,0,0,0.9829473714739757,0,35.382027
718,1,0,35,2,0.669295449797964,1,1,0,0.2150858406977866,0,14.854277
713,1,1,43,5,0.3443395683083917,1,1,1,0.6500098259383771,0,16.350729
672,1,0,50,1,0.0,1,1,0,0.060481976028710735,1,54.915028
781,2,1,33,3,0.0,2,1,1,0.21274406705840407,0,2.472692
656,2,1,47,1,0.0,2,1,1,0.9898462803197704,0,9.161099
583,1,0,31,4,0.6336389009577555,1,1,0,0.06264268237616692,0,13.64576
808,0,0,37,2,0.40028937645559604,1,1,0,0.17566132565660017,1,67.97897
721,2,1,33,5,0.0,2,0,1,0.5881327666792178,0,1.330952
778,0,0,29,6,0.5992830395799347,1,1,0,0.3122419691080498,1,32.958176
850,2,0,45,4,0.45575416696077686,2,1,1,0.5454393894616936,0,14.727563
693,1,0,39,4,0.0,2,0,1,0.7116670141998561,0,10.070886
520,1,1,34,4,0.5341128742749696,1,1,1,0.9660799106314651,0,6.4056582
759,0,1,31,4,0.3941835906363417,1,1,1,0.23912903682301656,0,10.241492
637,1,1,60,3,0.0,2,1,1,0.35084575576967597,0,6.867229
755,0,1,40,2,0.5477555448907563,2,0,0,0.8838694595333854,0,2.4168966
662,1,0,47,6,0.0,2,1,1,0.6469676354091816,0,6.833018
503,1,0,37,8,0.0,2,1,1,0.48945544299480603,0,1.8388457
599,0,1,39,2,0.7532017880247714,2,0,1,0.8807366603510635,0,7.889059
583,2,0,40,4,0.0,2,1,0,0.5704652294294105,0,4.6391454
764,2,0,48,1,0.30287584094402636,1,1,0,0.79163675130975,1,88.45486
513,1,1,29,10,0.0,2,0,1,0.1275281289363134,0,0.9042232
730,2,1,62,5,0.4471181107835457,1,0,1,0.3075408201483242,0,39.20471
820,2,1,34,10,0.3874420088251769,1,1,1,0.297737233905838,0,13.949726
597,2,0,26,7,0.0,2,1,0,0.5512607454011857,0,5.4707174
637,1,1,32,5,0.0,1,0,0,0.7438585384904257,0,10.250797
696,1,1,34,9,0.6012671917908982,1,0,1,0.041129927908115226,0,4.257233
635,0,0,37,9,0.5848911404626477,1,0,1,0.05698544210972147,0,43.492966
673,2,0,57,4,0.0,2,1,1,0.24838627088886983,0,9.805366
662,2,1,33,3,0.0,2,0,1,0.34029874853048464,0,2.0265925
683,2,1,41,0,0.5933212564511752,1,1,1,0.8195769696005968,0,58.900387
850,1,1,55,6,0.0,1,1,0,0.004664595468867276,1,89.42421
815,2,1,28,6,0.0,2,0,1,0.9277692519635624,0,2.1212797
671,2,1,34,10,0.6112442705323106,1,1,0,0.702558494336209,0,33.22257
601,1,0,40,3,0.36690339093454244,1,0,1,0.8232808233186268,1,30.066916
709,0,0,39,9,0.49710988234306613,1,1,0,0.3681865618166535,0,44.692497
702,0,1,28,1,0.4106600811508769,1,1,1,0.20157070000185018,0,16.240686
558,1,1,40,6,0.0,2,1,0,0.8692495633332984,0,1.4630449
691,2,1,40,1,0.0,2,1,1,0.7280774813994737,0,14.011033
700,1,0,30,9,0.0,1,1,1,0.8748838514078094,0,3.8713298
667,1,1,33,4,0.0,2,1,1,0.6591788015755504,0,0.38420054
624,0,1,54,3,0.46523359344824033,1,1,0,0.5524853623521047,1,94.11166
580,1,0,23,5,0.454064078367436,2,0,0,0.981242958702556,0,1.1770657
571,2,0,31,3,0.0,2,1,1,0.9733746572797702,0,1.8604163
561,1,1,37,5,0.0,2,1,0,0.41544802528641483,0,0.8843513
529,1,1,28,9,0.0,2,1,1,0.26269338721847935,0,0.7550653
670,1,1,36,7,0.0,2,0,0,0.2978280425780662,0,0.2631952
666,0,0,21,1,0.485565394300132,2,1,1,0.4990813122653213,0,0.383938
628,2,1,42,7,0.0,2,0,1,0.8648640445162512,0,4.100805
577,1,1,60,10,0.49976346970198143,2,1,1,0.893111042104521,0,4.0133557
652,2,0,38,1,0.41409366647629725,1,0,1,0.7982655343585312,0,25.664701
678,1,1,26,5,0.4429210282150813,1,1,0,0.3046775467057104,1,4.452946
692,2,0,49,9,0.0,2,1,0,0.8917404112092705,0,19.865858
675,2,1,32,10,0.0,2,1,0,0.9577618162534521,0,4.7230635
712,2,1,52,9,0.0,1,1,1,0.5898856840828298,1,38.682423
639,0,0,37,5,0.6028044294797144,1,0,1,0.24815404871165195,0,38.974815
618,1,1,48,7,0.0,1,1,0,0.06955784277398491,1,56.730473
554,1,1,39,2,0.516981297067666,1,1,0,0.8660104039935813,0,12.201383
533,1,1,47,9,0.3321956336933454,1,1,1,0.6884891007091177,0,49.209305
540,2,0,28,6,0.3352797145645868,1,0,1,0.4034733317031776,0,18.175877
704,2,1,33,3,0.0,2,1,0,0.36507066424843576,0,3.818198
678,1,1,43,5,0.4078874813275781,1,1,1,0.39822823079604097,0,11.776023
712,1,0,29,3,0.34825207318238255,2,0,0,0.830994109937499,0,0.9530872
651,1,1,44,2,0.0,3,1,0,0.5126428073881055,1,87.8981
789,0,1,51,3,0.4172095929466821,1,1,0,0.37130445957588953,0,94.68111
775,0,1,32,8,0.4849348594084555,1,0,1,0.6294941666929191,0,4.711812
564,0,1,40,7,0.43207718321012334,1,1,1,0.41838805605935364,0,39.44729
841,0,0,33,7,0.6176603018380891,2,1,1,0.4975183630036668,0,4.25006
850,2,1,39,0,0.56528796213634,1,1,1,0.4637271859462579,0,18.791021
637,1,0,63,5,0.0,1,1,0,0.14041936004888467,1,95.967964
500,1,1,45,2,0.43508828624402845,1,1,1,0.6307277344986446,0,34.87886
655,1,1,44,8,0.34863410080164425,1,0,1,0.9430020566964145,0,9.745765
666,1,0,33,2,0.5868105651980053,1,1,1,0.28201988289881685,0,3.8860765
658,1,0,24,2,0.0,2,1,1,0.4234549899515404,0,1.1695805
749,0,1,66,6,0.7275154226961235,2,1,1,0.9771850211695217,0,12.5863285
654,1,1,32,6,0.0,2,1,1,0.6895007973261447,0,0.5148413
623,1,0,39,1,0.641308987246575,1,0,0,0.3938515128194742,0,12.430318
761,1,0,33,6,0.5502385052034474,2,1,0,0.7439101934234719,0,0.76933825
627,1,1,44,6,0.6119939773156504,1,0,0,0.17645935186810338,1,30.925243
757,0,1,31,8,0.5942089874020166,2,1,1,0.985423007897254,0,1.4357536
695,0,0,53,8,0.3795641090771158,1,0,0,0.35067958990083553,1,92.930374
726,1,1,34,3,0.0,2,1,0,0.9814781311615258,0,0.5269868
587,2,1,41,8,0.33921824594200783,1,1,0,0.00773193840011721,0,35.851837
605,0,0,43,8,0.4995605984884142,2,1,0,0.11980419130026916,0,12.651071
850,2,1,62,5,0.0,2,1,1,0.9012459689900385,0,21.866203
850,1,0,38,0,0.4257971433740289,1,0,1,0.7449018381255409,0,7.31714
751,1,1,29,3,0.6361046829810463,1,1,0,0.19963321497202982,0,6.2712455
627,0,0,37,7,0.5873363563668421,1,1,1,0.6651654232979248,0,47.070534
736,1,1,43,4,0.7020162648508007,1,1,1,0.2642517360407919,0,22.142292
652,1,0,74,5,0.0,2,1,1,0.00462829200188618,0,0.24452263
627,1,0,35,7,0.0,2,0,1,0.965146471488027,0,2.4844131
636,1,1,34,1,0.33501821396886683,1,0,0,0.1874141980559143,0,6.7389154
775,1,1,60,7,0.0,2,1,1,0.5577888688369739,0,6.344289
850,2,0,45,5,0.6938606029244783,4,1,0,0.028291351824099198,1,97.824135
850,2,1,34,8,0.794063996262387,1,0,0,0.34050606832952546,0,26.789045
516,1,1,37,8,0.0,1,1,0,0.5091636251261995,0,6.779165
513,2,0,42,10,0.0,2,0,1,0.36573327752800394,0,5.073961
673,0,0,69,3,0.31420386659778876,2,1,1,0.1859406073279998,0,2.1484737
564,1,0,27,6,0.0,1,0,0,0.03904462876204677,0,13.691256
636,1,0,35,2,0.0,2,1,1,0.1156004398420049,0,2.4668274
712,1,1,29,3,0.40869426307709245,1,1,1,0.9484366256977541,0,2.81174
568,1,1,51,4,0.0,3,1,1,0.33290669258914224,0,59.743332
741,2,1,43,0,0.0,2,1,1,0.014546639204043987,1,53.518494
754,0,0,39,8,0.5157547034335734,1,1,1,0.43840861802302117,0,29.374508
709,1,0,32,7,0.0,2,1,1,0.9971274256691512,0,1.4123981
510,1,0,32,1,0.0,2,0,1,0.14253156176414844,0,1.9241561
716,2,1,33,2,0.0,2,1,1,0.46456911635061143,0,2.9513485
607,0,1,36,10,0.4252839868171177,2,0,0,0.9916052483012127,0,6.6578403
656,2,1,26,4,0.556339707488407,1,1,0,0.1815040836399876,0,13.805345
550,0,1,52,5,0.4823322090654417,1,1,1,0.20861387262483566,1,71.59117
486,1,1,26,2,0.0,2,1,1,0.1569540891155105,0,0.15826298
598,0,1,59,8,0.47114914266585295,2,0,0,0.30093153896197083,1,94.12219
675,2,1,35,8,0.0,2,1,0,0.14526722301979839,0,3.8126216
755,1,0,29,4,0.5924909193210678,2,1,1,0.14398130021417044,0,0.8344885
656,2,1,32,5,0.5458914414214951,1,1,0,0.6690773968914031,0,30.733767
644,0,1,47,9,0.5491237896629664,2,1,0,0.7595285349750901,0,28.652567
598,1,0,32,4,0.4430345404383111,1,1,1,0.8369033242674675,0,13.058729
850,2,0,31,3,0.48321471877286915,1,1,1,0.1550697091572245,0,4.2570124
679,1,1,36,1,0.3875461148388974,1,1,0,0.945017749195048,0,11.268248
632,1,1,60,2,0.0,2,0,1,0.010369690305424168,0,7.7918262
550,2,1,45,0,0.0,2,0,1,0.3519742635421683,0,15.145103
572,0,0,54,9,0.3881357964901208,1,1,1,0.9788953345044452,0,74.51491
626,0,0,47,2,0.41095888773007405,1,0,1,0.8323987940848351,1,94.18137
625,2,0,57,7,0.0,1,0,0,0.42051310900190964,1,99.16508
515,1,0,58,2,0.525523370863445,1,1,0,0.40716438419869094,1,91.1821
612,2,1,35,1,0.0,1,1,1,0.416263153131124,1,31.53443
628,2,0,39,8,0.4286733709292088,1,1,0,0.5876152672580232,0,38.452076
529,2,0,43,5,0.0,2,0,0,0.3973631981854267,0,15.174053
668,0,0,46,7,0.6449076196634259,1,1,1,0.8652856847828967,0,61.286587
526,1,1,30,9,0.0,2,0,0,0.504968724513191,0,0.89422894
791,1,0,52,7,0.0,1,1,1,0.6139132287133421,0,49.421574
573,1,1,27,2,0.5111359357099929,1,1,1,0.05810434896532618,0,1.4613549
565,1,0,38,5,0.5047672144495002,1,1,1,0.841540217090732,0,11.359512
604,1,0,47,8,0.24748976765825523,3,0,0,0.04648703951227342,1,93.523636
656,1,1,37,7,0.44755757208036145,1,1,0,0.7658050843855587,0,8.719484
447,1,0,44,5,0.3554783139241913,1,1,1,0.37701930534366035,0,39.295826
682,1,1,55,9,0.0,1,1,0,0.7667993293359515,1,74.1112
437,2,1,28,2,0.43508202872329566,1,1,0,0.7649522529401558,0,23.208551
792,2,1,47,0,0.0,1,1,1,0.027734148611192364,1,72.984795
627,2,0,25,4,0.0,1,1,1,0.9716045382334012,0,7.6250925
767,1,0,34,8,0.0,2,1,0,0.4738262004021384,0,0.5544604
686,1,1,26,7,0.0,2,1,0,0.007647280315270108,0,0.6241448
789,1,0,53,1,0.6308208245028888,1,1,1,0.0251264495759345,1,85.28637
794,1,1,56,9,0.3864166921318533,1,1,1,0.35886017114634444,0,29.443417
587,0,1,35,5,0.4857095962747266,1,1,1,0.11736175804789356,1,23.926826
589,0,0,19,9,0.33278495663318924,1,1,1,0.7151219441456659,1,21.463282
543,0,0,25,1,0.5841655071985603,1,0,1,0.8070565739028077,0,6.8827143
589,2,0,45,1,0.0,1,0,0,0.6296983361911063,1,86.90349
701,0,1,23,5,0.7417401224537022,2,1,1,0.38303532987400296,0,0.9621049
850,1,1,40,6,0.0,1,1,0,0.6849329110930092,1,14.190812
726,0,0,51,8,0.4284403281029362,2,1,0,0.7046989487496056,1,36.904186
767,2,1,47,2,0.0,1,1,0,0.24077099362989163,1,83.38816
648,2,1,36,8,0.5856695840131745,2,1,1,0.6502114451930159,0,5.241277
651,2,0,36,8,0.0,2,1,0,0.45824801268521137,0,9.875069
633,1,0,36,6,0.4987295040787278,1,0,0,0.6298096468212714,0,11.720145
740,1,0,37,9,0.0,2,1,1,0.36610361289503146,0,3.5760343
592,1,0,34,9,0.0,2,1,1,0.10225286514862168,0,3.3040814
670,1,0,41,10,0.0,3,1,0,0.4079911631560814,0,16.10702
628,1,1,36,3,0.0,2,1,1,0.04366081960827258,0,1.754299
745,1,1,47,5,0.0,2,0,0,0.7289602657053748,0,5.105099
705,1,1,32,3,0.0,2,0,0,0.647888923392184,0,1.1654783
559,1,0,42,7,0.0,2,1,1,0.9502342973753993,0,2.7991092
595,1,1,29,6,0.6005856401696802,1,1,0,0.4388393091540242,0,7.937733
492,1,1,35,4,0.5634134958938907,2,1,0,0.19755861684790896,0,0.78583986
498,1,0,29,9,0.0,1,1,0,0.9502119952455458,0,13.055507
655,1,0,39,6,0.3771701091865626,2,1,1,0.7447558241812092,0,1.7425282
636,1,0,39,3,0.471650222606318,1,1,0,0.9234891432131768,0,13.833807
634,1,0,45,2,0.0,1,1,1,0.71730215235555,0,45.631252
793,2,1,63,0,0.0,2,0,1,0.13578881783210295,0,12.6120615
526,0,1,50,5,0.4951541879015501,1,0,1,0.7973025923975738,1,93.20606
768,1,0,26,5,0.20373315715556067,1,1,1,0.3522496898453802,1,1.8142396
540,0,1,64,1,0.3661633693584515,1,0,1,0.47709266234925435,0,42.153545
732,1,0,34,8,0.48760207779979514,2,1,0,0.9399611162866053,0,1.3769809
617,1,0,30,8,0.0,1,1,1,0.46309582565134966,0,9.42007
637,2,0,54,5,0.0,1,0,1,0.7541990260069836,0,78.58964
573,1,1,26,8,0.34384849242973514,2,1,1,0.4508716582433622,0,0.25729316
531,1,1,44,3,0.0,2,1,1,0.17204248005684541,0,3.92676
489,1,0,38,5,0.46748032238906245,1,0,0,0.42614219657977337,0,16.932854
601,1,1,35,2,0.0,2,1,1,0.5949148143647718,0,2.5189607
452,0,1,33,7,0.6124529285974238,1,1,0,0.5593366666516651,0,44.791084
728,2,0,29,1,0.0,1,1,1,0.41526285760290105,0,13.802203
590,0,0,27,8,0.49262826193694825,2,1,0,0.00832749527579884,0,10.443675
490,1,1,29,4,0.0,2,1,0,0.16040526870316113,0,0.54473937
596,2,0,76,9,0.5349114056627534,1,1,1,0.06722567005148991,0,3.6588926
635,1,1,29,1,0.0,1,0,1,0.12428166889937989,0,6.484858
782,0,1,35,7,0.3928164219982703,2,1,0,0.5882200750171641,0,1.2949166
790,2,0,37,3,0.0,3,0,0,0.494475922450594,0,53.497578
587,1,1,40,2,0.0,4,0,1,0.5308662977314333,1,82.68845
794,2,0,46,8,0.5364480454992704,1,1,1,0.23189609607717535,0,27.777355
515,1,1,41,8,0.0,2,1,1,0.9253011662613779,0,1.146209
746,2,1,24,10,0.2741424615866945,1,0,1,0.2399519654126969,0,11.601519
667,0,0,56,8,0.5478879492466444,1,1,0,0.6542385297795938,1,97.68152
709,1,1,32,4,0.5871224846709675,1,0,1,0.20426935772366261,0,4.431718
536,1,0,35,8,0.0,1,1,0,0.8592253560215,1,20.542124
711,1,0,41,3,0.5809327205320695,1,1,1,0.5072658938928668,0,13.473543
753,1,1,46,8,0.0,3,1,0,0.4537251307499866,1,74.30548
748,1,1,44,4,0.4488307184801607,1,0,1,0.01018582274607225,0,25.206795
623,1,0,57,7,0.2849036834038872,2,1,1,0.42208910950995815,0,15.722914
465,1,1,33,5,0.0,2,0,1,0.3934701263970709,0,0.89075434
640,2,0,34,3,0.31019287552169095,1,1,1,0.8427468323224868,0,15.596252
562,1,1,75,5,0.34731571691119695,1,1,1,0.19671908667277724,0,0.37379318
502,0,0,42,0,0.5261207847377396,1,0,1,0.14098046363427705,1,91.58861
536,1,1,32,7,0.7094972305289372,2,1,0,0.11182847961980368,0,0.75760406
670,0,0,32,4,0.41034461442093884,2,0,1,0.674718785644029,0,0.99246746
775,0,1,51,2,0.4933606708604279,1,1,1,0.6745143661219647,0,89.22168
759,0,1,30,4,0.4057530689053871,1,0,0,0.04341524615600789,0,16.707514
604,1,1,33,3,0.5925094128855266,1,0,0,0.21215111043104615,0,8.210047
766,0,0,62,7,0.5688543902426679,1,0,1,0.029411058756111202,1,79.541504
554,2,0,41,4,0.4470057544080946,1,0,1,0.1811703517685939,0,23.752888
487,1,0,53,10,0.3569212105201758,1,0,1,0.45036936027390617,0,54.404007
725,1,1,35,7,0.30257603794433036,1,1,0,0.7525511186318292,0,6.119651
732,0,0,42,2,0.47385637730442676,2,0,0,0.4370945925335869,0,4.226628
623,1,1,40,5,0.47345346471150906,1,1,0,0.9643711974493563,0,10.761182
781,1,0,42,3,0.6239805970623372,1,1,1,0.8783960368215165,0,36.366253
714,0,1,53,1,0.39514792639513524,1,1,1,0.3624569646401231,1,77.28121
577,0,0,31,4,0.2439682980448357,1,1,1,0.7262636081745806,0,10.767124
731,2,0,37,1,0.5138835453071804,1,1,1,0.9035909929398256,0,33.19068
650,2,0,23,5,0.0,1,1,1,0.903140499917742,0,4.8188596
779,1,1,32,10,0.3217567339791228,1,1,0,0.43151705987921846,0,10.315542
706,2,0,46,2,0.5088139969499171,2,1,0,0.7507979011995646,1,27.535519
733,2,1,44,3,0.4227648365119081,1,0,1,0.5080777714271713,0,33.442135
579,0,0,42,3,0.5482719298500839,2,1,1,0.4271045884882006,0,8.5491295
476,0,0,34,8,0.44601945754150624,1,0,1,0.9861453268787168,1,38.416855
775,1,1,40,9,0.503043446843298,1,1,0,0.350958466533554,0,5.257507
538,2,1,68,9,0.0,2,1,0,0.5521973348454777,1,88.30638
602,1,1,38,7,0.44574249249964404,2,1,0,0.6219495461816603,0,1.0948352
615,1,1,30,8,0.0,2,0,0,0.01585936456931637,0,1.5794506
700,0,0,28,3,0.3973951734746168,2,0,0,0.7336307617377459,0,10.464298
615,1,1,32,1,0.0,2,0,0,0.010639366059458678,0,2.056679
544,0,1,44,2,0.43402454757626896,1,0,0,0.34611615409271584,1,80.920135
573,2,1,56,3,0.616464517525821,1,0,1,0.5773085829696736,1,48.267124
555,2,1,50,7,0.5104104220163653,2,1,1,0.3118473814249261,0,5.3579545
692,1,0,31,2,0.0,2,1,0,0.4591317970866217,1,4.046574
476,1,0,40,4,0.0,2,0,0,0.9127644690067901,0,2.069725
770,2,1,46,9,0.759981951237652,1,1,1,0.07357592650098084,0,22.992758
641,1,0,40,7,0.0,1,1,0,0.6349860911717069,0,12.775207
705,1,0,35,5,0.0,1,1,0,0.6699616313357925,1,18.342073
784,1,1,38,5,0.5448941839294194,1,0,1,0.8496278394586683,0,11.284294
727,2,0,52,1,0.6167203983099274,1,1,0,0.4012787721227377,1,96.43584
576,1,0,41,4,0.4488272907936446,1,0,0,0.9552092224807468,1,26.374763
646,2,1,69,10,0.4601965682560597,1,1,0,0.20207074775641073,0,85.41669
638,1,1,34,5,0.5320939669170061,1,0,1,0.7782316211198169,0,7.465381
632,0,1,30,1,0.23383207102134576,1,1,1,0.39333226323113857,0,13.719834
850,2,1,44,7,0.35519704434577404,1,1,0,0.5211957241916603,1,84.90431
492,1,0,28,9,0.0,2,1,0,0.479773368356678,0,2.6711483
673,0,0,77,10,0.30494660202475043,2,0,1,0.29794885411556804,0,0.90612483
609,2,1,34,7,0.5607646514965499,2,1,0,0.2312973388958645,0,4.6549478
701,0,1,36,7,0.38042665051774616,2,1,0,0.9454577412142859,0,2.3423762
651,1,1,34,4,0.3649409606904541,1,1,1,0.6197720382296509,0,2.8546407
508,1,1,31,8,0.2891272707576212,1,1,0,0.6490194813604699,0,3.337676
616,2,0,43,3,0.4817381431640233,1,1,0,0.09376065414247059,1,78.908455
489,1,1,34,5,0.0,1,0,0,0.2176658370874418,0,5.539401
567,2,0,45,1,0.627029524218379,1,1,0,0.31094139490321326,0,78.03584
714,2,1,27,3,0.0,3,1,1,0.6456542099770528,0,8.586477
678,0,0,30,1,0.5567079047911446,2,0,1,0.08067980492136999,0,11.410715
581,1,0,55,6,0.0,1,1,1,0.1121634616105838,0,43.04552
748,2,1,60,3,0.0,2,1,1,0.3909512858477984,0,41.073498
781,1,0,19,3,0.0,2,1,1,0.6214880521089764,0,0.45325133
691,2,1,21,3,0.4105289920700473,1,1,1,0.5232349689395337,0,2.03196
507,0,1,31,2,0.5350262730178617,1,1,1,0.8321398693575236,1,21.97243
724,0,1,34,6,0.4712499007066973,2,0,0,0.7857032846636853,0,0.9841266
705,2,0,57,3,0.0,2,1,1,0.17062909507857998,0,32.624874
708,2,0,64,5,0.0,3,0,1,0.5625961779349928,1,56.270622
580,0,1,38,9,0.4601158581956523,2,1,0,0.6424109502457485,1,4.6565065
850,1,1,38,5,0.0,2,1,0,0.0824081699802331,0,0.89352894
714,2,1,25,2,0.0,1,1,1,0.6649027482124542,0,2.0221927
559,1,0,43,1,0.0,2,1,1,0.9832653518411008,0,8.470276
577,2,0,44,8,0.4605734543455473,1,0,1,0.6375367847629448,0,21.802038
647,0,0,35,3,0.6636903054941551,2,1,0,0.7396650380111299,0,6.228675
554,2,1,30,6,0.5395422500027801,1,1,1,0.8984731541862246,1,8.867795
549,0,1,54,5,0.3701795019643235,1,1,0,0.013041545467592154,1,95.16657
528,1,0,26,10,0.40683318872614777,2,0,0,0.8340213990436086,0,0.6065911
720,0,1,46,3,0.38678094360941534,1,1,1,0.6675884046926481,1,74.09047
743,2,1,41,7,0.0,1,1,0,0.8187007359202804,1,38.669186
615,0,1,24,8,0.43255837459743124,2,0,0,0.8974698583714744,1,10.576569
635,0,0,44,2,0.3151273491161292,2,0,1,0.5664549464473857,0,35.43217
686,2,1,45,3,0.29603601207167424,3,1,0,0.32451049075186683,1,95.91558
840,2,0,36,6,0.0,2,1,0,0.70683095235595,0,5.18561
695,1,1,43,1,0.40024657023096516,1,1,1,0.5056967940438312,0,19.197645
564,1,1,26,7,0.3348247091079889,2,0,0,0.9174846697859644,0,0.25123847
805,1,0,31,4,0.0,2,1,0,0.02393498579114305,0,1.8562376
558,2,1,45,4,0.0,1,1,0,0.6590407383905164,0,73.42756
657,1,0,39,4,0.32002559286122906,1,1,0,0.4859523084454565,0,13.835923
641,1,0,42,7,0.4999525504558445,2,0,0,0.820663373352155,0,1.4407504
755,1,1,36,8,0.0,2,1,0,0.8840758792464679,0,0.45147705
483,1,1,48,1,0.0,2,1,1,0.5502915528432966,0,12.727353
545,0,0,44,2,0.5083196926688442,1,1,0,0.541987009759432,0,83.85853
678,1,1,66,8,0.0,2,1,1,0.23554974500064754,0,1.3968933
781,0,0,48,9,0.3299912725521346,1,1,0,0.623605054282684,1,90.196
571,2,0,22,3,0.4309203788677706,1,0,1,0.26661106135635954,0,8.260129
634,2,0,35,10,0.0,1,1,0,0.4131536061693892,0,54.107933
523,0,1,27,8,0.24587118219991236,2,1,0,0.7353081219256439,0,2.962918
501,1,0,40,2,0.0,2,0,0,0.7097444805978971,0,1.5250641
662,1,1,74,6,0.0,2,1,0,0.6179203613945131,0,2.4722626
573,2,1,50,0,0.634935363597228,1,0,1,0.7795927511077307,1,51.337433
648,0,1,33,5,0.5526715647775557,1,1,0,0.14533732971498778,0,21.324425
662,1,0,22,2,0.5036410201448724,2,1,1,0.48690259919822343,0,0.5829196
725,1,1,39,4,0.6403095774862217,2,1,0,0.2881873718940159,0,0.5310873
563,1,0,35,2,0.7316629632373847,1,1,1,0.33000736570342465,1,10.352957
628,1,1,31,0,0.352421216120059,1,0,0,0.36172899511903384,0,6.4423127
546,2,0,45,2,0.0,1,0,0,0.9889856981341717,1,89.350784
688,0,1,41,2,0.44986866978540974,2,0,1,0.32757708361148485,0,8.9736185
850,0,1,41,8,0.24265103014534709,1,1,0,0.15908649276005857,0,33.821552
614,1,0,34,5,0.0,2,1,0,0.9278401587351592,0,3.394524
719,1,0,37,9,0.4043701568234338,1,1,0,0.12897236686103522,1,14.463022
757,1,0,71,0,0.35107533102384325,2,1,1,0.7717031476506006,0,4.0804205
669,1,1,29,7,0.0,2,1,1,0.6907361653037865,0,0.30275083
438,0,1,59,7,0.5069673507677959,1,1,0,0.25779661957716965,1,97.67517
492,1,1,39,7,0.0,2,0,1,0.35659230456508595,0,2.1126273
622,1,0,39,9,0.33263222529912445,2,0,0,0.1943723625606245,0,2.9150183
645,1,1,42,4,0.3917852862092334,1,1,1,0.003322717319504012,0,9.837913
728,1,1,37,0,0.0,2,1,1,0.3609955750774199,0,13.146048
651,1,1,35,2,0.34640279645014443,1,1,0,0.870496432409295,0,8.509912
783,0,0,42,2,0.5568287905260658,1,1,0,0.010694221298133971,0,62.809967
732,2,0,67,1,0.0,2,1,1,0.888942193979525,0,8.124633
553,2,0,39,1,0.5694622067469706,2,1,0,0.22178038002629247,0,8.372245
660,1,1,30,7,0.5831104971743707,1,0,0,0.48422789376385444,0,4.4778976
670,1,0,40,3,0.18877963558829802,1,1,1,0.7429101979239017,1,7.3188977
718,1,1,38,7,0.0,2,1,0,0.19150208844944688,0,0.8260102
787,1,1,51,0,0.23171591302269384,1,0,1,0.7127017130135928,0,77.73479
775,0,0,38,6,0.716970025558983,2,0,0,0.7656281174852198,0,2.2246773
479,0,1,24,6,0.42901071905330174,2,0,1,0.8475521912342627,0,3.9587476
660,1,0,20,6,0.6683413173850786,1,1,0,0.2896192586392001,0,1.5911916
721,0,1,68,4,0.5441491802508341,1,0,0,0.8770215555585559,0,78.35152
659,0,1,39,8,0.207679261328773,2,1,1,0.5398154523757018,0,2.879164
743,1,0,39,8,0.0,1,1,0,0.4713043095615631,0,7.7315884
670,1,0,45,9,0.4182191263393038,1,1,0,0.7796256042452053,1,44.863068
766,0,0,34,6,0.4242158240423433,1,0,1,0.6899862936910475,1,23.630592
845,2,0,38,2,0.44960055295757734,1,1,0,0.8981871268706161,0,57.24749
710,0,0,46,10,0.4803956060406837,1,1,0,0.8329565973550473,1,83.63549
602,0,0,43,2,0.4529388406264871,4,1,0,0.5755788177770977,1,98.88921
604,2,1,43,2,0.5782495992695681,1,1,1,0.1193615990327076,0,35.8839
564,2,0,35,9,0.0,2,1,1,0.5291795366457497,0,3.0420656
637,0,0,27,7,0.5414265608797582,1,1,1,0.5070807762141284,0,15.768613
527,1,0,31,1,0.4472064733533843,1,1,0,0.9113591848021486,0,11.340303
687,1,1,34,7,0.5177209200755575,1,0,1,0.14344664915499428,0,6.920563
756,0,1,41,6,0.5940655825638211,1,0,1,0.25207797344646415,1,32.503304
503,0,1,42,9,0.6109229049930194,1,1,1,0.7566991647702355,0,11.944186
657,2,1,42,5,0.16529950467139867,1,1,0,0.5648940473815249,1,46.08717
666,1,0,40,2,0.0,2,0,0,0.18181581341018063,0,1.2424113
615,0,1,39,5,0.4511533348061757,2,1,1,0.2607982562334703,0,10.678432
712,0,1,27,8,0.45107641114366404,2,1,0,0.7363203185904252,0,1.7540213
764,1,0,24,0,0.0,2,1,0,0.44360691446033096,0,10.750833
471,1,1,42,3,0.6574444628095815,1,1,0,0.9526919320795135,0,25.855515
608,2,1,27,4,0.6111050905170303,1,1,1,0.9998042313040894,0,8.490675
682,2,0,47,10,0.5342089690678794,1,1,0,0.7214658499886739,0,74.86819
587,0,0,32,3,0.49998403734360836,2,1,1,0.6525783212296774,0,4.149624
714,0,0,35,6,0.5025045427806963,2,1,1,0.2697390600802376,0,7.1168237
630,2,0,31,1,0.0,2,1,1,0.8490368330175532,0,5.9128323
648,0,0,28,8,0.36019042632010473,1,1,1,0.7342708728683589,0,11.049041
785,1,0,40,3,0.0,2,1,1,0.48415243655769125,0,5.2385716
601,0,0,47,1,0.5691634400245933,1,1,1,0.2877346786618122,0,86.023094
717,1,0,28,1,0.36085232852908533,1,0,1,0.3739827653540913,0,7.038638
707,1,0,44,6,0.0,2,1,1,0.962744892137199,0,7.749495
771,1,0,23,7,0.622259539719892,1,1,0,0.36493005081985325,0,11.179694
602,1,0,35,5,0.0,2,1,0,0.15520702227062683,0,2.0761113
626,1,1,38,7,0.562278453375233,1,1,0,0.26394510675769534,1,10.813063
588,2,1,59,4,0.0,2,1,1,0.13713224612950536,0,8.5860815
616,0,0,42,6,0.46991170797673276,2,0,0,0.7513479037248056,0,5.7298427
621,2,1,33,4,0.0,2,1,1,0.20145748919021766,0,3.2209992
674,1,1,26,6,0.6626513577684071,1,1,1,0.7468604751753792,0,0.63735193
633,2,0,46,3,0.0,2,1,0,0.6012524196060723,0,17.90432
698,0,0,64,1,0.6750247879527501,1,1,0,0.4237841713883676,1,97.77447
508,1,1,26,7,0.8208990351421169,1,1,0,0.7821387942548512,0,0.96280444
736,1,0,24,0,0.0,2,1,0,0.5467729668183311,1,19.836626
672,0,1,68,0,0.5024410907233292,2,1,1,0.9247142602118501,0,6.660004
613,1,0,21,7,0.4209994185288537,1,1,1,0.18276210378091107,0,4.051485
712,1,1,32,9,0.4009836025455595,1,1,0,0.8284865204627041,0,6.3340254
624,1,0,38,3,0.0,2,1,1,0.8183545028550226,0,4.6102395
676,1,1,38,1,0.0,2,0,1,0.1781830664828491,0,3.556827
683,0,0,32,0,0.550706065558331,2,1,1,0.94104987026261,0,77.229385
489,1,0,31,7,0.5555844606070935,1,0,1,0.030549217450266498,0,3.7682843
739,1,1,29,1,0.0,2,1,1,0.8224445434538998,0,1.3602768
701,1,0,37,3,0.0,2,1,1,0.8213619400652762,0,3.7749286
666,0,0,50,7,0.4346875657762082,1,1,1,0.7006895158487635,1,85.01979
565,0,0,40,1,0.358690295330666,2,0,1,0.6054212677310683,0,10.100941
666,1,1,36,3,0.0,2,1,0,0.17574158332120715,0,0.5065659
633,1,1,59,2,0.41449793420109343,1,1,1,0.5157869076496805,0,30.712137
578,1,1,34,4,0.6979371983262208,1,1,1,0.37426934272223,0,2.9372442
812,2,0,49,8,0.2633716741327126,2,0,0,0.4577686669076897,1,56.449932
809,0,1,33,8,0.5901030972376076,1,0,0,0.9960532730875797,0,25.681206
615,1,1,36,6,0.0,1,1,1,0.13501399383641136,1,35.325607
684,2,0,31,8,0.0,2,1,0,0.9432174272643036,0,12.721835
544,1,1,40,8,0.0,2,1,0,0.30787750230146976,0,2.5078325
713,0,1,47,1,0.3826054634373662,1,1,0,0.9876825736857869,0,85.4943
633,1,1,37,2,0.0,2,1,0,0.911319981058191,0,0.85387707
672,0,0,23,10,0.4413806418374887,1,1,0,0.40387316988772426,0,28.53623
661,1,1,35,5,0.0,1,1,0,0.7769889024401829,0,8.427128
749,2,0,28,3,0.0,1,1,0,0.01698722227972771,0,46.049927
635,2,0,32,8,0.0,2,1,1,0.09679124356376033,1,5.215877
850,0,0,70,1,0.3864022241062099,3,1,0,0.3113867874382003,1,97.216064
641,1,1,41,6,0.0,2,1,0,0.32695727441970707,0,0.6382685
633,0,1,30,2,0.4375753518091749,2,1,1,0.6985728637084841,0,2.484534
413,2,1,35,2,0.0,2,1,1,0.30483541178182516,0,0.68944484
538,1,1,31,1,0.0,2,1,0,0.006820051314900572,0,0.5326763
437,1,0,39,0,0.4094151932364253,1,0,0,0.11091179207614325,0,37.836506
612,2,1,33,5,0.2769194855170082,1,1,0,0.044814729806696534,1,51.733303
516,0,0,53,1,0.6244535380879146,1,1,0,0.5925103847417428,1,97.48693
826,2,0,56,8,0.6955258208621677,2,0,1,0.8090334626956874,1,47.903297
660,0,0,23,6,0.6619041221079046,2,0,0,0.4524589098258884,0,7.8366184
646,0,0,29,4,0.42231266088952696,1,1,0,0.07730403253510709,0,27.250723
767,1,1,36,3,0.0,1,0,0,0.32570955526252754,0,5.4374046
640,1,1,40,8,0.43978286163916197,1,1,1,0.7894504925220358,0,10.951609
778,1,1,33,1,0.0,2,1,0,0.42718154583762746,0,1.3204505
679,0,1,52,9,0.5415346525754741,2,0,0,0.27016100037553586,0,17.256807
549,1,1,31,4,0.0,2,0,1,0.12837861015727,0,0.39358187
598,1,1,47,2,0.0,2,1,1,0.9306136736058294,0,9.948405
655,1,0,45,0,0.0,2,1,0,0.8341753137424623,0,13.245848
494,1,1,30,3,0.34159267613396344,1,0,1,0.13938571133543254,0,2.9098442
653,1,0,42,1,0.0,2,1,1,0.028786449105889608,0,3.934439
539,0,0,38,8,0.4202333305925128,1,0,0,0.4028577729173136,1,59.84905
645,1,0,37,1,0.0,2,1,1,0.34491278917136586,0,8.061224
751,0,1,34,9,0.432499306790259,2,1,1,0.13544413491488436,0,1.2904598
528,1,1,35,3,0.6245049533856556,1,1,0,0.9966411292278411,0,7.413189
696,0,1,31,3,0.6002617237939117,1,0,0,0.027777752775390047,0,28.034264
716,1,0,44,6,0.6182386641524453,1,0,0,0.6693651743741527,0,50.203407
602,1,0,35,8,0.0,2,1,1,0.7642327342261186,0,3.419674
647,2,0,64,1,0.3635579688948609,1,1,1,0.2089629559622944,0,18.828846
850,0,1,61,3,0.5651060157532487,1,1,1,0.4602548043338139,0,82.571754
590,1,0,32,0,0.5092236453454071,1,1,0,0.5035778916886562,0,32.15797
825,2,0,32,1,0.0,2,1,1,0.21463834796223039,0,3.815327
850,2,1,31,6,0.32927137867012063,2,1,0,0.745867930387352,0,3.6580608
789,1,0,32,7,0.2767000737231599,1,1,0,0.5374903803313216,0,9.233622
701,1,0,42,6,0.3434375287591867,1,1,0,0.7667272224497439,0,34.184658
713,2,0,47,1,0.0,1,1,0,0.5391189858631499,1,88.15989
570,1,1,30,2,0.5237447602729858,1,1,1,0.23972724395179737,0,2.2275112
536,0,0,44,4,0.4858499321377856,1,0,0,0.6550405563731335,0,67.67184
771,0,1,32,9,0.30883933791604395,1,0,0,0.1656731217831303,0,13.293749
512,1,0,75,2,0.0,1,1,0,0.6165240780494536,0,7.333683
698,2,1,45,5,0.6554491506890309,1,1,0,0.7098599916292004,1,68.186554
656,1,1,33,7,0.5528341008893293,2,1,0,0.18564057867526348,0,0.7427996
761,2,1,37,7,0.5290202488189528,1,1,0,0.9965023159711752,0,23.384663
709,1,0,30,5,0.0,2,0,1,0.8069602647052793,0,1.5982404
597,2,0,66,3,0.0,1,1,1,0.3526384269697756,0,15.50991
592,1,1,28,2,0.464324857953283,1,1,0,0.7214622496448411,0,9.707288
599,1,0,41,1,0.0,2,1,0,0.4803370721903942,0,1.058638
572,0,0,35,1,0.5579120590356029,1,1,0,0.928344956943388,0,58.70093
611,0,0,43,9,0.5070437562916482,2,0,1,0.08951689886384148,0,51.60887
634,1,0,45,2,0.0,4,1,0,0.5051879954535657,1,97.63752
666,1,1,51,2,0.5907683474194643,1,0,0,0.7847847469433331,1,63.753456
696,1,0,41,8,0.0,2,0,0,0.14133974794592882,0,1.6811913
669,1,0,38,8,0.0,2,1,0,0.4202280317770347,0,1.450831
726,2,1,30,8,0.5346883668982894,1,1,1,0.7391248864266537,0,4.4933343
497,0,0,32,8,0.44455192943079,4,1,1,0.04743658019340846,1,63.873665
750,2,0,39,7,0.47655173461065414,1,1,0,0.43532232328187337,0,42.44253
850,2,0,29,7,0.0,2,1,0,0.11613944131664573,0,2.1296122
617,2,1,38,7,0.0,1,1,1,0.13615150246848573,0,34.382866
652,0,1,46,10,0.4825218079579642,3,1,0,0.7574237339665937,1,93.53906
560,2,0,27,7,0.49819422698674193,1,1,1,0.573345804524332,0,8.23754
629,2,1,39,5,0.0,2,0,0,0.5837385470312414,0,2.474239
660,0,0,52,4,0.34632324223751565,1,1,0,0.4543742927449571,0,91.18474
676,1,1,38,8,0.0,2,1,1,0.6684703389173666,0,2.1382575
581,2,1,43,9,0.3109733119132155,1,0,1,0.15327128740794743,0,13.737605
798,1,1,34,9,0.6157710885722567,1,1,0,0.9570128947314468,0,8.071268
705,1,1,38,1,0.7550624239506966,1,0,1,0.5332359240307449,0,20.435526
714,2,0,31,6,0.6095167962418527,1,1,1,0.2544659514983681,0,15.017425
664,1,0,44,8,0.5699114329646751,1,1,1,0.5772597783088285,1,37.995823
697,0,1,43,7,0.4598358640354736,2,1,0,0.32066822381537435,0,5.033909
609,1,1,37,6,0.0,2,0,1,0.1101062151435462,0,2.5649867
548,2,1,38,0,0.7096767456460112,2,1,0,0.192134098806436,0,13.919287
850,2,1,39,6,0.8211100371469549,2,0,1,0.21383672140689433,1,1.9465055
656,1,1,41,2,0.0,2,1,0,0.7948868616952918,0,0.8632026
727,0,1,37,9,0.40331845491530055,1,1,1,0.1727153443153821,1,34.719288
642,1,0,55,7,0.0,2,1,1,0.5075693728751095,0,11.860808
710,2,0,31,5,0.0,2,1,0,0.047755310632165364,0,5.799763
710,2,1,33,1,0.0,2,1,0,0.8415883216847209,0,5.429564
718,1,0,37,7,0.0,2,1,1,0.27546885727586984,0,3.1243434
586,0,1,32,1,0.5971131147311645,1,1,0,0.15910759477530104,0,28.611465
617,2,0,36,7,0.46081355182895184,1,1,1,0.35757324824520736,0,35.980774
630,1,1,28,9,0.0,2,0,0,0.16295441214635994,0,1.6987221
791,0,0,42,10,0.4530022926838543,2,0,1,0.6997423253920748,1,24.92154
673,2,1,39,8,0.5506618244881817,1,1,1,0.55233739822153,0,13.88803
477,0,0,36,3,0.4691181985482632,1,0,0,0.3701874529017521,0,50.342636
662,1,0,37,5,0.0,2,1,0,0.759373820199829,0,1.2990626
850,0,1,37,9,0.48827147309092717,1,0,1,0.9985066573857803,1,23.201742
635,1,0,58,1,0.0,1,1,1,0.2945056252872149,1,62.29838
537,1,1,59,9,0.0,2,0,0,0.5189905135940482,1,93.21437
579,1,0,39,3,0.663620715486515,2,1,0,0.469165105267553,0,1.583291
651,2,0,46,4,0.35768725859969686,1,1,0,0.7821446448135797,1,83.36283
610,1,0,25,2,0.0,2,1,0,0.618620328241347,0,1.0328776
581,1,1,30,1,0.0,2,1,0,0.9973577476649018,0,0.6456836
592,1,1,39,7,0.0,2,1,0,0.415403421026708,0,1.2369657
688,2,0,35,6,0.0,1,1,0,0.12739641635776217,1,78.67264
681,1,0,18,1,0.39416158967172693,1,1,1,0.04792867718867151,0,1.7902046
658,0,1,37,3,0.672527000903036,2,0,0,0.3518268994688993,0,1.559933
792,1,1,34,1,0.0,1,0,1,0.43163492113496843,0,3.6285455
528,0,0,62,7,0.530897505038799,1,0,0,0.8425609645721165,1,99.09165
624,2,0,36,0,0.0,2,1,0,0.5580248913771264,0,18.027874
562,0,1,31,4,0.5071272164726325,2,0,1,0.7165976350741496,0,0.8437206
678,0,1,36,1,0.4697718105386933,2,1,0,0.13805058383075583,0,3.3981428
705,0,0,64,3,0.6116796664334911,3,0,0,0.7328803900772524,1,99.44402
650,0,1,23,4,0.3743005775771351,2,1,0,0.3452523215967125,0,2.0453703
593,2,0,46,2,0.3052944324924913,1,1,1,0.2722366986047168,0,53.332825
652,1,0,40,4,0.3185650396940049,2,1,1,0.16758110399543155,0,2.1112404
554,2,0,27,4,0.0,2,1,1,0.6754252531116722,0,1.2953695
584,0,1,32,8,0.16011644409090564,1,1,1,0.6872044280228762,0,7.353922
516,1,1,33,7,0.4591329491587601,1,1,1,0.05597494560730549,0,4.356239
789,0,0,43,9,0.464907046522355,2,1,1,0.30085133130213937,0,23.218006
598,0,1,20,8,0.7185939119743798,2,1,1,0.14771970723204064,0,1.2725673
669,0,0,30,7,0.5574885404667689,1,1,0,0.9440115030985459,0,19.22842
645,1,0,24,3,0.13769662415524966,1,1,1,0.058138502226962666,0,6.508001
659,1,0,32,9,0.0,2,1,1,0.4657653305890712,0,1.1733836
833,0,1,29,1,0.38446785306336934,2,0,1,0.24489638760501625,0,2.0154932
697,2,0,40,7,0.5194712721806691,2,0,1,0.5847534439538976,0,7.0394883
580,0,1,39,3,0.4770415350710721,1,1,0,0.6852138379215215,0,52.723194
691,1,1,38,1,0.0,2,0,0,0.22323091855272176,0,6.055958
534,1,1,52,1,0.0,3,1,1,0.5201688261228947,1,94.87957
478,1,0,32,6,0.2837297007721343,1,1,1,0.5529630079672608,0,7.023932
572,1,0,47,2,0.0,2,1,0,0.18045783372312052,0,8.855073
501,1,1,37,4,0.0,2,0,0,0.062299549606987456,0,0.46287012
624,2,0,38,8,0.0,2,1,0,0.47700470394922717,0,8.959588
595,1,0,39,9,0.5437363433097478,1,1,1,0.7588036157453036,0,18.357012
603,1,1,30,8,0.0,2,1,1,0.2376470952976009,0,0.96783304
602,1,0,25,0,0.0,2,1,1,0.5063613075048666,0,12.335924
500,1,0,34,6,0.0,1,1,1,0.7013513290519244,0,4.087716
422,1,1,41,6,0.6107614450153847,1,1,0,0.05826311412739916,0,11.443362
615,1,1,35,7,0.0,2,1,0,0.7539355508451057,0,1.9690869
635,1,0,78,6,0.1894649736074117,1,1,1,0.5969995134535347,0,0.81926125
711,1,0,32,1,0.0,2,1,0,0.6309444551954712,0,2.1154058
834,1,1,36,8,0.5694841678547653,1,1,0,0.44990016546580197,1,13.250298
633,1,0,44,7,0.0,2,1,0,0.14876275684327853,0,3.7644637
650,1,0,31,1,0.6399654537027365,2,0,0,0.13532407344901437,0,1.4344141
743,0,1,65,2,0.5258529867644669,1,1,1,0.48198647970881214,1,42.823402
567,1,1,38,6,0.5088870943577132,2,0,0,0.22707823597153526,0,0.861644
706,0,0,46,4,0.41935185716240414,1,1,0,0.5434919534815574,1,78.33613
638,1,1,46,9,0.5574356504666896,1,1,0,0.1947971531281237,0,28.359661
641,1,0,38,3,0.0,2,1,0,0.582328662387258,0,1.077143
574,1,0,34,5,0.44768953801123,2,1,1,0.08991783715344814,0,0.8182022
642,0,1,30,8,0.5360633474730716,1,0,0,0.21621544857533892,0,19.339176
722,2,0,35,1,0.4789657027680044,1,1,0,0.6262059026637044,0,46.472454
623,1,1,23,1,0.4225309168355965,2,0,1,0.9571132043110117,0,1.0892208
681,1,1,25,5,0.0,1,0,1,0.4542903347269664,0,2.9417596
530,1,0,34,8,0.0,2,0,1,0.7093724450685039,0,0.9046296
797,1,0,55,10,0.0,4,1,1,0.24706004423422437,1,97.712006
653,1,1,51,3,0.0,1,1,0,0.8521567309678073,1,67.24486
850,0,1,42,8,0.47764289477054217,1,0,1,0.25504655694618833,1,16.032675
581,2,1,34,1,0.0,2,0,1,0.4058571093539433,0,2.4242303
589,0,1,38,8,0.36755644492949313,1,1,0,0.4955242725680302,0,50.908546
555,0,1,48,3,0.5661876899899877,2,0,1,0.3956537849364614,0,22.131445
748,1,0,49,7,0.11798447728318699,1,0,0,0.817773097330795,1,76.66133
745,1,0,46,7,0.0,2,1,1,0.33882415770706104,0,11.344598
730,1,1,34,1,0.0,2,1,1,0.632962597928102,0,1.5690448
565,1,0,44,1,0.0,2,0,1,0.44799893389818723,0,14.435818
778,1,1,37,3,0.5651847329726584,1,0,1,0.8971369765812635,0,11.871257
812,1,1,24,10,0.0,2,1,1,0.7845477743124467,0,2.5321684
526,1,1,42,1,0.0,1,0,1,0.8424526542284787,0,24.402527
708,1,0,47,0,0.5045439764009364,2,0,1,0.6636558291316821,1,50.959373
680,1,1,33,2,0.43202142351900735,1,0,1,0.19524909628869555,0,11.046772
567,2,1,43,2,0.4609185346927114,2,0,0,0.8730572269651752,0,7.6739073
564,2,1,48,5,0.5296023975312049,1,1,0,0.3962787946248867,0,76.597305
709,1,0,24,3,0.4422090658402382,1,1,1,0.8426006183590532,0,4.6566443
629,1,1,46,1,0.5207939207508515,1,1,1,0.8056473893256806,1,41.188263
510,1,0,45,10,0.41379936371775494,2,0,1,0.38937238506277344,0,7.597012
506,1,0,32,3,0.0,1,1,1,0.40409579114805466,0,5.056137
605,1,1,39,7,0.0,1,0,1,0.5967404887166724,0,17.134
650,2,1,32,1,0.5268582554773534,2,1,1,0.8916840558273313,0,3.397749
850,0,1,49,8,0.3931857352919666,1,1,0,0.5958734059102644,1,89.5291
489,0,1,38,2,0.5039658930843197,2,1,1,0.4132952196934807,0,4.607644
659,0,0,30,8,0.6144307834308346,1,1,0,0.2021669069396127,0,28.075235
753,1,0,43,5,0.0,2,1,0,0.5494031179977688,0,5.572704
477,0,1,48,8,0.515149397908928,2,1,1,0.7897042667574753,0,35.720104
610,2,0,45,3,0.0,1,1,0,0.1913445734067603,1,83.68955
619,1,0,33,2,0.6685324308367594,2,1,1,0.32608564117873257,0,3.8786218
619,0,0,31,2,0.22366172655997504,2,0,0,0.010852836445880582,0,7.513865
758,1,0,30,3,0.5642971614490967,1,1,0,0.7812620105220048,0,8.622854
516,0,1,50,7,0.5567004117089932,2,1,0,0.22792001636156253,0,17.415668
789,1,0,27,8,0.26385996003397244,1,1,1,0.3972706393460575,0,2.9281523
687,1,0,44,9,0.0,2,0,0,0.5152023018198237,1,6.5971785
485,0,1,34,3,0.5327192407084487,1,1,0,0.3510247728658087,0,27.465328
446,0,1,25,3,0.5428609679730922,1,1,0,0.8837440475565417,0,12.17999
597,1,0,60,0,0.5252255208479267,1,0,0,0.053464855893737846,1,98.07531
712,2,1,74,5,0.0,2,0,0,0.7571435072049381,0,10.057543
522,1,0,34,3,0.0,2,1,1,0.019415654194975616,0,2.0264077
805,0,0,26,8,0.17023991693201015,2,1,1,0.14426432724325172,0,1.337775
781,1,0,28,4,0.0,2,1,0,0.8885427058284066,0,1.6205668
689,2,0,57,4,0.0,2,1,0,0.6832563509815186,1,81.566086
670,0,1,31,1,0.568483960958013,2,1,1,0.879497291991385,0,1.1133251
670,1,1,33,2,0.5627968311755582,2,1,0,0.38126581088493955,0,0.43479583
524,0,0,25,7,0.5237274225563057,1,0,0,0.9683770300063654,0,19.100231
734,2,0,39,3,0.3692214635830827,2,1,1,0.6283585582423121,0,7.1780243
489,1,0,51,3,0.0,2,0,1,0.8705166343385793,1,47.522987
578,0,0,31,5,0.4068930138128991,4,0,0,0.939362859153049,1,77.70298
622,2,1,39,9,0.0,2,0,1,0.5043020608468108,0,4.928772
843,1,0,38,8,0.537618799728607,1,1,1,0.05396745389184667,0,7.4865794
687,1,1,48,4,0.0,2,1,1,0.8544929540771143,0,3.9583669
700,2,1,28,8,0.637312065627921,1,0,0,0.11344573406760346,0,30.284643
410,0,0,50,2,0.40765073181704975,2,1,0,0.44909738880063044,0,30.895592
537,1,0,41,0,0.0,2,0,1,0.8763382403019487,0,14.94974
780,1,0,43,0,0.0,1,0,1,0.07847594445269522,0,66.584076
652,2,1,58,6,0.0,2,0,1,0.8501504393669594,0,12.60915
620,0,1,35,0,0.30685753725745785,1,1,1,0.08616427868861476,0,66.00862
697,1,0,23,10,0.0,2,1,1,0.3986513212011747,0,3.0159209
786,1,1,35,3,0.0,2,1,0,0.463551219141428,0,0.92111975
850,0,0,39,5,0.45632798559765847,1,1,0,0.4984371007431209,0,28.885439
749,0,1,54,3,0.5770029576550384,1,1,0,0.46666816680993034,1,94.63188
445,1,1,31,7,0.5781494390810229,1,1,1,0.8794937416523277,0,4.338453
443,0,1,50,3,0.4671470396606049,1,1,0,0.21416345260972422,1,97.54872
637,0,1,41,2,0.5500815091896475,2,1,0,0.701500293278008,0,2.034652
616,0,0,45,6,0.5115726070294119,3,1,1,0.7200138113189809,1,97.98934
756,1,0,23,1,0.4486614864226348,1,1,1,0.5670368020145924,0,1.6875526
644,1,1,33,2,0.0,1,1,0,0.4820910396942908,0,6.1368294
850,0,1,41,1,0.7053001479604728,2,0,1,0.6290336727157443,0,1.2293593
703,0,0,38,9,0.39525027870877777,1,1,0,0.32857807920656423,0,42.99409
684,2,0,42,3,0.41136331488215,1,1,0,0.1549670493532132,0,75.80032
706,0,0,48,10,0.416416561800052,3,0,1,0.791261215446075,1,98.120865
580,2,1,61,8,0.5018825372484901,1,1,1,0.4733764574516866,0,16.516438
777,2,0,35,3,0.0,2,1,1,0.08623893581837065,0,4.538272
676,0,1,48,3,0.32163433368504324,1,0,0,0.5069798165724827,0,86.869026
708,1,0,44,2,0.6452333295960923,2,1,0,0.42433377387540505,0,5.114394
809,1,1,24,7,0.4366647829004996,1,1,0,0.9176053813139154,0,26.649084
588,1,1,38,1,0.49530572353101615,1,1,0,0.3798243232228678,0,13.462355
623,1,1,43,1,0.0,2,1,1,0.7319084972614883,0,6.126831
537,2,1,42,1,0.7595483488933695,1,0,1,0.6357768166859935,0,15.234184
536,2,1,53,2,0.5736351360825426,1,1,0,0.010041959007085176,1,86.04754
769,1,1,48,2,0.3847863489116239,2,0,1,0.9894651939260198,0,10.347907
690,1,1,33,5,0.0,2,1,0,0.6900964042066017,0,2.5751603
771,2,1,45,0,0.5573002169924849,1,0,0,0.8549485975910699,1,59.154396
497,0,1,24,6,0.4454762489423495,2,1,0,0.2792651198189427,0,2.4525034
622,2,1,37,4,0.0,2,1,0,0.02224172408465008,0,3.8471465
602,2,1,30,9,0.4530611612069267,2,0,0,0.5106704690297923,0,3.1783595
543,1,0,32,7,0.5869190156051008,1,1,0,0.5638556982191799,0,13.224798
520,2,1,45,7,0.4265597637670339,1,1,0,0.1644774575972005,0,64.062935
669,1,1,37,1,0.5003208673290419,1,1,1,0.8113242314641047,0,6.992678
631,2,0,41,0,0.0,1,0,0,0.43978324930030815,0,37.042736
537,0,1,48,4,0.5254515887307074,1,1,0,0.832406344805929,1,81.68543
732,1,1,62,2,0.0,2,1,1,0.12714859269060194,0,5.637139
844,2,1,56,5,0.3966937333002416,1,0,1,0.7861674789942439,1,81.56405
838,2,1,35,0,0.0,2,0,1,0.9865658670403022,0,6.6832466
652,1,1,27,10,0.4276785048463303,2,0,0,0.2221421145719416,0,4.0620794
660,1,1,33,0,0.2900915666595948,1,0,0,0.9052885050522324,0,8.610929
692,2,0,44,8,0.0,1,0,1,0.7953649073486517,0,45.47745
588,1,0,35,0,0.0,2,1,1,0.7774425457631203,0,24.176016
533,0,0,22,10,0.461317182605894,1,0,0,0.21922328582379616,0,13.588788
850,1,1,43,4,0.6427172482660192,1,1,1,0.7003668350327457,0,23.189116
511,1,1,27,8,0.0,2,1,1,0.24541233687817185,0,0.33394673
530,2,1,44,6,0.0,2,0,0,0.2794356361032479,0,11.4247265
554,1,1,31,1,0.0,2,0,1,0.9633368486690478,0,1.0637847
585,0,0,40,3,0.6467207861167856,2,1,0,0.685150081832815,0,5.4385643
754,1,1,39,3,0.29851295400455224,1,0,0,0.17210933644163018,0,8.102007
474,1,1,54,3,0.0,1,1,0,0.5420397147927627,1,86.755394
837,0,1,35,0,0.5740880689845029,1,1,0,0.7266380939379711,0,60.957085
567,1,0,23,9,0.37274974871271443,1,0,1,0.4071090289122611,0,4.783062
800,2,1,38,1,0.0,2,1,0,0.25773386358397227,0,3.3219879
646,1,1,18,10,0.0,2,0,1,0.26394305656190165,0,6.488323
627,0,1,38,8,0.4261607571424717,2,0,1,0.42133278728118534,0,6.375654
505,1,1,26,8,0.45027273822610614,1,1,0,0.7250694441319145,0,0.64639246
566,0,0,35,1,0.4904062840813177,1,1,0,0.3312009296887853,1,52.37447
619,0,0,33,3,0.400516879183895,2,0,1,0.1821931994505475,0,7.9515853
757,1,0,44,4,0.49152287289233654,1,1,0,0.6856890333026804,0,40.396793
648,1,1,32,0,0.0,1,0,1,0.5866146717011474,0,8.66695
621,2,1,42,8,0.2737513067556632,1,1,1,0.3707660581585542,0,24.805407
543,0,1,49,6,0.23727633797451392,1,1,0,0.5212596802994686,0,91.42107
658,1,0,43,7,0.5590331915240965,2,1,0,0.013687007109178926,0,4.755
633,0,1,50,7,0.3519462822534839,1,1,1,0.9797214633997546,0,86.32973
648,1,0,19,1,0.0,2,0,1,0.11046194911614059,0,0.76606536
501,0,1,40,5,0.45698068088122956,1,0,0,0.632682121142569,0,29.912731
683,1,0,42,4,0.591012629868964,1,1,1,0.2234265872390813,1,28.283669
619,2,0,38,1,0.0,1,1,0,0.5622089409538611,1,54.72977
705,1,0,35,3,0.0,2,0,1,0.3316288205523627,0,3.4153013
638,0,0,53,1,0.4938924405522577,1,1,0,0.08323844927190546,1,90.74055
710,1,0,31,1,0.0,2,1,0,0.10035818420659172,0,1.952526
590,1,0,54,4,0.0,2,1,1,0.4690893480327371,1,21.27629
725,1,1,43,2,0.6612087003133424,2,1,0,0.6539821552958307,0,1.6651582
638,1,0,32,0,0.0,2,1,0,0.8006685138430719,0,4.558468
791,1,1,36,6,0.44308416217915414,1,1,1,0.9498823637657395,0,9.562107
702,1,0,40,1,0.4127143415081399,1,0,0,0.048509332641267236,1,19.96183
607,1,0,32,6,0.0,2,0,0,0.9803457730213235,0,1.456123
535,1,1,30,6,0.4137335999648304,1,1,1,0.6285547769812017,0,2.61879
651,1,1,45,2,0.6612309802756968,2,1,0,0.11522565404996175,1,3.7626173
506,0,1,59,8,0.4749023796873066,2,1,1,0.8534223018298246,0,12.964699
511,2,0,57,8,0.490040836899157,1,1,1,0.9063224537943373,0,40.181503
757,1,0,51,1,0.0,1,1,1,0.1141286492860068,1,65.60728
768,0,1,49,1,0.5316288378281397,1,1,0,0.511977093812459,1,88.45562
757,1,1,32,9,0.0,2,1,0,0.5797522663414356,0,0.37056065
663,2,1,64,6,0.0,2,0,1,0.07933227623238019,0,3.523094
537,0,0,37,7,0.6313796569754677,4,1,1,0.588451197089322,1,85.86073
570,0,1,29,4,0.48636739323125183,2,1,1,0.8689889384436212,0,0.5724506
850,1,0,35,5,0.0,1,1,1,0.40494477222574754,0,5.627563
661,0,0,64,8,0.5131631332865069,2,1,0,0.9470234407385905,1,84.0441
659,1,1,54,8,0.5318355352964226,1,1,0,0.2839082132343639,0,72.817055
454,2,1,40,2,0.49094439100752024,1,1,0,0.7415628192492383,0,52.03992
708,1,0,59,2,0.0,1,1,0,0.8983934465741477,1,94.82699
720,1,0,37,2,0.47959265054588507,2,1,1,0.6923592703103145,0,5.4152575
785,1,0,39,1,0.5187284606271814,1,1,0,0.8190123656809225,1,21.023972
743,2,0,36,8,0.3695403181427169,1,1,1,0.1684270847865971,0,12.37741
493,2,0,48,7,0.0,2,1,0,0.24269077696920052,0,32.031803
557,2,1,34,3,0.0,1,0,1,0.6171409369594796,0,10.360867
850,1,1,40,1,0.3065555819894843,1,1,0,0.870942475006363,0,9.319277
799,1,0,32,3,0.4226653140324823,2,1,1,0.08964066068309523,0,0.98846054
756,1,1,34,1,0.41105637751168217,1,1,1,0.4502803017688189,0,4.232203
752,1,1,38,0,0.581809092289224,2,1,1,0.6884789997444756,0,5.1134977
696,2,0,36,3,0.0,3,1,0,0.3251726539884559,0,59.49194
630,2,0,49,1,0.0,2,0,1,0.8143113167307477,0,39.898067
659,2,0,38,9,0.0,2,1,1,0.1784644433543403,0,5.343021
685,2,1,39,9,0.0,2,1,1,0.09408138477224574,0,5.6069474
599,2,0,31,3,0.0,1,1,1,0.650436566692119,1,30.478945
559,2,0,31,1,0.5547394163104231,1,0,1,0.716813355675467,0,17.143595
615,2,1,19,5,0.0,2,1,0,0.7996230640026123,0,0.83871603
580,0,0,36,3,0.29882606918211296,1,1,1,0.06044622261425966,0,35.403168
487,2,1,44,6,0.24588250153677935,1,1,1,0.26540734640158137,0,25.870823
646,0,0,35,1,0.48606487996779896,2,1,1,0.7142094069983683,0,13.568671
811,1,0,35,7,0.0,1,1,1,0.0008331295638733499,0,6.4065046
526,2,1,35,5,0.0,2,1,1,0.528083231948651,0,2.1377676
767,2,1,37,7,0.0,2,1,1,0.12362515620241732,0,1.3561014
548,1,0,33,1,0.31928433572371956,2,0,1,0.41120972052831045,0,1.9270813
737,2,0,45,2,0.0,2,0,1,0.8885053022563655,0,36.06034
613,0,1,40,1,0.5893102653750772,3,0,0,0.5397992008236786,1,78.88033
711,2,1,36,8,0.0,2,1,0,0.27600550852606426,0,3.6667883
850,2,0,53,7,0.2606921399840071,2,0,0,0.9131974603574641,1,58.72314
752,1,0,53,8,0.4552971288063612,1,1,1,0.2579019296342801,0,48.794975
710,1,0,37,5,0.0,2,1,0,0.5770137548135846,0,1.3846945
664,2,0,53,7,0.7477226311288381,1,1,0,0.9319960556233119,1,95.879776
510,1,0,22,3,0.6250918052026623,1,0,0,0.22183548528884509,0,3.3199086
577,1,0,34,2,0.0,2,1,1,0.4201489742270387,0,1.0851432
529,1,1,42,1,0.6277405300295431,1,1,1,0.4113644853083469,0,17.809546
757,2,0,44,9,0.0,2,1,0,0.8876714726256357,0,8.232825
691,1,1,41,2,0.0,1,1,1,0.2842238433770425,1,23.425898
621,2,1,34,8,0.0,1,0,0,0.2398282535982186,0,36.000507
709,2,1,35,2,0.0,2,1,0,0.5249041783490324,0,4.610701
756,2,1,19,4,0.519231613122284,1,1,1,0.6676823136609547,0,2.3671863
788,1,0,41,6,0.0,1,1,1,0.12781115596539466,0,13.934565
705,1,0,39,5,0.5953798213449932,2,1,0,0.4803657249267305,0,1.7756546
483,1,1,29,9,0.0,1,1,1,0.4081533286428854,0,1.3916905
719,2,1,35,1,0.40187607645797546,1,1,1,0.8250657437785308,0,12.516564
793,0,0,32,1,0.38425553578347293,1,1,1,0.690967137361618,0,15.398683
593,1,1,41,6,0.0,2,1,1,0.49567188666517653,0,1.6372718
551,1,1,52,1,0.0,1,0,0,0.31789520899245877,1,84.060844
690,1,1,39,6,0.0,2,1,0,0.8026831562414211,0,1.9676764
823,1,1,71,5,0.5942854327826887,1,0,1,0.8134350830504312,0,8.945694
512,2,1,39,3,0.0,1,1,0,0.6743974549569484,0,32.72984
802,2,1,41,5,0.0,2,1,1,0.6731378846679857,0,3.818308
450,2,0,34,2,0.0,2,1,0,0.8774305446170109,0,7.5018487
651,0,1,41,1,0.35958069668844433,1,1,0,0.8717137486629972,0,42.270226
697,1,0,33,1,0.34814015523195097,1,1,0,0.8626470327916316,0,19.528004
611,1,1,28,2,0.0,2,0,0,0.1269333721370391,0,1.0250779
643,1,0,33,0,0.5492738107332743,1,1,1,0.9243148220655073,0,21.162142
822,1,1,37,3,0.42074054848325076,1,1,0,0.9131539562028173,0,9.200919
632,1,1,38,4,0.0,2,0,0,0.9625621246829071,0,0.6625716
575,2,0,26,7,0.0,2,1,0,0.5625339719943254,0,4.2015553
672,1,1,31,6,0.3631982610947736,1,1,0,0.8865063613575096,0,3.5704381
517,2,1,39,3,0.0,2,0,1,0.06227559731954401,0,4.2190957
621,2,1,39,8,0.0,2,1,0,0.1805741448308313,0,5.714599
775,0,0,77,6,0.5385475832040013,1,1,0,0.18914336319118474,0,28.721983
600,1,1,29,8,0.0,2,0,1,0.17369583795252444,0,1.3794417
640,1,1,28,7,0.0,2,1,1,0.6554941996960709,0,1.1026943
752,1,0,36,1,0.3461084538347821,1,1,1,0.52639512073403,0,9.985264
613,1,1,26,4,0.4003480855513887,1,0,1,0.7482826109893495,0,5.368788
484,1,0,32,3,0.0,2,1,1,0.6969636100247573,0,0.9127686
511,1,0,33,3,0.0,2,1,0,0.6621888890389032,0,0.93057615
745,1,0,32,2,0.0,4,0,1,0.8985535618651581,1,29.33906
786,2,0,32,6,0.45641076821270343,1,1,0,0.07893293809558811,0,40.210308
727,1,1,35,5,0.5435053730381129,1,0,0,0.7137838163544618,0,7.0816407
622,1,1,31,5,0.42352123924100027,1,1,1,0.012835475787937747,0,7.1742716
794,1,1,24,10,0.582414756525249,1,1,1,0.4449448422324332,0,8.931162
636,2,1,52,4,0.4435447475905457,1,0,1,0.16464002312220816,1,67.0808
741,2,0,42,9,0.482493230618057,2,1,0,0.19557367728618083,0,9.209578
687,1,1,34,5,0.511245661535327,1,1,0,0.9554964499109664,0,20.806318
660,2,1,30,4,0.0,2,1,0,0.6457490690360929,0,2.3925838
660,1,1,35,7,0.0,2,1,0,0.06604140695436414,0,0.67338276
617,1,0,79,7,0.0,1,1,1,0.8029646831272386,0,0.8705189
762,1,1,32,10,0.7643567553662924,1,1,0,0.8983170392772508,0,8.167341
752,2,0,35,2,0.0,1,1,0,0.221640966712321,1,48.139133
561,2,1,34,4,0.3393480994614188,2,1,1,0.1460428970966727,0,1.2002441
609,1,1,26,10,0.503759036188757,1,0,1,0.21822039004724947,0,13.271112
803,1,1,28,3,0.0,2,1,0,0.7982883365361392,0,0.9473579
556,1,0,40,9,0.5175821386284767,1,0,0,0.0899153869194508,0,28.977865
531,1,0,53,5,0.5087421749603595,1,1,0,0.7075169178656562,1,84.86574
411,1,0,35,2,0.0,2,1,1,0.46911580055895336,0,0.9176817
587,0,0,44,5,0.5005385652796321,2,1,1,0.2092232808233186,1,14.284717
683,2,1,56,7,0.20291589306239838,3,0,0,0.48813526691799064,1,97.65595
654,1,1,29,2,0.3665058191554986,1,1,0,0.18528809501307375,0,4.130335
670,0,0,36,2,0.33585923272672186,2,0,0,0.1930339847455432,0,2.3543618
655,1,0,36,2,0.5864914714974515,1,1,1,0.43906833102561293,0,6.7369504
752,1,0,36,7,0.0,2,1,0,0.9243646768266368,0,0.80178475
534,1,0,23,5,0.41778895168153735,1,0,1,0.8009009360393917,0,3.5929496
635,1,1,42,1,0.5849654734318623,2,0,1,0.8218060824808769,0,3.691655
491,0,1,70,6,0.5928539352372114,2,1,1,0.08904225353521261,0,6.3273005
516,1,1,27,9,0.0,1,1,0,0.7134134309826589,1,6.6196785
530,1,0,48,0,0.0,1,1,0,0.42538817457067146,0,73.86532
687,2,1,35,3,0.0,2,1,1,0.8822773074828646,0,7.220875
684,1,0,41,6,0.5388793912301206,2,1,1,0.6098397396951408,0,8.262166
706,0,1,23,2,0.37187198196686155,2,0,1,0.6359380320820638,0,1.8215266
490,0,1,33,5,0.3839845891214238,2,0,0,0.5415605190295673,0,2.7539215
796,1,1,44,8,0.6589376587123482,1,1,1,0.28599716272904063,0,16.248316
849,1,1,27,0,0.0,2,0,1,0.7894767950339256,0,3.555384
779,1,0,41,10,0.39771606073206855,1,1,0,0.4346212563299795,0,13.258116
794,2,0,22,4,0.45612240412033433,1,1,1,0.5387589014750909,0,3.7351637
748,2,1,36,4,0.5642671492636712,1,1,0,0.4107720287287436,0,40.23311
663,2,0,22,9,0.0,1,1,0,0.14563545818625676,1,16.288319
645,2,0,55,1,0.5327926171139844,1,0,1,0.08542770834614706,0,83.9295
464,1,0,33,10,0.5878629845288978,2,1,0,0.5022277127465673,0,2.9540062
737,1,1,54,9,0.0,1,1,0,0.41733395539274,1,69.54478
590,1,0,29,4,0.0,2,1,0,0.6092343318786944,0,1.2139802
522,0,0,37,3,0.3787297464081931,1,1,1,0.6455416992322767,0,46.475098
648,1,0,34,3,0.0,1,1,0,0.2736003788361789,0,9.956762
754,1,1,37,6,0.0,1,1,1,0.5807061574380353,0,9.42934
669,1,1,50,4,0.596710839847366,3,1,1,0.6243638267454541,1,59.275238
648,0,0,43,1,0.43030769983143363,1,0,0,0.9322254275283288,1,72.48932
763,1,1,40,3,0.0,2,1,0,0.6714117698240181,0,0.71672595
790,2,1,32,3,0.0,1,1,0,0.455207922356585,0,39.36379
581,1,1,37,7,0.0,2,1,1,0.3715813360175897,0,0.86065114
703,1,1,43,8,0.0,2,1,0,0.048470028887758775,0,1.820306
571,1,0,33,9,0.4066083165479658,2,0,0,0.6430059570689001,0,1.6045896
657,2,0,27,8,0.0,2,0,0,0.032286383349609885,0,6.7050653
737,1,1,44,7,0.0,2,0,0,0.2894626436824717,0,1.2056166
793,2,1,29,8,0.38531401335099846,2,0,0,0.9606371408469508,0,1.254801
783,2,0,44,3,0.3260754595620876,1,1,0,0.8210881639196542,1,87.26786
751,2,1,33,4,0.31599128554545797,1,1,0,0.5877370288862586,0,41.506584
579,1,1,31,6,0.0,2,1,0,0.13070083192944926,0,0.7728734
655,0,0,36,10,0.4875062620046251,1,1,0,0.04585477913140704,0,45.913406
614,0,1,43,8,0.5609199336670917,1,1,1,0.8329654482003032,0,76.75763
678,0,1,49,2,0.46605819119627423,1,1,0,0.9753031414500083,1,86.049446
562,2,1,41,5,0.6594113171606848,2,1,0,0.42891961182292904,0,3.820416
711,0,0,53,5,0.49344747901428826,1,1,0,0.512133558754861,0,87.24919
620,1,1,37,0,0.4286558737852489,1,1,0,0.3558557842273937,0,17.123493
437,1,1,49,9,0.4449387797252662,2,0,1,0.8322231773134334,0,7.6234145
691,0,0,41,8,0.435052973101549,3,1,1,0.7442569765412597,1,59.48
552,2,0,34,4,0.0,2,1,0,0.7014425377623563,0,5.0099087
765,0,1,34,5,0.34298854168240184,2,1,1,0.5210943645118109,0,1.6173694
707,0,0,51,10,0.39234348097269295,1,0,0,0.3538690444937492,1,95.504715
764,2,1,29,5,0.0,2,1,0,0.32931494957768465,0,1.3390096
585,1,0,32,8,0.5767515806915868,2,0,0,0.8574367852129877,0,1.6598096
784,1,1,31,7,0.0,2,1,1,0.7160325311067207,0,0.6239287
605,1,1,41,5,0.3651399259356658,1,1,1,0.14209487006009072,0,11.431487
699,2,1,40,2,0.0,1,1,0,0.3919161279902231,0,38.19209
544,1,0,40,7,0.0,1,0,1,0.8054036160453324,0,39.383392
803,1,0,32,9,0.7657405442982846,1,1,1,0.2713552644277528,1,5.229314
735,1,1,41,7,0.7170401337052825,1,1,1,0.6859123546298672,0,8.738135
673,1,1,59,0,0.7096828038826443,2,0,1,0.10527070335217012,1,4.212049
652,1,1,30,2,0.7021438863882942,2,1,1,0.761068832073463,0,0.7498176
694,1,1,42,3,0.6252108176670458,2,0,0,0.44443829385706335,0,1.3895032
741,1,0,44,7,0.0,2,1,1,0.952706883507375,0,10.167057
590,2,1,30,3,0.0,2,1,0,0.4154335239015326,0,3.8617632
809,2,0,33,3,0.0,2,0,1,0.7071435322073257,0,1.5613822
523,1,1,34,2,0.6440419295340193,1,1,1,0.2567599205724147,0,6.4969234
540,1,1,48,2,0.43583149636571566,1,1,0,0.4434996542169777,1,40.900326
596,2,0,29,6,0.0,2,1,0,0.5834816724997237,0,7.954605
597,1,0,36,9,0.0,2,1,1,0.0357259618293547,0,4.7724786
407,2,1,37,1,0.0,1,1,1,0.24577117114684452,1,12.391181
748,1,1,60,0,0.607161656750755,1,1,0,0.6337192701903032,1,96.04224
562,1,0,51,1,0.4968652411821868,1,1,1,0.3269256213968434,1,59.66282
734,0,0,47,10,0.36477774701274135,2,1,1,0.6941879449487426,0,34.302113
710,1,1,45,1,0.0,2,1,1,0.18073265996902704,0,4.940483
539,2,0,39,6,0.24732065517118926,1,0,1,0.2987463302745412,0,40.287266
542,1,1,32,7,0.42994237221973275,1,1,0,0.6265151321951246,0,7.575509
717,1,0,36,2,0.39646678856742196,2,1,0,0.4713607149482775,1,2.0788443
682,2,0,50,10,0.5103227768692858,1,1,1,0.5112917283600584,0,34.98523
515,1,1,33,2,0.0,2,1,1,0.6801519045068803,0,1.319948
526,2,0,33,8,0.4568971808434254,2,1,0,0.5505665791083049,1,9.57355
702,1,1,26,5,0.2261414983270698,2,1,1,0.5022011602108001,1,0.7133087
651,0,1,34,2,0.36012677497863776,2,0,0,0.9680242463155231,0,3.2502775
792,0,1,36,5,0.46124400548445793,2,0,0,0.009299238077236377,0,1.1288829
817,0,1,58,3,0.45567341704354947,2,1,1,0.21411809827838557,0,20.193027
674,0,0,36,6,0.40160784005968325,1,1,0,0.9108133826780456,0,23.30473
641,1,0,40,9,0.0,1,0,0,0.7582578136212008,1,13.932652
513,2,1,39,7,0.3548847263046124,2,1,1,0.73370631895346,0,2.5613146
561,1,1,34,1,0.31418943842896535,1,1,1,0.0606888957895479,0,6.7575603
627,0,1,30,6,0.44788288344482824,1,1,1,0.5901439087432849,0,11.02856
682,0,1,81,6,0.48636938607224955,1,1,1,0.2538857460887515,0,0.75868744
683,1,0,29,0,0.629056681938073,1,0,0,0.6494624236614597,0,29.138914
420,0,0,31,1,0.43195924687987863,2,1,1,0.049469974382553523,0,7.0322146
670,1,0,54,2,0.3806610086190772,1,1,1,0.3160388317084281,0,38.131504
505,0,1,43,6,0.5067662332543066,1,0,0,0.6878371384467216,0,51.133556
580,0,1,24,1,0.5333312023220265,1,1,0,0.08588005154492254,1,36.79518
577,1,1,36,3,0.4826360774607731,2,0,1,0.7189280576295035,0,0.83282924
773,0,1,34,10,0.50610090335881,1,0,0,0.18407607926556985,0,26.097328
616,1,1,37,5,0.5748777521582569,2,0,0,0.7748043938196097,1,2.0484247
763,1,0,38,0,0.6081441273626277,2,0,0,0.15942142474606322,0,1.410956
640,2,1,43,9,0.6874430570595417,1,1,0,0.9554553459855415,1,49.448654
592,1,1,36,1,0.5040987757220472,1,0,0,0.8986187680923529,0,12.2985735
528,2,1,43,7,0.38849984868358306,2,1,1,0.7991342173177538,0,6.0654635
630,1,1,53,5,0.5502380269216081,1,0,1,0.5705514376622968,0,50.92016
529,1,0,31,2,0.653664003580099,2,1,1,0.3049373715189801,0,1.0258996
546,1,0,47,8,0.0,1,1,1,0.33201385732337435,1,67.021866
753,1,0,62,6,0.0,2,1,1,0.6820017311653263,0,8.231698
772,2,0,39,4,0.4881906833168798,2,1,1,0.7035555395540274,0,4.0482235
567,1,1,36,1,0.0,2,0,0,0.04272483022128613,0,1.0170964
628,0,0,45,6,0.2139013493486539,1,1,0,0.5751117231695627,0,78.82463
658,1,1,20,7,0.0,2,0,0,0.9382234003347318,0,0.31882688
679,2,1,58,9,0.4357452462073346,1,1,1,0.019089573054226677,0,15.448758
629,2,1,34,1,0.4828695587120652,1,0,0,0.5967887433249874,0,26.676346
731,2,1,42,9,0.40272777684357824,1,1,1,0.9609114670451027,0,18.504606
775,0,1,33,3,0.3328110628502593,2,1,0,0.6442101720714327,0,1.6169349
660,2,1,33,2,0.32069690127971884,1,0,0,0.7521256780022492,0,26.41128
752,1,1,39,3,0.0,1,1,0,0.9409672123687811,0,11.625946
655,1,1,37,6,0.4348116400567259,2,1,0,0.00882054236179555,0,0.8099612
543,2,0,46,5,0.5594127878773411,1,1,1,0.42541662728790597,0,52.184383
811,1,1,42,10,0.0,2,1,1,0.018932858087947396,0,4.1123004
689,0,1,45,0,0.518819493603957,2,1,0,0.7542960352713683,0,16.01657
531,1,0,42,2,0.0,2,0,1,0.452672680240963,0,13.750259
515,1,1,40,0,0.4366007329908331,1,1,1,0.8318755941192383,0,31.547266
466,1,0,41,3,0.133775231210409,2,1,0,0.8949982223302325,1,5.9277763
782,1,1,36,1,0.5930502300754862,2,1,1,0.9784426912770169,0,5.2430263
611,1,1,64,9,0.0,2,1,1,0.2663532867388836,0,10.165518
621,0,1,40,8,0.6940138523972025,3,1,0,0.8624783666840182,1,63.478806
604,2,1,41,3,0.0,1,0,0,0.05904693898267284,0,30.903547
655,2,0,35,1,0.4240966122938601,1,1,1,0.414482933120113,0,8.506675
689,2,1,38,2,0.0,1,1,1,0.41353059217155236,0,52.096195
681,2,1,30,2,0.5117348242866258,1,1,1,0.9029955860784705,0,14.760325
643,0,1,41,2,0.5095356445320091,1,1,0,0.8618414558590345,0,45.76793
617,1,0,24,4,0.5472149668417166,2,1,1,0.4559612442988305,0,4.837786
638,2,0,55,2,0.6210817308334233,1,0,1,0.5449303908523264,1,84.64689
743,1,1,39,6,0.0,2,1,0,0.22128963315996675,0,0.64706475
828,0,0,25,7,0.5753406094083857,1,1,0,0.5830640826198902,0,35.635063
776,2,1,35,8,0.42393822129136177,1,1,1,0.7426508231536111,0,5.5691333
540,0,1,35,7,0.5093776520977104,1,0,1,0.42117962265396347,0,23.129835
616,0,0,45,4,0.48941767551917204,1,1,1,0.30998190327176245,0,80.550026
628,0,1,38,10,0.45247789650371595,1,1,0,0.23018648280910825,1,77.41522
667,2,0,23,6,0.5424540696981791,2,0,0,0.8483697693129693,1,6.283047
615,1,1,30,7,0.0,2,1,1,0.7817509572164141,0,1.8952485
543,1,1,30,4,0.5616495924699946,1,1,0,0.7885733087509856,0,3.5309455
553,1,0,31,4,0.0,2,1,1,0.44542163776640664,0,0.7863244
554,0,1,26,4,0.483723849790965,1,1,1,0.043658069345622504,0,2.5529897
684,2,0,36,4,0.0,1,1,0,0.5851927859110545,0,70.13292
452,1,0,35,7,0.0,2,1,0,0.8212288773577877,0,2.943338
606,1,1,47,3,0.3729748600318161,2,0,1,0.6886106623182513,1,12.825545
629,1,1,40,9,0.0,1,1,0,0.000475495409811637,0,11.137634
659,2,0,33,8,0.4599859648194214,1,0,1,0.00763887951299349,0,9.313458
493,1,0,33,8,0.3618668041673813,1,1,1,0.29826823461640584,0,5.683226
794,1,0,62,9,0.49295441029463405,3,1,0,0.8679581400023701,1,98.74408
554,1,0,44,6,0.3684239286157978,1,1,0,0.6301717814051241,0,51.64206
796,0,0,52,9,0.6663835503889248,1,1,1,0.3140167385985362,1,71.18296
807,1,0,36,4,0.0,2,0,1,0.735048947174455,0,1.6999438
500,0,1,44,9,0.6410496389191326,2,1,0,0.9813440183537527,0,5.2489066
722,2,1,43,1,0.0,1,1,0,0.22276422398339038,1,75.95979
559,2,0,40,7,0.575814546854462,1,1,1,0.09454087865391145,0,17.793169
584,2,0,38,3,0.0,2,1,1,0.022571255554905488,0,4.201012
834,0,0,68,9,0.5188133157968641,2,0,1,0.4655475597919601,0,6.9012036
754,2,1,35,4,0.0,2,1,1,0.04823875680127451,0,2.353805
590,1,1,43,7,0.3231463420068284,2,1,1,0.9131655573107231,1,6.3018756
740,1,1,36,7,0.0,1,1,1,0.06583538727948518,0,7.0536113
502,0,0,57,3,0.40440845922740987,1,1,0,0.217804450325006,1,87.62549
733,1,1,48,5,0.0,1,0,1,0.5891512139409314,0,41.45295
755,0,0,37,0,0.4538305971161439,2,1,1,0.5869794065333239,0,38.131653
554,2,0,46,7,0.3491590948340819,3,0,1,0.48463458260263853,1,78.723564
534,1,1,36,4,0.4784331359397755,1,1,0,0.18133911788575807,0,8.039805
656,2,1,33,4,0.0,2,1,0,0.5835278269074696,0,3.1535892
575,0,1,49,7,0.48308518410801776,4,1,1,0.8404250105885112,1,96.68347
480,2,1,47,8,0.3005536231862108,1,1,0,0.12939390711812976,1,86.19279
575,1,1,40,5,0.0,2,1,1,0.6124435383579131,0,1.286014
672,1,0,40,3,0.0,1,1,0,0.5658541890750567,1,9.214941
758,2,0,35,5,0.0,2,0,0,0.5018175735782767,0,2.6260166
682,1,1,50,6,0.4855311572917913,2,0,1,0.6207582324111952,0,4.5440216
501,1,0,29,8,0.0,2,1,0,0.5633170967827428,0,0.9129859
746,0,1,34,6,0.5651936210435082,2,1,1,0.9175040716388414,0,2.1542926
556,1,0,51,8,0.2445380911429019,1,1,0,0.9940902856222769,1,78.08371
823,0,0,53,4,0.49803065459764967,1,0,1,0.6563027769151953,1,96.0145
491,0,0,68,1,0.3787957094452174,1,0,1,0.5823534147511087,1,52.913445
638,1,0,29,9,0.41219022432574126,1,1,1,0.07663141830044769,0,5.9679046
734,1,1,45,2,0.0,2,1,0,0.4979560548032337,0,2.3065083
555,1,1,40,10,0.17149899387436549,1,1,0,0.8525945727817006,0,22.560524
745,0,0,44,0,0.47683985956210356,1,1,1,0.1712838576084016,1,91.15879
728,1,1,37,3,0.48900137103474967,2,0,0,0.5348808311193719,1,0.53532475
626,1,1,44,10,0.0,2,0,0,0.8214598494156191,0,5.8773947
681,0,1,37,8,0.2916695778752242,2,1,1,0.126416822806578,0,4.466689
478,1,0,38,4,0.6851940164231621,1,1,0,0.25907119129876904,1,24.816326
709,1,1,38,5,0.0,2,1,1,0.40724244165317786,0,1.2932332
562,0,1,33,8,0.369310105150661,2,1,0,0.006713991186158277,0,2.8162787
769,0,0,34,7,0.5469916889363328,1,1,1,0.35687578163714634,1,23.039803
684,0,0,46,3,0.41034644783465674,2,1,0,0.770702352074623,0,14.915686
536,1,0,61,8,0.2598277651296588,1,1,1,0.32151525470682446,1,39.10237
631,0,0,29,2,0.3860671876776743,2,1,1,0.15802394128639283,0,4.38998
657,2,1,34,5,0.6177168586656041,1,1,0,0.1386453906348056,0,35.152405
699,0,1,59,3,0.425749155762804,1,0,1,0.8178714567241171,0,53.42385
606,2,1,38,7,0.5124730921626387,1,1,1,0.9694272303004937,0,27.627924
612,1,0,63,2,0.5040824742826859,1,0,1,0.7377408042468055,0,50.83794
660,1,0,38,5,0.4406999670663097,2,1,0,0.9795685988011854,0,1.5244061
829,2,1,50,7,0.0,2,0,1,0.8923216167143961,0,22.717962
567,2,1,29,8,0.0,2,1,0,0.7806452516215298,0,4.159724
850,1,0,33,3,0.0,2,1,1,0.0557433734921685,0,0.53433317
712,2,0,44,2,0.0,2,0,0,0.2286586368998239,0,21.620552
562,1,1,30,3,0.4428084326987105,2,0,0,0.7032602113501839,0,0.50921524
755,1,0,29,3,0.0,3,1,0,0.023614055142266083,0,7.5414762
793,2,1,25,3,0.40220939904325304,1,0,0,0.05284574676881641,0,12.6269
471,2,1,26,8,0.0,2,1,1,0.8983072383412615,0,1.160062
707,1,1,42,2,0.06733247750112407,1,1,1,0.38749190547697304,0,9.122589
784,2,1,38,10,0.48732076836455795,1,0,0,0.7288113514840666,0,27.719587
703,1,1,32,1,0.5009435902840074,1,1,1,0.2812025548439876,0,7.15474
704,2,1,36,8,0.5077652843032803,1,1,0,0.756690563948857,0,32.824352
662,1,1,38,0,0.41957896132250355,1,0,1,0.8991952231438102,0,19.436438
636,0,0,28,2,0.45941019319836196,1,0,0,0.9581728555077009,0,33.86899
640,2,1,36,4,0.0,1,0,0,0.8651070177201922,0,23.24729
739,2,1,31,1,0.0,2,1,1,0.29231876644219523,0,4.643039
767,0,1,23,2,0.556173305265098,1,0,1,0.1401468840274246,0,4.310602
753,0,0,46,3,0.444454359935542,3,1,0,0.7979020496457411,1,94.854614
714,1,1,37,9,0.5917419698173071,2,0,1,0.7564191380276816,0,3.1719987
707,1,1,29,4,0.0,2,1,0,0.6997786288590561,0,0.5288644
577,1,0,35,4,0.4310733891995751,1,1,0,0.5270313814969328,0,19.358145
633,1,0,42,1,0.0,2,1,0,0.2842973503969629,0,1.6514579
849,0,1,41,10,0.3372768999556753,1,1,1,0.9903974829596226,0,36.657707
614,2,0,41,7,0.5858858471182464,2,0,0,0.688963796042522,0,7.617139
558,1,0,47,9,0.0,2,1,0,0.5189280576295036,0,11.836827
832,1,0,27,10,0.3929493843496378,1,1,0,0.15452130678479792,0,13.689083
567,1,0,26,2,0.0,2,1,1,0.39323740417209846,0,0.5553671
587,0,0,45,8,0.5379903051474008,1,1,1,0.6165488304133044,1,58.460854
712,2,0,79,5,0.43076677068366687,1,1,1,0.8706198941998959,0,1.2540804
655,2,0,29,9,0.0,2,0,1,0.4286643374442259,0,1.4260039
641,1,0,42,6,0.0,2,0,0,0.6056937937573038,0,1.4969281
676,1,1,35,5,0.42581699207036616,2,1,0,0.4209812037049538,0,1.2019037
472,1,1,29,8,0.40849362384544263,1,0,1,0.9061514374622776,0,5.4866467
644,0,1,34,9,0.44937185452467976,2,0,0,0.7061598882693297,0,4.4561343
598,1,1,38,0,0.5001548238171124,1,0,0,0.7905761500223271,0,11.329201
792,2,1,25,8,0.569403338223898,1,1,1,0.653199530555168,0,1.0842228
700,1,0,37,7,0.0,2,1,0,0.08515433223872879,0,1.7728093
616,1,1,34,10,0.0,2,1,0,0.12826569937429022,0,5.0369186
743,2,1,35,6,0.3164166375280099,1,1,1,0.9668378830178281,0,11.382159
427,1,1,37,5,0.0,2,1,1,0.6074256091456735,0,0.625765
731,1,1,29,10,0.0,2,1,1,0.8122829230191483,0,1.9165871
610,1,0,31,6,0.4295953388883909,1,1,1,0.7056971440772594,0,13.904227
724,2,0,41,4,0.5694753594975555,3,0,0,0.9277366988547406,1,42.905285
653,2,0,38,9,0.5961461882790738,1,1,0,0.5919145278374084,0,33.58064
774,1,1,49,1,0.5690254158570918,1,1,1,0.04101806722542002,0,54.837246
547,0,1,49,8,0.484410662512417,2,1,0,0.23257156058403575,1,21.302162
719,2,1,50,2,0.0,2,0,0,0.05380788865336639,0,39.424507
740,2,1,43,9,0.0,1,1,0,0.9964906648584939,1,53.95931
543,1,1,42,4,0.3580685289393794,3,1,0,0.4299008555317032,1,45.338364
688,0,1,45,9,0.4121190001884829,1,0,0,0.6493587637619392,0,71.82869
474,1,0,30,9,0.0,2,0,0,0.31576335540044076,0,1.7636077
505,0,1,43,5,0.5454642560252253,2,1,0,0.8553763884450964,0,5.681335
688,1,0,39,0,0.0,2,1,0,0.2660782604738753,1,19.829174
650,0,0,55,2,0.5615485554314105,3,1,1,0.8992002236213559,1,97.74131
610,1,1,37,0,0.0,1,1,0,0.5725699804331313,0,14.440229
705,2,0,46,5,0.3561801128099461,1,0,1,0.695819300743221,0,69.14862
669,1,0,29,7,0.5819550081070765,1,0,0,0.25121189073556527,0,3.7489283
650,2,1,20,8,0.0,2,1,1,0.5673445314027489,0,0.5821392
550,0,1,29,9,0.5790959986981169,2,1,0,0.7374331748681999,0,2.019251
595,0,0,45,9,0.42248276979709176,1,0,0,0.9572783200795675,1,88.65693
572,2,0,26,5,0.0,2,1,0,0.5969061545377583,0,2.9392576
622,2,0,58,2,0.0,2,1,1,0.16634453590317871,0,23.815786
662,2,1,20,9,0.41653872295321187,2,0,0,0.36551465664971006,0,0.92261106
783,0,0,58,3,0.5083310917193511,1,1,1,0.4829401707863101,1,94.20023
714,2,1,44,7,0.0,1,0,1,0.0345609505707795,0,34.1046
671,0,1,51,3,0.38617854763262655,1,1,0,0.8820429851050774,1,82.089325
600,1,0,32,1,0.31301653193135115,1,1,0,0.32172082433872434,0,17.135391
847,2,0,37,9,0.44923486663449697,1,1,0,0.5804838362063577,0,23.152102
650,2,1,55,9,0.476760982915414,1,1,1,0.1492620045214318,0,26.999266
710,2,0,28,6,0.0,1,1,0,0.24210012056151362,0,45.616383
682,1,0,33,8,0.2987806722641851,1,1,1,0.16381054390694308,0,7.789274
642,1,1,26,1,0.5501189347435846,2,0,1,0.5852989960541232,0,0.53962636
536,2,0,28,4,0.0,1,1,1,0.680995385059273,0,6.6496267
754,1,0,47,1,0.7393984944245691,1,1,0,0.13714934776271134,0,67.53569
678,1,1,60,8,0.7399361230689322,1,0,0,0.9608165579812872,1,94.71451
533,0,0,49,1,0.40768185999343404,3,1,0,0.34702209060965317,1,96.741806
741,0,1,38,4,0.5102303887606319,1,1,0,0.29217215244055805,0,25.856611
757,1,1,31,10,0.15759143483316276,2,0,0,0.9626309812587102,0,0.47786725
721,1,1,40,3,0.0,1,1,1,0.7243846287320439,0,10.616714
700,1,1,37,3,0.30932264171480944,2,1,1,0.8768931432951846,0,2.1972413
663,1,1,26,5,0.5638230645757408,1,1,0,0.002143304685597474,0,1.7367117
677,2,0,35,0,0.0,2,0,0,0.383165592314066,0,24.54609
655,1,1,27,2,0.5248797629348234,1,1,0,0.24736902374176734,0,3.891958
832,2,1,29,8,0.37399192636340917,1,0,1,0.052036419478060154,0,5.0681753
721,2,0,46,7,0.5497586290911981,1,1,1,0.33985740638230955,0,49.661972
542,2,1,54,8,0.4215661426517835,1,0,1,0.704659294962669,1,72.98152
654,2,0,54,5,0.0,2,0,1,0.2356599055209772,0,17.102995
821,2,0,38,8,0.0,2,0,1,0.6312093804958373,1,4.5930996
508,1,0,38,3,0.6629331056286639,2,0,1,0.11302384377708069,0,4.0464263
588,0,0,42,2,0.6548785205977455,1,1,0,0.2424562045675362,0,63.799538
691,0,1,38,9,0.65351509850075,2,0,1,0.5175478258173655,0,7.975912
664,1,1,40,7,0.5006364137726198,1,1,0,0.6103677901239568,0,8.289752
439,1,0,66,9,0.0,1,1,0,0.32765119068871074,0,93.10215
479,2,1,37,6,0.47204002230547076,1,0,1,0.800323030849446,0,12.918035
850,1,0,55,10,0.392542167220165,1,1,0,0.779414384073679,1,82.10508
518,1,1,40,4,0.0,2,0,1,0.9721178372534576,0,3.5600827
717,0,0,64,10,0.39204104742288,2,1,1,0.10810347388175569,0,19.257841
698,1,0,51,6,0.5748864409450068,4,1,0,0.7857351877104263,1,97.04982
850,1,1,34,6,0.0,1,0,1,0.26394885711585453,0,5.4302464
700,2,1,47,4,0.0,1,1,0,0.6089928588180171,1,79.40952
626,1,0,29,4,0.42155474360127654,2,0,0,0.20548582389618206,0,0.7423027
774,2,1,32,9,0.0,2,1,0,0.052969558592845606,0,0.850831
719,2,0,48,5,0.0,2,0,0,0.39279791220061516,0,39.618378
646,2,1,31,2,0.0,1,1,1,0.8541308194932615,1,19.410124
485,1,0,25,3,0.535943737156389,1,1,1,0.5663266341935654,0,1.7380486
784,0,1,38,1,0.5520768213101981,1,1,1,0.8588679218865402,0,64.05605
850,0,1,32,2,0.512749937634041,2,0,0,0.2720489806776547,0,1.7130805
669,1,0,38,9,0.48569114256708773,1,1,0,0.6537812361080483,0,12.091179
731,2,1,70,3,0.0,2,1,1,0.7059128146738013,0,4.301053
721,1,0,49,1,0.4787145250886526,1,0,1,0.9171384867254823,0,84.252754
515,1,0,37,0,0.7845959289686104,1,1,1,0.663856048252608,0,39.515656
774,1,0,35,3,0.4839360076435815,1,1,1,0.12195559675949051,0,11.085829
585,2,1,36,10,0.0,2,1,1,0.9016212048250608,0,4.4682837
695,1,0,29,9,0.0,2,1,0,0.5578226220604067,0,1.2796222
729,0,0,42,4,0.3885872546897428,2,0,0,0.009955550755097112,0,3.8744345
713,1,0,42,3,0.0,2,0,0,0.4128065730277241,0,2.3351362
555,2,1,33,5,0.507550296616447,1,0,1,0.6089467544150466,0,10.189211
699,2,0,50,0,0.632263123246574,1,1,0,0.9689639860606687,0,82.13955
587,1,1,55,9,0.0,1,1,0,0.32293829060675294,0,92.397125
762,2,0,69,9,0.7323490585360775,1,1,1,0.9850046179410133,0,15.5428915
510,1,1,44,6,0.0,2,1,1,0.8776174624676656,0,4.268967
842,2,1,46,9,0.0,1,0,0,0.08629044073709038,0,74.12247
608,1,1,31,7,0.31870677054576224,2,1,0,0.3044797778187817,0,0.7442182
850,1,0,36,10,0.0,2,1,1,0.5037403572041129,0,3.1928968
642,1,1,36,4,0.0,2,1,1,0.976159873267897,0,1.2797787
850,1,1,33,7,0.5618097371725708,1,0,0,0.017494670741055766,0,9.296874
455,2,0,43,6,0.0,1,1,1,0.4062348454277383,0,42.75728
726,1,1,29,7,0.0,2,1,1,0.45920665423547946,1,0.48102638
544,2,1,30,8,0.5788869496774568,1,1,1,0.40336477133566256,0,7.3545856
651,0,1,31,7,0.5500562399657966,2,1,0,0.649567833728121,0,2.3595734
814,1,0,31,4,0.0,2,1,1,0.7101557698760231,0,1.2861896
537,1,1,39,2,0.0,2,1,1,0.6882658293867064,0,2.092774
553,1,1,37,2,0.0,2,1,0,0.1693447224209912,0,1.2473003
800,2,1,38,9,0.0,1,1,0,0.39370164850743244,0,19.53276
791,1,1,34,7,0.0,2,1,0,0.4836605895863055,0,0.52100253
699,2,0,29,9,0.5084571588408665,2,1,0,0.8238048233606309,0,3.0203705
756,1,0,28,6,0.0,1,1,1,0.8219938504127143,0,6.3112593
591,2,0,27,5,0.4297070176979028,1,0,1,0.8125288465048411,1,20.536549
850,0,1,22,7,0.3649313551968451,2,0,0,0.052654028459717894,0,2.3803513
760,0,1,34,6,0.4834782520664068,2,1,1,0.296596474963359,0,2.2052586
569,2,1,43,8,0.6438736938969922,2,0,1,0.8909635870225606,0,3.3286445
661,2,0,35,5,0.5118231469996444,1,1,0,0.7131426551235642,0,41.124092
670,1,0,31,2,0.22929652433782977,1,1,1,0.9094955068209013,1,2.7694578
694,1,1,38,1,0.0,2,0,1,0.784308001414135,0,4.19501
728,1,0,28,4,0.5669375163437873,2,1,0,0.16533043905692993,0,1.5148417
764,0,0,39,9,0.5513852656271717,1,1,0,0.25033070658247863,1,30.910334
639,1,1,32,9,0.0,2,1,0,0.5566970645696664,0,0.9108359
683,1,0,30,2,0.0,2,0,1,0.5024742862943411,1,6.498649
663,2,1,30,4,0.0,3,1,0,0.5068457537694849,0,8.142848
826,2,1,41,5,0.5837687325559154,2,0,0,0.904701849026582,0,8.917626
735,2,1,36,5,0.0,2,1,0,0.5257531594267252,0,2.4989855
682,1,0,58,1,0.0,1,1,1,0.003474931855992247,0,50.325836
663,1,0,39,8,0.0,2,1,1,0.5058349072336408,0,2.4865649
562,2,0,29,9,0.47950775551938246,1,1,1,0.03392338968371479,0,9.489356
696,1,1,27,4,0.3492942493105468,2,0,0,0.9805924965834236,0,1.1137074
850,2,1,38,2,0.37725293165842755,1,1,1,0.8598280135752965,0,16.453691
719,1,0,22,7,0.4560251534796459,1,1,1,0.8875138575733982,0,2.8552084
804,1,0,71,8,0.0,2,0,1,0.7399925692903672,0,4.73688
604,1,1,40,1,0.3360528571580597,1,0,0,0.1810048859666098,0,10.905925
782,2,0,27,3,0.0,2,1,0,0.7180807267094007,0,3.81883
512,0,1,42,9,0.3744780599963914,2,1,0,0.07409187577413642,0,2.9324534
569,1,1,36,1,0.26739019814778187,1,1,0,0.7738945069254114,0,10.618619
597,0,0,22,6,0.4046607528977204,1,1,0,0.3526207752840396,1,55.03766
753,0,1,30,1,0.44171129401582937,1,1,1,0.2894510925793413,0,7.370718
430,1,0,33,8,0.0,1,1,1,0.34877495800848984,0,5.7363048
756,1,1,28,8,0.7172641290334256,1,1,0,0.44967544400490245,0,3.9299824
493,1,1,38,3,0.5341083704543148,1,1,0,0.4478764722030954,0,9.03484
777,0,0,37,10,0.4843885818341623,2,1,1,0.36730157730063223,0,28.41798
779,2,0,38,7,0.0,2,1,1,0.6927226050087782,0,3.83493
702,2,0,38,2,0.0,1,1,1,0.8094625536738759,0,22.177788
551,1,1,35,7,0.5170119071053909,2,0,0,0.4346696109478455,0,0.8048823
749,0,1,22,4,0.377691834959764,2,1,1,0.21116996673182287,0,0.8843367
742,0,1,55,5,0.6185625805282138,1,0,1,0.6060382766554205,1,87.259575
752,0,1,29,4,0.5162055637808961,1,1,1,0.5146435484588778,0,8.6417055
740,0,0,57,3,0.45192197357899383,2,1,1,0.32558134301825825,1,41.575535
576,1,1,24,3,0.0,1,0,1,0.39246978086407247,1,7.820794
637,2,1,43,3,0.6863194135913909,1,1,1,0.5238419269040193,0,37.587425
724,1,1,28,5,0.38905086921945087,1,1,1,0.48247887673272793,0,3.1419013
685,1,1,20,4,0.41738037942018613,2,1,0,0.19341727134941383,0,0.22580752
625,1,0,38,7,0.0,1,1,0,0.8240408959055588,0,16.024332
571,0,1,37,9,0.5563732270739886,3,1,0,0.5207550821103415,1,72.270615
584,2,0,29,4,0.0,2,1,0,0.44431913247715155,0,5.332544
550,1,0,22,7,0.5543958106655974,1,1,0,0.6494588233176268,0,5.06606
662,2,0,72,7,0.5591980393314274,1,0,1,0.8963210486601471,0,8.815212
803,2,1,43,3,0.0,1,1,0,0.36023370231857144,0,78.86077
615,1,1,66,7,0.0,2,1,1,0.37288171020332445,0,3.5403337
481,2,1,39,1,0.4433397241087009,1,1,1,0.6199770578090207,0,20.340765
701,1,1,23,3,0.0,2,1,0,0.19476364992856815,0,1.1029538
751,1,1,29,10,0.5888352119380423,1,0,1,0.47474378803175704,0,3.354725
675,1,1,35,8,0.0,2,1,1,0.28318399407143385,0,1.199498
733,0,1,40,5,0.501099948588688,2,1,1,0.2538818457162659,0,3.581806
822,1,1,38,6,0.5113219474887195,3,1,0,0.04569626399321134,1,36.958538
559,1,0,46,5,0.0,1,1,0,0.10498262584076777,1,49.246273
731,0,0,49,4,0.35403246792353027,1,1,1,0.16875526612791522,1,82.9345
678,1,0,41,1,0.5717206137360392,1,1,0,0.9831473905757999,1,19.111343
645,1,0,68,9,0.0,4,1,1,0.8817956614856718,1,87.66061
701,1,1,29,2,0.0,2,1,0,0.8847445431038663,0,1.1889848
554,2,1,26,8,0.5944025321197145,1,1,1,0.8898582814658799,0,3.961218
723,1,1,30,3,0.49470101585867,1,1,0,0.8110111515649744,0,5.450497
766,0,1,44,3,0.46561813204715913,1,0,0,0.9882526781307613,0,59.28065
597,1,0,24,1,0.41139998315650794,1,1,0,0.30207129780894076,0,28.575274
574,1,1,41,1,0.0,2,0,0,0.3527257853124973,0,1.3049433
655,0,0,40,0,0.32664497366241413,1,1,1,0.994029229791445,1,46.531097
780,0,0,37,10,0.3794220195139788,1,1,0,0.6315543634417087,1,61.922855
672,2,1,43,5,0.0,2,1,1,0.3225504035635403,0,2.2738204
717,1,1,38,7,0.0,2,1,1,0.792918073676036,0,1.4259295
521,1,0,32,2,0.5442648447423415,2,1,1,0.6467699165270283,0,2.539415
633,1,1,59,5,0.0,1,1,1,0.6863774990511593,0,23.483137
669,1,1,39,3,0.47609780528819495,1,1,1,0.8579017296151782,0,5.835669
740,1,1,44,9,0.0,1,0,1,0.48262819099223975,1,27.878424
462,0,0,24,9,0.2785238022338074,2,0,1,0.32207795844503145,0,9.166338
619,1,1,39,5,0.0,2,1,1,0.7922408089972591,0,2.5858219
665,1,0,44,7,0.0,2,1,1,0.3327167744519602,0,12.5684395
655,2,0,27,9,0.0,2,0,0,0.5400339232396694,0,3.530393
463,2,1,20,8,0.8139680537225294,1,1,0,0.6413452984760044,0,7.1535363
799,1,0,63,1,0.43967736063674306,2,1,0,0.18727998523859027,1,68.187454
713,2,0,48,1,0.6526985518303469,1,0,0,0.7869229511418341,1,94.79298
807,0,0,31,1,0.5622568908356377,3,1,1,0.9713204110992598,0,24.273075
728,1,1,38,1,0.4620790058624999,1,1,1,0.695303751508269,0,19.85677
582,1,1,52,2,0.6036629453815293,1,0,1,0.2044296730337747,0,46.061764
704,0,0,35,3,0.6146163567845416,2,1,1,0.20126877116764647,0,9.201077
714,1,0,26,9,0.35842835630992653,1,1,0,0.23098070865767678,0,4.9674063
628,1,1,30,8,0.3554514504275421,1,1,1,0.06558286316343209,0,4.299089
809,0,1,41,1,0.31768376554799604,2,1,0,0.828396261843006,0,1.7720133
547,2,0,44,5,0.0,3,0,0,0.027240051424911073,1,95.015236
560,1,0,27,5,0.0,2,1,0,0.6596024920379896,0,1.141588
811,1,1,31,7,0.46951046937025315,1,1,1,0.9118909355843483,0,4.675139
584,1,1,26,4,0.0,2,1,0,0.7380152804592839,0,0.36118305
691,1,1,28,1,0.0,2,0,0,0.46431349193848015,0,8.321084
680,0,1,34,6,0.5835924059844378,1,1,0,0.3356890083002927,1,53.95463
588,0,1,33,9,0.5985945130152247,2,1,1,0.3280284767195267,0,1.8273777
721,0,1,40,6,0.3996677694915893,1,1,0,0.6928306653285389,1,45.063953
850,1,1,47,6,0.0,1,1,0,0.9369866822281526,1,69.88053
529,1,1,32,9,0.587863741808477,1,1,0,0.16823991691206508,0,6.1432056
622,1,1,43,8,0.0,2,1,0,0.5030809942349495,0,3.5037704
683,1,0,42,8,0.0,2,0,1,0.9907112129208339,0,12.157479
575,1,1,29,4,0.4855493320016904,2,1,1,0.2518104979025497,0,0.3595669
577,2,0,40,1,0.0,2,1,1,0.5439290452238188,0,3.3786144
510,0,1,31,0,0.4531267256757515,1,1,0,0.1654549509478155,1,41.95378
652,2,0,40,7,0.40044681089441536,1,1,1,0.6227559731954402,0,15.723029
569,0,0,28,3,0.39869781392118214,1,1,0,0.025740608228085778,1,55.48917
687,2,1,31,3,0.0,2,0,0,0.24110562558724355,0,10.5559845
822,1,1,32,8,0.4637659856238842,1,1,0,0.543985850648737,0,14.216166
656,0,0,23,4,0.6518568156497326,1,0,1,0.10537776357642153,0,8.214768
745,0,1,51,3,0.39531548446622294,1,1,1,0.1445671561634136,0,88.56314
386,2,0,53,1,0.5259309467042974,1,1,1,0.31254519806641534,1,56.182716
684,2,0,41,1,0.534787092241316,1,0,0,0.8875601619954705,0,71.2908
635,2,0,38,1,0.0,2,1,0,0.45301061251349506,0,6.9438705
582,1,1,30,2,0.0,2,1,1,0.6601548947924527,0,0.50240046
613,2,1,19,5,0.0,1,1,1,0.8845433238874312,0,7.003017
795,0,0,56,9,0.3760448714456137,1,1,0,0.1461525075644724,1,95.48055
659,1,0,32,2,0.6201091845697192,1,0,1,0.7683298755031105,0,5.3239017
745,1,0,28,6,0.0,2,1,0,0.7719617223444838,0,1.2802398
604,2,0,41,10,0.0,2,1,1,0.8311434241970108,0,10.299834
509,0,1,32,9,0.6802023482920895,1,1,1,0.10818343151770993,0,6.136739
706,0,0,29,6,0.7395208150050087,1,1,0,0.8552119227386215,0,41.77604
619,2,0,44,6,0.2105680836390584,1,1,1,0.5632419896100077,1,55.294907
572,0,1,51,8,0.38960069405072,3,1,1,0.9651055675817041,1,92.55815
695,1,1,36,6,0.4543976400936333,2,1,0,0.5906029025771962,0,1.0270923
543,1,0,71,1,0.41574158655412646,1,1,1,0.12820454353390748,0,11.656399
640,1,0,33,6,0.3376635111092317,2,1,1,0.5652400304229053,0,1.3645259
672,1,1,39,2,0.0,2,1,0,0.43684626881867217,0,0.53792155
701,1,1,39,9,0.5589400062790435,1,0,1,0.7332720774833996,0,9.019026
634,2,1,25,9,0.0,2,1,1,0.0410855736722857,0,1.661346
531,2,0,42,6,0.3001332134493332,2,0,0,0.28514108097323293,0,11.803514
699,1,1,27,1,0.0,2,1,0,0.4650025577442646,0,1.663854
605,1,0,51,9,0.4175433141001592,1,1,1,0.827893863863999,1,68.432335
534,1,0,49,7,0.0,1,1,0,0.06778097308292941,1,66.20376
449,2,0,31,1,0.45314414310607154,1,0,0,0.41396308347447175,0,33.096024
684,2,0,36,5,0.6942276443794372,1,1,0,0.5991497187981452,0,70.13292
622,0,1,42,9,0.4614074981599103,1,0,0,0.36075580217910813,1,59.947598
714,1,0,40,0,0.0,2,1,0,0.31378266624462636,0,6.4592614
712,2,0,48,8,0.0,2,1,0,0.9162062476966549,0,25.138357
783,1,0,72,5,0.4831280301894686,2,1,1,0.526024735362227,0,1.8485628
743,0,1,45,10,0.576637271331958,3,1,0,0.11251504518681532,1,90.721794
683,1,1,36,5,0.45975092915215104,1,1,1,0.6115300511198819,0,18.989342
654,2,1,40,5,0.4212213413023591,1,1,0,0.8681104545484093,0,36.450474
700,1,1,37,1,0.5387824594439918,1,1,0,0.8033706718991663,0,14.848855
744,2,1,31,0,0.46852182095128747,1,1,0,0.7948125045941886,0,54.26574
645,0,1,25,1,0.627362368521817,2,1,0,0.46535174109127414,0,1.2993801
525,2,1,36,3,0.3105254009705694,1,1,0,0.336164253686227,0,30.273884
732,1,1,25,0,0.44218311905044794,1,0,0,0.8629073076478803,0,2.8491645
721,1,0,40,7,0.0,2,1,1,0.6129030322395789,0,3.3102322
622,1,1,32,5,0.7146530689014015,1,1,1,0.7452321696722036,0,7.738365
654,0,1,31,5,0.6002181602897018,2,1,1,0.526084591078448,0,0.88088065
529,1,0,43,0,0.4934906439502988,1,1,1,0.39229951460364465,1,57.724636
720,2,0,59,6,0.0,2,1,1,0.8042660574084824,1,28.814539
850,0,0,25,8,0.27654722281863525,2,1,0,0.4391552393253556,0,1.6067842
667,0,1,27,2,0.5501522550450664,1,1,0,0.8316100687615666,0,9.480754
620,1,1,41,3,0.0,2,1,1,0.6865529658082347,0,2.6913884
616,1,1,29,9,0.0,1,1,1,0.8349440371555483,0,10.797847
637,0,0,46,2,0.5719486346029977,1,1,0,0.8350041428956464,1,76.75789
710,2,0,29,3,0.4769672818154973,1,1,0,0.940144083759999,0,37.94794
717,2,1,33,1,0.3950079093866359,1,0,0,0.9723711114411426,0,35.517178
786,0,1,24,2,0.4788220986457092,2,1,1,0.6272493523131458,0,3.1957333
651,1,0,39,8,0.0,1,1,0,0.6872705843408046,0,14.423423
530,1,0,55,4,0.48188900122755024,1,0,1,0.6173804598339141,1,78.948006
815,2,0,57,5,0.0,3,0,0,0.19466789078356983,1,99.77719
715,0,0,34,9,0.40764567000091556,1,0,0,0.889289877183271,1,56.612175
496,0,0,55,4,0.4993761809824858,1,1,1,0.1576219528965016,1,89.06211
680,2,1,42,0,0.0,1,1,0,0.6818932708073621,0,56.07871
646,1,0,51,4,0.40506207121783994,1,0,0,0.6527099337986778,0,81.85341
807,0,1,47,1,0.6852872813818551,1,1,1,0.32815803909273333,0,75.69461
727,1,1,47,7,0.0,2,1,0,0.9665611565904544,0,3.9579616
787,1,1,25,5,0.0,2,1,0,0.23650418614977728,0,0.40607104
806,1,1,34,6,0.0,2,0,0,0.5040401858377475,0,1.0111289
603,1,1,31,1,0.51711732839417,1,1,0,0.5457202162806548,0,6.885129
649,2,1,32,1,0.0,1,0,1,0.45582158096098174,1,8.2380085
547,0,1,41,3,0.6026004821320083,1,1,0,0.8765052562519721,1,59.044003
684,0,1,32,3,0.40905106132932306,2,1,1,0.6371702997636274,0,6.5179167
477,1,0,57,9,0.45446196900103947,2,1,1,0.3558119300393187,1,15.486937
558,0,1,41,2,0.4951298752413779,1,1,1,0.5559185402205911,0,33.23534
695,1,0,23,1,0.0,2,1,1,0.7087913895777047,0,1.3113605
592,2,1,35,6,0.31999111671196867,1,1,0,0.3633705518877053,1,55.161793
789,1,1,31,4,0.6993961173638269,1,1,1,0.8641891300619208,0,7.5748286
597,1,0,29,1,0.5266853565923918,1,1,0,0.7904492379022195,0,13.079405
839,0,1,47,2,0.5456839866736332,1,1,1,0.8409455102962332,1,90.13439
405,0,1,31,5,0.5312900947153485,2,1,1,0.36472763148880716,0,1.0892855
658,1,1,39,7,0.0,2,1,0,0.2418571973623481,0,0.7934818
684,0,1,42,1,0.4690788997237883,1,1,1,0.11563139279801221,1,60.86765
633,1,1,35,10,0.0,2,1,0,0.3283508075021164,0,2.3138242
589,1,1,46,9,0.0,2,1,0,0.8534069503637598,0,4.709312
750,0,0,37,1,0.5308916859430856,2,1,1,0.13678901335077498,0,11.93406
771,2,1,51,5,0.5400861361678759,3,1,1,0.7624131104520482,1,91.01256
812,0,1,33,2,0.5067959664419925,2,0,1,0.5269098698925747,0,0.70277125
539,2,1,39,2,0.0,2,1,1,0.24091480736410326,0,2.946773
670,0,0,42,5,0.19732629291837178,3,1,1,0.501610053760134,0,14.421643
673,1,1,41,5,0.0,1,1,1,0.3282598988203373,0,4.9538774
538,1,0,62,3,0.2991313724229627,1,0,0,0.0883606384409711,1,98.109116
575,2,1,52,8,0.49392655799013857,1,0,0,0.5567085656680213,1,96.21587
682,1,1,41,6,0.0,2,0,1,0.6707966110763577,1,3.0792196
712,1,1,33,3,0.613075930550129,1,1,0,0.3958603546638704,1,8.220256
598,2,0,39,5,0.0,2,1,1,0.4154990801621555,0,6.4054
776,2,1,30,6,0.0,2,0,1,0.31951691386527414,0,1.1284796
606,2,0,23,10,0.280662917760753,1,0,1,0.4544657014744908,0,38.4363
686,2,1,38,7,0.4443432789783295,1,1,1,0.380359424325023,0,39.5401
850,2,1,38,1,0.5832805662251157,1,0,1,0.5195022624660655,0,11.725848
642,1,1,72,1,0.6398653732278313,2,1,1,0.7111297128875808,0,0.38886854
606,0,1,27,2,0.5192317725495639,2,1,0,0.7376779982488327,0,1.8221604
627,1,0,21,7,0.3945546974869359,1,1,1,0.8458060744801129,0,1.704531
850,2,1,36,0,0.0,2,1,0,0.7062223942386497,0,9.71794
850,0,1,32,9,0.5652786356404707,2,1,1,0.7473071178297528,0,1.6812623
724,1,0,40,6,0.43864203988161093,1,1,1,0.4347372174042621,0,10.277938
579,1,1,28,4,0.0,2,1,1,0.8846550345558001,0,0.45457277
727,2,1,28,1,0.0,1,1,0,0.20174831696427006,0,33.85581
813,0,0,36,6,0.3909479342788142,1,0,1,0.1333909388346587,1,27.965359
642,1,1,48,9,0.4715750127870643,4,0,0,0.3934945787322689,1,93.58127
669,2,1,22,10,0.0,2,1,0,0.8808449206899258,0,5.3124213
574,0,1,54,1,0.3976694282527221,1,0,0,0.024424982585836943,1,97.48992
774,1,0,32,4,0.0,2,0,0,0.5744926140446412,0,0.69837475
735,1,0,38,1,0.0,3,0,0,0.46108673378307624,1,36.467953
639,2,0,27,8,0.5333103173483705,2,1,0,0.031201579750866203,0,5.7662706
738,2,1,44,2,0.0,2,1,0,0.21505673791847119,1,10.116469
835,1,1,32,8,0.4981835055021742,2,1,1,0.13769554992501784,0,1.3322703
637,2,0,44,0,0.6282334791787375,1,1,1,0.6022706168439086,0,65.882095
589,0,1,48,5,0.5026407733913001,1,0,1,0.669812017047628,0,84.681114
591,1,1,42,9,0.6442909549450935,2,1,1,0.6587748629994165,0,4.574104
723,1,0,40,7,0.5693823735366021,2,0,0,0.19005895062978512,0,1.2261789
831,0,1,44,3,0.44281317566028505,1,1,1,0.14067588454697422,1,75.721054
733,2,1,35,8,0.41019993416450484,1,1,1,0.2297633423991991,0,6.9971232
731,1,0,30,5,0.0,2,1,0,0.9476762030773939,0,1.0482912
654,1,1,47,10,0.0,2,1,0,0.8524334073904057,0,7.089578
828,1,1,37,4,0.0,2,1,0,0.474214637497881,0,0.68614995
590,2,1,22,7,0.4992688864231689,1,1,1,0.806284500169766,0,23.242277
657,1,1,37,4,0.3288198806136787,1,1,1,0.5763007367203568,0,6.71186
531,0,0,64,2,0.7005030209675969,2,1,1,0.30357809170775807,0,14.679694
516,1,0,47,6,0.43598311170882176,1,0,0,0.6068273020073417,0,74.39682
561,1,1,37,1,0.40033529151218333,2,0,1,0.5084593078639009,0,2.7011318
682,2,0,54,0,0.33122101487500366,2,1,1,0.27063259541286194,0,39.205544
575,2,1,28,7,0.0,1,1,1,0.053277437995328546,0,8.925212
623,1,0,28,4,0.0,2,1,0,0.20610013256265972,0,1.29078
642,1,0,40,7,0.0,2,1,0,0.05351131033013652,0,1.0073345
779,1,0,48,2,0.4595103533869071,1,0,0,0.49455277979046997,1,88.62514
671,1,0,42,6,0.0,2,1,0,0.9860486676477603,0,1.6430342
495,1,0,40,1,0.558783488547083,2,1,0,0.7536160203299416,0,3.1135802
850,1,0,28,1,0.4194744567405834,1,0,1,0.37387845539249,0,1.5511262
630,1,1,50,8,0.0,2,0,1,0.3968672508224535,0,13.177459
588,1,1,32,1,0.0,2,1,1,0.04376562961762848,0,1.2865915
562,0,1,35,3,0.5671471233599268,1,0,1,0.8855901738616038,0,21.671858
740,2,0,56,4,0.3949704439758789,1,1,1,0.4250658937928572,1,72.471565
695,1,1,28,5,0.6818281876916641,2,1,1,0.4434314477032556,0,1.2912989
589,1,0,39,7,0.0,2,0,0,0.47991613199060507,0,1.9552667
607,1,0,31,1,0.40862758261730897,1,1,1,0.8339852955957293,0,16.829151
794,1,1,35,6,0.0,2,1,1,0.34362946661406163,0,0.95336276
580,0,1,44,9,0.5715112060039995,1,0,0,0.7344675916550031,1,82.05499
644,0,0,44,8,0.4225728860670084,2,0,0,0.7436502185958759,0,15.079067
636,2,0,36,1,0.0,1,1,0,0.21563559319915052,0,35.241234
599,0,1,36,3,0.5139943871234732,2,1,1,0.20155299831133872,0,6.046073
507,1,0,35,2,0.0,2,1,0,0.4881583691242513,0,0.9929047
682,1,0,48,7,0.0,2,1,0,0.3253183178993594,0,6.5760517
714,1,0,24,7,0.0,2,1,0,0.8316965270183302,0,4.100404
696,1,0,25,8,0.5039599544181464,1,1,0,0.6095225093996477,0,6.3701935
599,2,1,51,0,0.0,1,1,1,0.8762057276469902,0,55.33926
577,1,1,37,2,0.5072232714087223,1,1,0,0.2808941753937501,0,10.790181
733,2,0,32,5,0.0,2,1,0,0.658130651477216,0,4.2036314
647,1,0,33,4,0.0,1,1,0,0.7616300356684064,0,9.956762
831,1,0,34,2,0.0,2,0,0,0.8292259910821483,0,1.063722
543,0,1,30,6,0.2928720979900645,1,1,1,0.883489723268572,0,5.8962574
679,1,1,34,7,0.6397632201982886,1,1,0,0.609521009256384,0,9.465012
713,0,0,61,4,0.595960455498087,2,1,0,0.6183192994931016,0,72.781845
690,0,1,43,2,0.6637068460744361,1,0,0,0.5982221802182108,1,69.05364
751,1,1,29,1,0.5402053877731792,1,1,0,0.3341006566127065,0,3.8492274
613,0,0,43,10,0.4802017026116062,1,0,0,0.47436255162368,1,92.14621
701,2,1,28,1,0.4122044930672849,1,0,1,0.38150218345852027,0,14.677185
698,1,1,33,5,0.5406925576834802,2,0,1,0.19873607929557272,0,1.3044318
451,1,0,36,2,0.0,2,1,1,0.900740220691076,0,2.9129834
665,1,1,28,8,0.7628707735479374,2,1,0,0.41617384460215945,0,0.69952244
726,0,1,50,9,0.376664286284523,1,0,1,0.02533901987639819,0,85.896484
608,0,0,44,5,0.5027851746499944,1,0,1,0.662128783298805,1,86.89597
549,1,0,46,7,0.0,1,1,1,0.5452819744285579,0,23.257479
803,1,1,33,6,0.0,2,1,0,0.5783803853267987,0,1.2831122
663,1,1,43,4,0.3492415187377473,2,1,0,0.7470200904186348,0,1.4799654
558,1,0,45,1,0.6125894780625871,2,0,0,0.44944202171307357,1,6.3417406
714,1,0,25,4,0.0,2,0,0,0.4124856923836226,0,0.6281304
704,1,1,39,5,0.0,1,1,0,0.0320297588419694,0,8.10155
805,0,0,45,9,0.4646746015483817,1,1,0,0.9471763053371596,1,85.14958
659,0,1,34,9,0.5359330555286411,2,1,0,0.8941941955456746,0,2.1236706
738,0,1,62,10,0.3308447266378154,1,1,1,0.21379266719971754,0,53.795372
635,2,1,35,2,0.45291361125945606,1,1,0,0.45440109530460154,0,31.011673
530,2,0,36,7,0.0,2,1,0,0.40307604376217926,0,4.181635
661,0,1,41,5,0.4884552130309163,2,0,1,0.6032317086281739,0,3.0496707
531,2,1,31,2,0.47389539713116197,2,0,0,0.2070086693279208,0,2.8426332
694,1,0,29,5,0.39742777635333937,1,0,0,0.5615851813848222,0,12.806693
731,1,0,36,6,0.0,1,0,0,0.7606565426998277,0,9.980083
556,1,0,36,2,0.5349112860922935,1,0,1,0.8883797902699707,0,15.810095
647,0,0,41,1,0.342396588192441,3,1,0,0.9458322769824518,0,53.175915
850,0,1,32,3,0.5488852067387202,1,0,1,0.7970366169969231,0,6.8897114
573,2,1,33,1,0.640809581292548,1,1,1,0.7476942548013334,0,9.94198
591,1,1,45,5,0.0,2,1,1,0.7774806994067933,0,5.5519614
723,1,1,21,4,0.0,2,0,0,0.12418906005523526,0,0.16232042
617,1,1,25,1,0.4088746949010254,2,1,1,0.576934197215834,0,0.99353725
704,0,0,39,10,0.4087563201457612,2,1,0,0.8598804685847498,1,21.755611
457,0,1,42,4,0.5052751497629975,1,0,1,0.6305343160271806,0,49.46048
787,0,0,38,3,0.6312253313686048,1,1,1,0.14109732479451786,0,56.922184
651,1,0,34,9,0.0,2,1,0,0.6905766000653062,0,2.0455
612,0,1,42,5,0.5656762871331544,1,1,1,0.2150575379948785,0,60.71198
828,2,1,47,1,0.43793406318876327,2,1,0,0.41803927275054764,1,20.305243
724,1,0,34,2,0.0,2,1,1,0.5943157571548082,0,2.051263
648,0,1,44,9,0.44388456683747574,2,1,1,0.4597247037092042,0,18.157494
569,2,1,35,3,0.4662026323117885,1,0,0,0.47243131719079173,0,33.909954
765,0,0,34,8,0.5449603462505435,2,0,0,0.235255616911415,0,1.9573424
577,0,0,44,1,0.6061670298087961,1,0,1,0.22356095007073173,1,76.149
603,2,1,46,2,0.0,2,1,0,0.8724181159300713,0,10.335731
568,2,1,28,1,0.5073345915068544,1,0,0,0.2280214260461874,0,27.440811
748,0,1,45,2,0.4776919983727258,1,0,0,0.36924706309452554,1,77.39659
573,2,1,38,4,0.0,2,1,1,0.9826230905051432,0,1.4670119
771,2,0,41,5,0.0,2,0,1,0.4645598154623766,0,3.3324327
763,1,1,35,9,0.0,1,1,1,0.15682162646532743,0,2.7389412
410,1,0,35,7,0.46705712267478805,1,1,1,0.54866314733057,0,4.441604
728,1,1,33,8,0.5177705019595805,1,0,1,0.1803791262065527,0,2.1838222
655,2,0,78,2,0.0,2,0,1,0.9422089809576815,0,0.5713086
580,0,0,36,6,0.5794676236873705,2,1,1,0.8498392596492965,1,6.0201
712,1,1,35,7,0.49668066424897855,1,1,1,0.3465800483946217,0,4.3811297
680,1,1,31,9,0.0,2,1,0,0.18068700560903564,0,0.9916966
383,2,0,48,8,0.3818609778974404,1,0,0,0.6885179034597804,1,74.07332
721,1,1,35,10,0.0,2,1,0,0.3579475839942714,0,1.5523858
620,1,0,42,1,0.0,2,0,1,0.32780300518699534,0,19.938019
774,2,0,36,8,0.46693181283285184,1,0,0,0.5091326721701922,0,18.343233
563,1,1,35,3,0.42348158170514577,1,0,0,0.19769257964135573,0,8.242249
850,0,0,27,8,0.44574982615451564,2,1,1,0.554023959288112,0,1.3989116
681,1,1,47,9,0.386703661235524,1,1,1,0.010783779850975768,0,20.282299
631,1,0,31,8,0.5487794665953815,1,1,0,0.9503684601879478,0,11.682761
614,2,0,40,3,0.45177107565864694,1,1,1,0.38892429226991176,0,39.1328
704,2,1,24,10,0.4866907516115408,1,1,1,0.6382749052534517,0,18.188705
786,1,1,32,2,0.4800849619859601,2,0,0,0.3979944084660085,0,0.91748786
534,1,0,53,7,0.0,2,1,1,0.40307644380038293,0,12.431706
590,2,1,34,0,0.2623070984717341,2,0,1,0.8017501671409618,0,36.179363
583,2,0,40,3,0.2169341743494341,1,1,0,0.5481883519876147,1,45.340366
656,1,0,75,3,0.0,2,1,1,0.006327054233679315,0,0.21236634
597,1,1,33,9,0.0,2,1,0,0.2468397731983404,0,1.50002
588,0,0,48,1,0.5710668423183294,2,1,0,0.15786117574228337,1,17.246618
667,0,1,32,0,0.41389972319039975,1,1,0,0.10275536313717959,0,19.685667
627,1,1,37,2,0.49897095669401076,1,0,1,0.42290593751703287,0,14.906873
708,1,0,33,8,0.0,2,0,1,0.07618352552668779,0,1.8227686
641,1,1,65,6,0.15281112741830757,1,1,0,0.16299651616729396,1,90.95918
527,0,0,28,2,0.49343930836619765,2,1,1,0.7792499683719795,0,5.2950034
592,1,1,37,3,0.385220270110466,1,1,1,0.0161077382890066,0,20.989428
465,1,1,33,8,0.0,2,1,0,0.8883696893053286,0,1.6433172
628,1,1,39,6,0.0,2,0,0,0.6722142964653124,0,0.76330775
678,1,1,43,1,0.531041149017914,1,1,0,0.5551590676909645,1,23.767591
570,1,0,61,6,0.5663867349488393,1,1,1,0.22603388623613554,0,17.671429
815,1,1,37,1,0.6620832386567791,1,1,0,0.3360156894983471,0,8.387728
817,1,0,37,6,0.3231205945011379,2,1,0,0.40491016892113196,0,2.4554892
717,1,1,35,4,0.0,1,1,1,0.8378874182484427,0,3.6943455
641,1,0,53,0,0.49356900245832885,2,0,1,0.8005718046073399,0,34.700928
624,1,1,51,10,0.49183885776093395,2,1,1,0.6391293868564447,0,16.66544
579,0,1,49,4,0.6750840949008421,1,1,1,0.6176763380902875,0,77.77534
698,1,1,38,2,0.5181994011991085,1,1,1,0.20793845812275072,0,14.464418
645,1,1,32,4,0.0,2,0,1,0.48812911633060957,0,2.2352304
691,1,1,34,8,0.5338264631667783,2,1,0,0.45678467293626535,0,1.5241914
638,1,1,34,6,0.4565330489363232,1,1,1,0.488765227079186,0,8.001853
705,1,0,31,3,0.47746345936710805,1,0,0,0.9126714601244418,0,16.879576
720,1,1,33,9,0.0,2,1,1,0.7147927627088387,0,0.7983446
553,2,1,44,4,0.0,1,1,0,0.053893746852824435,0,66.16543
658,1,0,29,8,0.0,2,0,1,0.6523098455902538,0,1.2153322
648,0,0,32,8,0.626306043222569,3,1,0,0.9550057030446407,1,48.47995
636,2,1,45,3,0.0,2,1,1,0.7973372457069648,0,10.180114
527,0,0,41,10,0.5449752128443863,1,1,1,0.28791604598239134,0,36.736847
717,0,0,28,9,0.32881135125420846,2,0,0,0.20214975530163126,0,14.7541
614,2,1,39,3,0.6054846013375391,1,0,0,0.28226630643226425,0,38.814365
737,1,1,43,0,0.31921697769799684,1,1,0,0.19956115809059763,1,33.323235
587,2,1,51,3,0.3337583000332925,1,0,1,0.7440054025159403,0,56.241425
682,1,0,35,2,0.7220718180835893,1,1,1,0.31865848188502005,1,17.744041
710,1,1,38,3,0.5204855086780454,1,1,1,0.7750043129118831,0,11.485741
507,1,1,42,6,0.0,2,1,0,0.1738448521833835,0,1.8540754
609,0,1,33,6,0.3751589739084901,1,0,0,0.4685776491654953,0,34.183907
786,1,1,32,9,0.0,2,1,0,0.6655677117164689,0,0.5714394
688,1,1,38,7,0.5900630012767335,1,1,0,0.8774254941346898,1,18.21243
710,1,1,38,2,0.0,2,1,0,0.00042349044333733863,0,1.2596539
779,2,1,33,3,0.0,2,1,0,0.15398020510958796,0,2.6724963
733,1,0,44,6,0.6702555607338423,1,0,1,0.9860037133546252,0,36.027122
583,0,0,26,10,0.2902993801188363,2,1,0,0.4839490671359114,0,1.9545327
627,1,1,41,3,0.0,2,1,0,0.6636044742272886,0,0.8502636
666,0,1,31,3,0.4910841688750999,2,1,1,0.5607822047005488,0,0.88534915
620,2,1,38,0,0.0,2,1,1,0.19003694852858444,0,26.809755
614,2,0,39,6,0.0,2,1,1,0.8201153210131568,0,9.377266
606,1,1,40,6,0.476296491535667,2,1,0,0.23383913163707132,0,1.3481612
700,0,0,39,5,0.5761336405550158,2,1,1,0.9483548178851079,0,7.3407702
677,0,1,34,3,0.5051031277280749,1,1,1,0.1304865114618446,1,24.98561
850,0,1,36,5,0.4782183475370419,1,1,0,0.9577091112201214,1,45.491745
564,1,1,35,4,0.0,1,1,0,0.79470574439859,0,10.010115
771,2,0,56,2,0.0,1,1,1,0.1260671394118138,1,84.85217
620,2,1,42,9,0.48422070490851493,1,1,1,0.14643978499946744,0,24.298449
610,2,1,46,5,0.36627540687934296,1,1,0,0.27193947021940595,0,64.82728
609,2,1,39,2,0.555778443749811,2,1,0,0.04611680415479678,0,4.129359
683,0,1,35,5,0.5777723138506157,1,0,1,0.13393854113067796,0,41.10045
633,0,1,42,3,0.502359424099243,1,0,1,0.058932178023001186,0,49.508224
676,0,1,28,1,0.27684168500445744,2,1,1,0.6423098905945517,0,3.9049008
693,1,1,38,7,0.7905152645841187,2,1,1,0.07133981295213693,0,2.5987382
709,1,1,36,0,0.0,2,1,0,0.23402329922507595,0,3.3634453
569,0,1,35,2,0.4352231617227537,3,1,0,0.5469602847071895,1,72.37949
684,2,0,38,3,0.5347529748034352,3,1,0,0.019776488654666517,1,84.49349
565,1,1,34,6,0.0,1,1,1,0.315840462764194,0,4.247504
681,1,1,29,8,0.0,1,1,0,0.33181043789681913,0,6.0531235
503,2,0,36,9,0.0,2,1,1,0.08132321636716305,0,2.3788981
656,1,1,40,2,0.0,2,1,1,0.9027957169909726,0,1.414505
566,0,1,65,4,0.47868204178038987,1,1,0,0.5378092607844049,1,98.10718
592,1,0,62,5,0.0,1,1,1,0.5046981486731983,0,35.56919
687,2,0,50,5,0.0,2,1,0,0.551146734513146,0,28.390575
686,2,1,22,8,0.0,2,0,0,0.7116693144195271,0,5.878109
616,2,1,30,2,0.0,2,1,0,0.9955347235661005,0,4.963082
494,2,1,67,5,0.0,2,1,1,0.42943391093849465,0,3.0116272
534,1,1,38,3,0.0,1,0,0,0.7197021815583388,0,10.518973
695,2,0,31,8,0.0,2,0,1,0.6582270106795198,0,3.0943844
579,2,0,31,9,0.0,2,1,0,0.5619756686763585,0,3.6265547
432,0,1,38,2,0.5402982541636726,2,1,1,0.35925790913032196,0,4.7529597
816,0,0,25,2,0.5992686114111113,2,1,1,0.17881337667747266,0,1.0735309
730,1,0,37,1,0.0,2,1,1,0.6218246342525711,0,6.558932
593,1,0,35,6,0.532045182169382,2,1,1,0.3904858413978535,0,2.4061975
715,0,0,37,9,0.42044684357700773,1,0,0,0.7154928795699989,1,61.60823
775,0,1,25,10,0.23995878167107612,2,1,0,0.07031436502185959,0,1.4145443
539,1,1,38,5,0.0,2,1,0,0.236906774596974,0,1.2182083
576,2,1,19,6,0.0,2,0,0,0.361506973916009,0,1.8095138
617,2,1,50,7,0.0,1,1,0,0.9242288638564983,1,87.27012
688,1,1,40,6,0.0,1,1,1,0.23939716242901196,0,19.75986
608,1,1,33,4,0.0,1,0,1,0.6523745517696939,0,7.667634
597,2,1,35,9,0.0,3,0,1,0.36588399192122845,1,67.04524
670,1,0,42,6,0.44772612657194805,1,1,1,0.32850777249227303,0,9.212707
616,0,0,57,7,0.4660729382196573,1,1,1,0.5218887403747058,0,86.65813
579,0,0,50,5,0.46919854989729104,1,0,1,0.9607670032488103,1,88.562836
786,1,1,37,7,0.6612095771633815,2,1,1,0.3348624793667795,0,1.2374225
704,2,0,44,9,0.6124273405190133,1,1,0,0.7937319514013588,0,75.95638
796,1,0,50,1,0.3753077594173794,1,1,1,0.9471062486467456,0,54.300392
598,2,1,39,1,0.0,2,1,0,0.7956696864550564,0,3.4744523
602,1,1,49,0,0.7644886017267012,1,0,0,0.4881897221184623,0,64.925064
619,1,1,58,5,0.6066181292970385,1,1,1,0.43009362394108636,0,38.523735
492,0,0,52,8,0.4997895360622316,1,1,0,0.050020476955549245,1,96.83044
641,0,1,41,7,0.4161272810008239,3,1,0,0.0868714462231143,0,20.681654
518,1,0,27,1,0.5332901896542935,1,1,1,0.7165883841906902,0,8.551672
623,2,0,40,4,0.0,3,1,0,0.158303117947764,0,72.756355
733,1,0,28,5,0.0,2,0,0,0.0637539885059023,0,0.96268076
625,0,1,42,6,0.39875684187153443,1,1,0,0.4671364615320763,0,49.457447
759,1,0,31,1,0.43782158724285236,1,1,1,0.21002490737865465,0,4.2647715
604,1,0,32,7,0.5095669719924931,1,1,0,0.07894313906978116,0,24.284866
512,2,0,46,3,0.0,2,1,1,0.28200973192939927,0,27.986856
520,1,0,29,8,0.3824172595335421,1,1,0,0.02342653723430587,0,16.811314
805,2,1,26,2,0.0,2,1,1,0.125164553214832,0,0.3468806
626,1,1,43,4,0.5485840486071457,1,1,0,0.6522147865121118,1,27.478992
656,1,1,38,10,0.0,1,1,1,0.6826163898652321,0,28.298458
785,2,1,41,7,0.0,2,1,1,0.9955815780407028,0,3.002307
553,1,1,31,6,0.0,2,0,0,0.6229847450431516,0,0.7733244
569,1,0,44,4,0.0,2,0,0,0.6719801741066271,0,4.4163136
670,1,1,38,10,0.35638768712826796,1,0,0,0.7213879425485135,0,16.95097
586,2,1,42,6,0.0,2,1,1,0.617052178483045,0,2.7411497
617,2,0,45,1,0.0,1,1,0,0.7165008258288666,0,82.89949
508,1,0,60,7,0.5709969334561297,1,1,1,0.6478176665871591,0,15.610002
624,2,0,35,7,0.4769125584017001,2,1,1,0.02291953881595692,0,6.6932416
654,1,1,29,4,0.5299149148564664,1,1,1,0.7335875076069764,0,1.3427997
681,0,0,44,3,0.41932044998828016,2,1,1,0.8178120010460997,0,14.95541
578,2,1,28,4,0.0,2,0,0,0.03468086202232313,0,3.6520493
621,2,0,37,9,0.33105576849947327,2,1,0,0.045799173821099916,0,5.100206
632,1,1,40,5,0.5884886568885399,1,1,1,0.9984115983076383,0,13.373682
644,1,1,44,5,0.29234403498249034,1,1,0,0.7858510987799334,1,22.47939
821,1,1,28,2,0.0,2,1,0,0.230326696199487,0,0.9199959
754,1,0,38,2,0.0,2,0,0,0.017567227670242505,0,1.0430114
568,2,0,27,1,0.46361723997181487,1,0,1,0.22778355332934294,0,6.1281657
584,1,1,33,3,0.0,2,0,1,0.29548596891003087,0,0.928768
549,1,0,29,8,0.0,2,1,1,0.9478248172700492,0,0.7071893
729,1,0,38,7,0.0,2,0,0,0.22886345646009193,0,1.3001122
523,1,1,61,8,0.2640542620312495,1,1,1,0.10924783316806755,0,9.415509
477,0,0,24,2,0.3813325960353066,2,0,0,0.8135182909967902,1,11.120634
675,0,1,42,2,0.36914047452493565,2,1,0,0.04278208568918331,0,3.3401477
782,2,0,41,4,0.0,1,1,0,0.664724981235708,0,55.035835
616,2,0,36,6,0.0,1,1,1,0.06452986260187847,1,43.382362
738,2,0,37,8,0.4008238564111828,1,1,1,0.6440029022771674,0,15.144264
717,2,0,42,5,0.7584983209716742,1,1,0,0.4967285375753384,1,70.27651
526,0,0,35,9,0.4724483952827222,1,1,0,0.20486601470440427,1,60.052055
660,1,1,19,5,0.5087708718707266,1,1,1,0.2018046223414336,0,0.43389738
525,1,1,35,7,0.6590674723749392,1,0,1,0.4736800364434803,0,6.8421645
629,2,1,29,6,0.0,2,1,1,0.44419852095875156,0,2.8293538
616,0,0,36,10,0.31187774287161774,1,1,0,0.6846820371345463,0,76.68437
521,0,0,61,0,0.4989833123081966,1,1,1,0.5467769672003676,0,74.82123
691,1,0,29,9,0.0,2,0,0,0.9982170797311142,0,3.5041702
687,0,0,41,2,0.6138237640629309,1,1,0,0.7920588916241501,0,68.38754
677,2,0,43,3,0.5309521487389562,2,1,1,0.4796721086863795,0,8.13092
695,2,1,63,1,0.5827183857796606,1,1,1,0.6334467441640677,1,31.497925
663,1,0,27,9,0.0,2,1,0,0.7542655823631157,0,1.0845119
496,1,1,30,0,0.3625515443341957,1,0,1,0.1389653711929489,0,10.814104
747,2,1,41,9,0.0,1,1,0,0.1621122817229045,1,23.89299
546,1,0,52,2,0.0,1,1,0,0.6866695269398226,1,89.5094
706,2,1,68,4,0.4559096085585985,1,1,1,0.1429641530766188,0,5.211623
472,1,0,26,5,0.0,2,1,0,0.5420521659818512,0,0.89452064
703,1,0,40,7,0.0,2,0,1,0.6125931026413022,0,3.2861664
850,1,0,38,2,0.0,2,1,0,0.0450217495770846,0,1.2888834
667,2,1,71,4,0.5470778195242539,1,0,1,0.47215259057239967,1,6.6824384
559,1,1,33,9,0.44265004169621225,2,1,0,0.5518540020571964,0,1.0923368
636,2,1,60,7,0.49600907683274914,1,1,1,0.7068327025230909,1,44.727993
672,1,0,34,8,0.0,2,1,1,0.08117610231777134,0,0.9373403
667,1,1,42,7,0.0,1,0,1,0.5417385360301908,1,8.971941
648,0,1,33,7,0.5393042649308332,2,0,1,0.8583650738645541,0,2.7483535
497,1,1,32,8,0.0,2,1,0,0.336796364052767,0,0.6992234
743,1,0,73,6,0.0,2,0,1,0.539330506063329,0,1.8283697
619,1,1,29,5,0.0,2,1,0,0.9715853864044016,0,0.7955331
639,2,1,34,5,0.5555769276681222,2,0,0,0.16970870718153583,0,2.398614
540,2,1,28,8,0.0,2,0,0,0.9879780519039568,0,4.6495643
766,1,0,26,3,0.415542422024815,1,1,1,0.002083448969376575,0,1.8677715
749,1,0,26,6,0.0,2,0,1,0.17470263410155668,0,0.37724486
655,0,1,32,9,0.45216370519201643,1,1,0,0.41040279346677605,0,20.533693
630,1,1,33,9,0.0,2,1,0,0.32399599161719944,0,0.8854671
778,0,0,33,4,0.4426647090059554,2,1,0,0.41776524658104847,0,4.658969
757,0,0,30,6,0.6432014687716435,1,0,0,0.3596078425489634,1,28.958252
529,2,0,39,2,0.3298806698767615,1,1,1,0.614627996973711,0,31.00401
620,2,1,29,9,0.0,2,1,0,0.06561776649670042,0,2.9982262
615,1,0,61,1,0.4155778945945743,1,1,0,0.31420030612923533,1,97.28228
735,1,0,25,3,0.36556196980216155,1,0,0,0.14201181212805822,0,2.2450707
705,2,0,47,3,0.2530457685030604,1,0,1,0.14316037181550836,1,87.34353
644,2,0,46,6,0.04965836926060299,1,0,0,0.7839536675752534,1,82.793686
505,0,0,37,6,0.6371666679487278,2,0,1,0.6265412846926881,0,11.745012
471,0,1,23,6,0.4168726433907887,2,1,0,0.6586861545277574,0,3.220172
722,2,0,50,4,0.5264631149643269,1,1,1,0.6413140454913444,0,65.39894
577,2,0,39,4,0.0,2,1,0,0.45681782610239274,0,5.99984
744,2,1,44,5,0.4808911857399951,1,1,0,0.41143544208471905,0,71.99234
573,1,0,30,6,0.0,2,1,0,0.3309247533139415,0,1.1512685
653,1,0,32,4,0.3338923385187986,1,0,1,0.11955676767131261,0,3.5782743
660,1,0,31,6,0.6868353202688791,1,0,1,0.2271556933687167,0,4.2623415
787,1,1,46,7,0.4690562211932343,2,1,1,0.4667884282949022,0,3.6750834
617,1,1,41,7,0.0,2,0,1,0.07243236729107629,0,3.1704187
567,1,1,39,5,0.0,2,0,0,0.8426311712768569,0,0.74802804
682,2,0,64,9,0.0,2,1,1,0.5165836337370219,0,4.9001393
684,1,1,35,6,0.5415405912416472,1,1,1,0.4360807957159909,0,12.907412
447,1,1,41,3,0.0,4,1,1,0.9874883551379157,1,90.33914
625,0,0,49,4,0.512179108258656,1,1,0,0.6340658032842136,1,89.93999
585,1,1,36,7,0.0,2,1,0,0.4714025689453342,0,1.212636
516,1,0,42,8,0.22410792365936308,1,1,0,0.23425207107278742,0,25.445799
732,0,0,45,6,0.3937550899650133,1,1,0,0.40743951047325017,1,83.19635
628,0,1,40,5,0.7244707203629969,2,1,1,0.645543599413744,0,3.9459803
682,2,0,48,9,0.40334308643003225,1,1,1,0.2486303441978709,0,27.454515
746,1,1,25,9,0.0,2,0,1,0.44362681636096246,0,0.30312282
655,1,0,60,3,0.0,2,1,1,0.43489088207923854,0,5.983508
644,1,0,39,9,0.0,1,1,0,0.018648530934704262,0,12.579465
778,1,1,34,5,0.5542651201529674,2,0,0,0.3397211433691918,0,0.6344622
617,1,0,35,2,0.41653605254627496,1,1,1,0.738194897612722,0,16.319134
660,0,1,35,9,0.45416280371046275,1,1,0,0.9444920989954539,1,30.77496
537,1,1,47,10,0.0,2,0,1,0.12736736358322218,0,15.76234
554,1,0,39,10,0.0,2,1,1,0.09191052745537198,0,5.7364607
806,1,1,31,9,0.0,2,0,1,0.7008508312543846,0,0.45637652
611,0,1,37,1,0.46841616052158874,2,0,1,0.8053404600139313,0,9.287182
665,1,0,37,5,0.6392628178237627,1,0,1,0.9177401441837694,0,8.907012
648,1,0,37,7,0.0,2,1,0,0.9712294524127054,0,2.298345
692,1,1,27,1,0.5003925298913197,1,0,0,0.03944816729997714,0,17.994127
507,2,1,46,6,0.3698062428454517,1,1,1,0.25708810191373277,0,25.815578
696,0,1,49,5,0.38675551495828453,2,1,0,0.7622690966987347,1,8.233666
681,1,1,34,3,0.0,2,0,0,0.27904974925105347,0,1.1396399
687,1,0,26,6,0.0,2,1,1,0.16450346008043765,0,1.352123
641,2,1,40,5,0.407118005561541,1,1,1,0.5031755032605614,0,18.842293
507,1,0,33,1,0.45218622429529065,1,0,0,0.7145702914628346,0,10.592938
688,2,0,46,8,0.6204978284210932,1,1,0,0.131390697811641,0,77.39728
535,0,1,38,8,0.5080757689307241,1,0,0,0.3038499176671372,1,45.923527
701,1,1,41,10,0.0,2,1,1,0.7313007892253709,0,3.8189883
488,1,1,43,10,0.4493901488050388,1,1,1,0.14161562429211988,0,13.725491
539,1,0,29,4,0.0,2,1,1,0.5045862379857277,0,0.5711201
674,1,1,45,7,0.5774821960581685,1,1,1,0.5129505867810376,1,13.980092
538,2,1,40,8,0.0,2,1,1,0.12772629786144576,0,4.131023
829,1,0,22,7,0.5983562489455381,1,1,0,0.760554382943571,1,22.53242
768,1,1,54,8,0.27785281266987727,1,1,1,0.3468804770855617,0,27.630821
585,2,0,44,4,0.0,2,0,1,0.5086329744490599,0,16.959568
581,1,1,31,3,0.0,2,0,0,0.4451876654220478,0,0.51685643
682,0,0,35,2,0.4680741890063811,2,1,1,0.08450507023420735,0,24.210972
653,1,1,38,8,0.47555463654585817,1,1,0,0.752355699969347,0,8.557254
712,1,0,30,1,0.35700387356476093,1,1,1,0.8880928628684038,0,6.053853
620,0,0,34,8,0.40754224155313423,1,1,0,0.6033601708963205,0,57.185467
709,1,1,42,9,0.4724894876640951,1,0,1,0.38569318369904326,0,16.883932
832,1,1,61,2,0.0,1,0,1,0.6390264270237808,1,46.21446
635,2,1,38,0,0.4115501237972757,1,0,0,0.7917408612522495,0,31.413239
749,2,0,43,1,0.49505765468362084,1,1,1,0.8359193302960433,0,63.404125
629,2,1,32,3,0.0,2,1,1,0.07697265088815981,0,3.251854
836,2,0,41,7,0.5990593232495314,1,1,1,0.7801975588668717,0,18.843538
542,2,1,34,8,0.4330600125333756,1,0,1,0.7236369073246496,0,11.309958
645,1,0,45,8,0.3400820229440567,1,0,0,0.11274656729717687,0,38.465508
844,1,0,29,8,0.0,2,0,0,0.7367226070089693,0,0.6620747
747,0,1,37,9,0.5411613934566023,3,1,0,0.4273351605078285,1,26.242065
645,1,1,40,6,0.5237634132647243,1,1,1,0.9733156016399565,0,11.991261
752,2,0,36,3,0.0,2,1,1,0.2424907578673763,0,6.7106285
760,2,0,41,6,0.0,2,0,0,0.5074467111609158,0,2.9725761
714,0,0,45,9,0.4242039865668169,2,1,1,0.8206089181516835,0,26.710186
717,1,1,50,9,0.3599300417153435,1,1,1,0.6231344593408671,0,30.22428
645,0,1,28,7,0.4681822408452771,2,1,1,0.17240886504661193,0,5.776109
681,1,1,32,3,0.5934061514776777,2,1,1,0.45482238553781884,0,1.9586468
681,0,0,44,4,0.3631584441316393,2,0,0,0.12099785529518067,1,8.0861635
679,0,0,37,8,0.3083876405755022,2,0,1,0.87439105434569,0,11.599512
528,2,1,23,7,0.41747982218597207,1,1,0,0.8513382528031427,0,13.92685
710,1,0,31,3,0.0,2,1,1,0.5614410176171823,0,1.5104878
733,0,1,39,5,0.36484339119520603,1,1,1,0.46890188012955236,0,37.176426
724,1,0,32,6,0.0,2,1,1,0.7501476891043094,0,1.2649087
726,1,0,34,0,0.740279649000118,1,1,1,0.5101749217050229,0,17.901531
520,1,1,30,3,0.5715330076845145,2,1,1,0.004435073549523979,0,1.5312184
556,1,1,40,5,0.5018366221919027,1,1,1,0.4756095207092277,0,9.62248
579,1,0,45,2,0.0,2,0,0,0.0575195431163676,0,6.006205
674,1,1,36,2,0.6158903003207399,1,0,1,0.13729881203654948,0,3.5015051
570,1,0,29,0,0.0,1,1,0,0.1854219577969696,0,21.850618
631,1,1,51,8,0.4011780241132964,1,1,0,0.8579635355176418,0,66.25203
623,2,1,44,1,0.3321100212440837,1,0,1,0.4041245938987173,0,45.747433
665,1,1,35,8,0.4421497987489662,1,1,0,0.846462887205728,0,5.1785398
523,2,0,36,8,0.4530944815084085,1,0,0,0.06593559684949912,0,47.93669
706,0,1,31,1,0.4664048259594165,2,1,0,0.2721657418283446,0,3.347769
619,1,0,49,9,0.5793586949984354,1,1,0,0.19089458043243127,0,70.99436
593,0,0,39,8,0.603399093233432,1,1,0,0.1363281193353965,1,50.302006
608,2,1,66,8,0.49396689309193237,1,1,1,0.32876444700468893,0,21.40177
526,1,0,36,0,0.0,2,1,0,0.48882693297209884,0,5.823282
684,2,1,40,2,0.28015765285419275,1,1,1,0.5773414361071482,1,49.721867
604,0,0,42,10,0.6617485609396231,1,1,0,0.49145473392709,0,79.46346
636,0,1,36,6,0.3851895405022813,1,0,0,0.9103254360791455,0,33.600826
669,2,0,33,8,0.0,2,0,1,0.6426937272509524,0,1.6209152
624,1,1,71,7,0.0,2,1,1,0.5442032214076444,0,2.3840466
631,1,1,29,2,0.0,2,1,1,0.09286016814605794,0,0.99050105
753,1,1,48,4,0.0,2,0,1,0.7341193083939517,0,11.282112
588,1,1,40,5,0.0,2,0,0,0.5036285965309687,0,1.4266945
729,0,1,26,4,0.38767971489938413,2,1,0,0.1967427889363434,0,0.51668906
602,1,0,42,10,0.0,2,0,0,0.8496287895494018,1,6.488571
689,0,0,55,1,0.3040948219255077,1,1,0,0.21178607557021692,1,94.76795
486,2,1,27,7,0.0,2,1,0,0.14407105878611406,0,1.9306555
809,0,0,42,6,0.257068278200125,3,0,1,0.912213266366938,1,42.93126
562,1,1,38,5,0.0,1,1,0,0.5784983465920995,0,12.849876
763,2,0,32,8,0.0,2,1,0,0.08357773167337479,0,2.993764
669,1,1,57,5,0.0,2,1,1,0.28434805523927537,0,3.3905458
709,1,1,39,8,0.0,2,1,0,0.2810393892616745,0,0.8016156
554,2,0,45,4,0.0,2,1,1,0.9670947075445704,0,11.203066
699,1,1,37,10,0.0,2,0,0,0.4162970563688832,0,4.6115446
732,2,1,54,0,0.5350766121814639,1,0,1,0.06697049568233765,0,60.146477
625,1,0,45,3,0.0,1,1,1,0.922400939289702,1,45.920216
599,1,1,30,9,0.4202649769075564,1,1,1,0.6056225869570544,0,5.227653
584,2,0,50,1,0.0,1,0,1,0.7628537025285914,1,75.24568
499,1,1,35,10,0.0,2,1,0,0.05355991497187981,0,1.0169226
526,2,1,38,2,0.0,2,0,0,0.29002469735859776,0,7.6046576
625,0,0,35,5,0.3433563802737598,2,1,0,0.8172241449058384,1,6.154406
537,2,0,38,1,0.3863682660956088,1,1,1,0.5130256939537725,0,24.742632
696,2,1,47,1,0.4255058298769832,1,1,1,0.40293648043388136,0,49.60854
679,1,0,33,9,0.4485034142746962,2,1,0,0.8868390431286188,0,1.7741873
684,1,1,60,2,0.4645853621285041,1,1,0,0.601288023006197,1,96.15364
850,1,1,32,4,0.0,1,1,1,0.9031384497219483,0,3.8438346
495,2,0,42,7,0.0,2,0,0,0.6520270185802743,0,11.9099455
537,2,0,38,6,0.5651170162355561,1,0,1,0.7390003745357682,0,37.315685
850,1,1,41,3,0.5437140633473935,1,0,1,0.2891910177421944,0,5.73024
513,1,1,30,5,0.0,2,1,0,0.8126380069296617,0,0.63786757
618,0,0,40,1,0.5310742700352961,2,1,1,0.27244721870938676,0,17.325178
802,0,0,41,4,0.36173109169543705,2,0,1,0.8459411873833951,0,4.2375813
547,1,1,43,1,0.3680791671231934,1,0,1,0.4012949736699855,0,37.099007
613,0,1,69,9,0.3139860092199188,1,0,1,0.043704223753368444,0,18.405209
592,0,0,34,6,0.40711322274314643,2,1,1,0.5131360044884286,0,10.2699
546,1,1,29,5,0.0,1,1,1,0.4741071272306505,0,2.7421384
721,0,1,37,4,0.3924286549969353,1,0,0,0.4540937659546487,0,20.91198
671,0,0,47,7,0.4567741428402265,2,1,0,0.7659868517443416,1,13.63075
624,2,1,35,2,0.0,2,1,0,0.43653673925859915,0,4.2798514
751,0,0,51,7,0.5901790244796205,1,1,0,0.7320690625954779,1,91.8262
636,2,1,36,1,0.0,3,1,1,0.37021795581478034,1,81.48746
607,2,0,62,8,0.4304721490705649,1,1,1,0.11688711271926468,1,58.45775
509,0,0,29,0,0.4293080509301606,2,1,1,0.46447730758287414,0,52.437675
653,2,1,35,9,0.0,2,1,1,0.22974429057975035,0,1.1491969
709,2,0,37,8,0.0,3,1,0,0.35866915290410234,0,55.33198
559,1,1,32,9,0.5791336235361537,1,1,0,0.5177964495609331,0,9.453385
684,0,1,37,4,0.5519229341283547,2,1,1,0.26180355223923885,0,8.22632
635,1,0,27,8,0.508061101620981,1,1,1,0.7645953688577258,1,4.92635
709,1,1,26,6,0.6239650130457352,1,0,1,0.021998050813852723,0,6.2915006
656,0,0,49,9,0.3869813038433254,1,1,0,0.37383390113755866,1,92.86045
793,1,1,32,2,0.0,2,1,0,0.9691228012275171,1,1.4366041
609,2,1,37,5,0.5153996588814208,1,1,1,0.13392398974102024,0,25.062737
618,0,0,29,10,0.3998240879394499,2,1,1,0.16259082742401898,0,9.099653
850,1,0,35,6,0.3255703142259872,1,1,0,0.004062487967600906,0,16.926044
669,2,1,51,3,0.3540382870192436,1,0,0,0.42623665560060986,1,84.13542
594,0,1,40,0,0.6061920997485474,2,1,1,0.41752662379257216,0,20.210455
616,2,1,71,4,0.0,2,1,1,0.8680218960910766,0,2.352188
676,1,0,49,1,0.0,1,1,0,0.3966915340415009,1,65.70398
608,2,0,38,9,0.4081607795420045,1,0,1,0.28797290141208487,0,35.393158
710,1,1,21,4,0.43496130241565417,2,1,1,0.2809288787079166,0,0.06271197
695,1,1,29,5,0.0,2,1,1,0.033797527663891894,0,0.8735485
530,0,1,33,9,0.2998918006908702,1,0,1,0.5084640083127938,0,8.77573
509,2,1,29,1,0.0,2,1,0,0.34554079914631847,0,2.7887638
517,1,0,45,4,0.0,1,0,0,0.8633963543518405,1,58.52173
758,0,1,33,0,0.5147210965216994,2,1,1,0.13298620018211738,0,15.784664
665,1,1,51,2,0.0,1,0,0,0.26673437313263415,0,63.753456
631,0,0,22,6,0.5545276171691862,1,1,1,0.31871008681329066,0,15.518967
576,2,1,33,3,0.0,2,0,1,0.9505931316440719,0,1.5667045
544,2,1,22,3,0.26498137152020573,1,0,1,0.5515817260548382,0,5.4383135
596,0,1,40,5,0.24866283358314925,3,1,0,0.7431302189359082,1,64.696045
481,1,0,34,5,0.0,2,1,1,0.6262692087094317,0,1.2762318
498,1,1,46,1,0.36611542160404653,1,1,0,0.5097646825271813,1,46.3615
512,2,1,31,6,0.0,2,1,0,0.8423338428819952,0,4.858523
594,1,0,56,7,0.0,1,1,0,0.13103386373398657,1,97.21809
570,1,0,30,10,0.7021716267349823,1,1,0,0.4852150380361325,1,22.971039
721,2,1,38,7,0.0,1,0,1,0.26764165977850884,0,13.574861
453,1,0,37,4,0.5254514293034276,2,1,0,0.04469236812115557,0,3.335284
562,1,1,48,3,0.3680696014864044,1,1,1,0.815603740157185,0,42.676888
682,1,1,40,4,0.0,2,1,1,0.7037388570608493,0,3.6136878
748,1,1,40,3,0.3798239755432176,1,0,0,0.8576032011057055,0,9.338354
729,1,0,32,9,0.0,2,0,0,0.754031309990104,0,1.4380186
663,1,1,39,4,0.0,1,1,0,0.38439906011024055,0,6.562927
735,1,0,53,8,0.49360822156916384,2,0,1,0.8522981444727971,1,25.147411
627,0,1,62,3,0.5716517810079782,2,1,1,0.71553193329963,0,23.447586
713,1,1,46,5,0.0,1,1,1,0.27847679453387797,0,18.57145
562,0,1,31,2,0.4492190434769751,1,0,1,0.9318825947878021,0,9.255867
632,1,1,43,2,0.3986220461064491,1,1,0,0.12133028704241254,0,26.626343
479,1,0,33,2,0.8296816049895,1,0,0,0.2538403917574128,1,11.892087
658,2,1,21,7,0.0,2,0,1,0.7714151201439736,0,0.5765517
598,1,0,40,9,0.0,1,1,0,0.3422877384790247,1,24.346478
597,1,1,19,2,0.0,2,1,1,0.45516926866515756,0,0.38805357
512,1,0,33,6,0.48499894917494196,2,1,1,0.41839190642706375,0,1.2417707
704,1,1,39,2,0.4445032642536259,1,1,0,0.9974621576360542,0,8.148928
474,1,1,26,6,0.0,2,0,0,0.7624710159820263,0,0.7573692
604,0,1,36,10,0.4525594435573424,1,1,1,0.6743833536102697,0,62.894367
683,1,1,41,6,0.3814158967890111,2,1,1,0.9218608377100013,0,4.140419
537,1,1,28,0,0.3545794629205826,2,1,1,0.9492324016943617,0,9.649431
794,2,1,31,0,0.5774469626293289,2,0,1,0.8782431722229472,0,3.795531
732,1,1,55,9,0.5443485839210653,1,0,1,0.016284505170243754,1,55.16775
495,1,0,38,2,0.2514686739942899,1,1,1,0.23541318195887706,0,19.89777
552,0,1,38,10,0.527190621498952,2,1,1,0.23277442995806094,0,6.8956203
602,1,0,29,3,0.35398595501464364,2,1,1,0.31241178532549857,0,1.6495036
607,0,1,40,5,0.36108106681880286,1,0,1,0.9080200659162949,0,47.25297
675,0,0,33,0,0.5652344742839613,1,1,0,0.3240482966123265,1,70.469666
443,1,0,54,3,0.5522081495319475,1,1,1,0.35095676637118844,1,74.525406
727,1,0,31,2,0.20802103355988086,2,0,1,0.801936034891332,0,1.3664931
482,1,1,38,4,0.4981153503400525,1,1,0,0.17919981358219708,0,7.3653393
686,1,0,34,1,0.0,2,1,0,0.43637617392460976,0,5.9370832
588,0,1,35,3,0.41593134487392874,1,1,0,0.4724813219662478,0,47.598347
605,2,0,48,10,0.5991114559700316,1,0,1,0.667437640294648,0,71.5427
583,1,1,39,1,0.5153458123176626,2,1,0,0.36551500668313824,0,0.8967587
738,0,1,37,7,0.5617855440828586,2,1,0,0.9767052753537963,0,1.1916656
744,2,1,30,1,0.5104268430261865,1,1,0,0.607627528428965,0,39.96792
781,1,1,23,2,0.42819568694205684,1,1,0,0.8692411625310216,0,10.837671
699,1,1,34,2,0.46819276304574503,1,1,0,0.9261676490104805,0,12.043552
639,1,0,27,2,0.0,2,0,0,0.6262228042778084,0,1.0961909
583,1,0,27,4,0.0,3,1,0,0.8155870385621826,0,9.797013
587,1,1,42,1,0.0,1,0,0,0.6150353858793515,0,16.687567
694,1,1,40,9,0.0,2,1,0,0.20227656741218783,0,1.4329929
570,1,0,29,4,0.6099688921505939,1,1,1,0.656822676565612,1,2.9679277
692,0,1,45,6,0.5663018000655168,4,1,0,0.9415612691011991,1,93.792496
511,1,0,30,5,0.0,2,1,0,0.7199851585826446,0,0.80110395
788,1,1,32,4,0.44671356406100987,1,0,0,0.4468277220474555,0,7.7536464
526,2,1,66,7,0.526287784813348,2,1,1,0.7918471714048692,0,3.370109
749,2,0,46,9,0.2653779070219307,1,1,0,0.39374530267640556,1,67.36579
691,1,0,33,6,0.0,2,1,1,0.5020315940172286,0,4.6510043
481,1,0,39,6,0.0,1,1,1,0.12334157912080602,0,19.065918
752,1,1,33,4,0.0,2,1,1,0.19781489132212124,0,0.7031614
658,1,0,38,6,0.4101071474876513,1,0,0,0.7783452319696531,0,15.821833
679,2,1,42,2,0.0,1,1,1,0.8414938126591088,0,15.894422
754,0,1,27,7,0.4686299126470035,2,0,1,0.43952412455389483,0,0.79909235
679,1,1,47,10,0.7913416160322305,2,1,0,0.9560280006740643,1,5.355288
633,2,0,39,2,0.0,2,0,0,0.9560685545469592,0,6.901793
674,1,0,31,1,0.0,1,1,0,0.6447739259099243,0,5.4421153
600,0,1,28,2,0.46482342691409095,1,0,1,0.2994971519780139,0,21.078146
645,2,1,49,8,0.0,2,1,0,0.8100824628752046,0,25.997532
698,1,1,36,6,0.0,2,0,1,0.09611117861755797,0,1.878009
508,2,1,54,10,0.0,1,1,1,0.8787728228045777,0,19.151716
555,1,0,44,3,0.4215683746337009,3,1,0,0.30264080219660977,1,89.69918
751,1,0,48,9,0.0,1,1,0,0.6875498610117267,1,58.157913
738,1,0,39,1,0.37638967279503804,2,0,1,0.9471868563447808,0,6.573628
706,0,0,39,8,0.44994328175236414,1,0,1,0.033563605324308465,0,40.26469
595,1,0,53,7,0.0,2,1,0,0.20682025133400236,1,27.612698
577,0,0,43,3,0.5099300277654566,1,0,0,0.6257054548709401,1,82.028305
578,0,0,36,8,0.5171227090648638,1,1,1,0.7184294600134312,0,22.78154
699,1,1,32,3,0.0,2,1,1,0.8538758451432111,0,1.3514279
826,1,0,30,5,0.0,2,0,1,0.7870051089879083,0,1.5110092
656,0,0,46,7,0.5641155737773851,1,1,0,0.25294200596156935,1,78.332985
556,1,0,47,2,0.5576537868422993,1,1,1,0.25192105846108304,0,49.783024
569,1,1,41,4,0.47925231316029554,1,1,0,0.8157701560499027,1,9.4777355
765,1,1,34,9,0.3660257437591494,1,0,0,0.6914089795575478,0,2.7440114
544,2,1,37,2,0.0,2,0,0,0.675341695131885,0,6.3986006
588,2,0,22,9,0.267750902368368,1,1,1,0.817693939771248,1,32.636345
740,2,0,31,8,0.0,2,0,0,0.43327087736878866,0,1.8502263
850,2,1,38,7,0.45986376380944155,1,0,1,0.810458598796185,0,11.669425
766,0,1,30,4,0.5093154754585817,2,1,1,0.14435238565282982,0,1.051655
849,1,0,41,6,0.0,2,1,1,0.8460404468626753,1,2.9828234
612,1,0,33,0,0.2586720369214449,2,1,0,0.5121216076135271,0,9.824739
517,0,1,53,0,0.43512838220490246,1,1,0,0.2733487048013085,1,97.20587
645,1,0,55,7,0.0,2,1,1,0.0917975166628413,0,25.609224
696,0,1,43,4,0.4547319590994097,1,0,1,0.7994589483295654,0,51.597492
716,1,0,40,3,0.0,2,0,1,0.8382028983767948,0,4.558227
590,1,1,32,9,0.0,2,1,0,0.6944541703732706,0,1.3345952
656,1,0,45,7,0.5816436067727738,1,1,1,0.9969980133102712,0,23.53261
473,0,0,35,7,0.5241360346744769,1,1,0,0.9478347682203649,0,74.031654
742,0,0,44,8,0.43015879475208446,1,0,1,0.08682674195385659,1,63.192905
834,0,0,57,8,0.447518751537726,3,1,0,0.7011347583694243,1,98.373276
721,1,1,41,7,0.0,2,0,1,0.30506548375369846,0,1.1886325
590,2,1,29,10,0.0,1,1,1,0.2595054827736049,1,48.114113
516,2,0,31,7,0.0,1,1,0,0.23505829806746542,0,48.108517
850,1,1,33,0,0.497340055478302,1,0,1,0.16846078800525446,0,5.382607
748,1,0,39,9,0.5295598703043136,1,1,1,0.29815272358510236,1,11.3777685
798,0,0,38,4,0.5143727080584791,1,1,0,0.7857550896110578,0,45.07052
612,0,1,76,6,0.3832906021723801,1,1,1,0.9569997934802773,0,1.6823723
540,1,0,40,3,0.6588257407619166,1,0,1,0.9993512880480085,0,15.0142145
719,2,0,33,7,0.0,2,1,0,0.10003460330461558,0,5.6340933
598,1,1,48,6,0.4810021869835678,1,1,0,0.1531343243279733,1,54.365646
796,2,1,32,5,0.40962109356830895,2,0,1,0.5891627650440617,0,1.1853131
579,0,1,42,0,0.5754779560099482,1,1,1,0.11243833786126572,1,54.47052
850,0,0,40,7,0.4163036872859415,1,1,1,0.0036818516168294064,0,14.036187
599,2,1,35,6,0.546447563630317,1,0,0,0.3843328537875367,0,47.26351
724,1,0,30,9,0.5678635098417848,1,1,1,0.5392347969231062,0,2.710059
508,1,0,43,9,0.0,1,1,0,0.5186251787045663,0,23.426958
773,2,1,37,2,0.4113032506544789,2,1,0,0.8913690257419582,0,3.974976
526,1,1,28,1,0.44667713492757166,1,0,1,0.6314115498030062,0,4.5707254
542,1,0,29,7,0.0,2,0,1,0.9832946046347425,0,0.6781085
470,1,1,35,1,0.38451305069719743,1,0,0,0.029756441740186185,0,8.918168
805,2,1,37,5,0.0,2,1,0,0.10959661647687353,0,4.7448764
548,0,1,49,9,0.4321989457950836,1,0,0,0.6351171036834017,1,95.18088
672,1,1,37,5,0.6105889048418025,1,1,1,0.8138348712302025,0,4.602713
773,1,1,45,8,0.3861217516641917,1,1,1,0.5697490610353289,0,14.283107
614,1,1,44,6,0.0,2,0,1,0.5246445035500891,0,10.4244175
537,1,0,38,10,0.0,1,0,0,0.2616569382376017,1,60.203964
704,1,0,40,6,0.38044486508446523,1,0,1,0.899850785750039,0,22.346224
586,2,1,41,3,0.25457969807582037,1,1,0,0.4187502906527573,0,37.349094
677,1,0,24,0,0.591071020110197,2,0,0,0.9145991942230483,0,21.470985
558,2,0,31,7,0.0,2,1,0,0.8336231110071011,0,5.673806
634,0,0,37,7,0.5709842191305642,2,1,0,0.9636440280046744,0,4.9880023
655,0,1,37,9,0.4836315812527709,1,1,1,0.9012353679776418,0,22.643906
619,0,0,28,6,0.3951912507584255,2,1,0,0.24234084355055907,0,11.655925
662,1,0,41,4,0.0,2,1,0,0.6327599285731786,0,1.3227495
705,2,1,33,7,0.2727158664300713,1,1,1,0.3243358240711988,0,10.390334
527,2,0,35,8,0.0,1,1,0,0.49014655899638415,1,47.83152
630,0,0,25,7,0.3174867134301421,1,1,0,0.4676078565503005,0,24.008785
850,1,1,35,2,0.0,2,1,1,0.28492761058681104,0,0.8528131
668,1,0,53,10,0.4393817426031422,1,0,0,0.9199327535779667,1,80.47694
573,1,0,32,9,0.49949300132177177,2,1,1,0.651177437445276,0,0.6901622
680,1,1,27,3,0.0,1,1,0,0.16222889285926803,0,9.189424
758,1,0,32,2,0.33630746252392757,1,1,1,0.3769602497038467,0,7.8107276
597,1,1,45,7,0.0,2,0,0,0.8388044558255313,0,2.779738
580,0,1,35,10,0.5431743621483927,2,1,1,0.12395128734794172,0,2.1976335
622,1,1,59,5,0.4758121913164026,1,1,1,0.3021181022787676,0,22.381084
638,0,1,62,4,0.4333097553672091,2,1,1,0.3711829979763067,0,17.816523
640,1,0,20,4,0.0,2,0,1,0.3915335914579843,0,0.5810468
644,2,1,28,0,0.0,2,1,0,0.5970959726653895,0,21.574644
753,1,0,31,6,0.4248589138323054,1,0,0,0.4565145471392518,0,6.502983
629,1,0,37,10,0.39675969633726593,3,0,1,0.1256388485100327,1,68.7255
775,1,0,30,5,0.0,1,1,0,0.969437681298564,1,13.908193
701,1,0,41,2,0.0,1,1,0,0.23924884826500928,0,14.821235
708,2,1,19,7,0.44885100560151736,1,1,1,0.022403089495046775,0,1.5366813
521,2,0,22,10,0.0,1,1,1,0.5065502255465396,0,14.307139
636,1,0,24,9,0.0,2,0,1,0.19411423790972035,0,3.1900651
529,1,0,31,5,0.0,2,1,0,0.13404105092036286,0,0.84516025
757,1,1,28,3,0.30044529234957507,1,1,1,0.9986760735650254,0,5.160942
767,2,0,24,5,0.0,2,1,1,0.3372035529393057,0,1.5778198
525,2,1,33,5,0.0,2,1,0,0.8050304304061038,0,4.803021
759,2,1,38,1,0.0,2,1,0,0.10384396709885793,0,2.183937
520,0,0,45,1,0.4905832085050947,1,1,1,0.20517369408778538,1,85.3205
738,1,0,26,3,0.0,2,1,0,0.3373951212340779,0,0.37684202
548,2,1,37,4,0.0,1,1,0,0.6088186421803281,0,34.402515
535,2,1,48,9,0.4363224526739124,1,1,0,0.7868093902967732,1,76.64528
615,2,1,59,4,0.6208339409837675,1,1,1,0.5513706058928627,0,36.549263
850,0,1,38,7,0.40648300670602955,2,0,0,0.21896936157403027,0,1.125041
487,1,0,34,2,0.38270319235989403,1,0,0,0.045371432971848806,0,11.754504
731,1,1,30,7,0.0,2,0,1,0.7154408746035246,0,0.5463786
726,2,0,35,9,0.0,2,0,1,0.5027750150139337,0,2.712275
609,1,0,35,2,0.5894840809668977,1,1,0,0.7000104009932948,0,20.636671
714,1,1,52,4,0.40158001999935516,1,1,1,0.9339075381698951,0,30.32586
694,2,0,35,7,0.0,1,1,0,0.6678580304419072,1,40.017563
786,1,0,33,0,0.3309552894563686,1,0,1,0.774969009540411,1,20.660934
698,2,1,27,6,0.49991361034274917,2,0,0,0.13822750072631934,0,5.931329
601,1,0,46,3,0.3914049724332298,1,0,0,0.6888275330294042,0,67.84496
769,2,1,41,1,0.28900144277702555,1,1,0,0.12857302872424314,0,24.67057
850,0,1,44,3,0.5595644430772669,2,0,1,0.9314586543014857,0,7.698243
646,2,0,50,5,0.5685361733921531,2,1,1,0.7110525055142766,1,30.717072
659,1,0,44,9,0.09367671949993722,1,0,1,0.8493332613264567,1,30.298344
487,2,1,33,8,0.5808322813457847,1,1,0,0.20679109854991148,0,18.813585
740,0,0,40,2,0.487429657196673,2,1,1,0.1540210090063601,0,12.019868
686,1,1,39,4,0.0,2,1,0,0.775135775466557,0,2.0104575
612,2,0,36,5,0.477481793504287,2,1,0,0.7971011231572614,0,7.849427
655,2,1,37,8,0.6524903398029056,2,0,0,0.3812746617301952,0,4.1516185
617,1,1,34,1,0.24586608052695821,2,1,0,0.5298189477095062,0,1.3386713
674,1,0,27,4,0.3154441709779457,1,0,1,0.25368547696305,0,1.0546647
711,2,1,32,5,0.0,2,1,1,0.7386139876358191,0,1.771668
624,0,0,27,7,0.4178934961202774,1,1,1,0.8369588295682237,0,16.979149
597,2,1,26,5,0.0,2,0,1,0.4757831872943866,0,2.0645406
682,2,1,46,4,0.0,1,1,1,0.02321571710098314,0,28.513033
775,1,1,45,8,0.0,1,1,0,0.6518877552806293,0,16.846062
727,1,0,29,1,0.584508275850167,1,1,1,0.8674568921331988,0,5.472282
629,1,1,31,6,0.0,2,1,0,0.4693956772871809,0,0.99244964
684,1,1,46,0,0.0,2,1,1,0.1818443161321906,0,14.983837
549,0,0,37,1,0.5206191087385321,2,1,1,0.6425031590516894,0,12.697368
593,0,1,69,2,0.7453748651494319,2,0,1,0.5294861159240707,0,5.440237
536,2,1,40,9,0.0,2,1,1,0.059742955452245686,0,4.7047424
707,1,0,36,6,0.0,1,0,0,0.4940431811237973,0,15.988438
592,2,1,41,0,0.0,2,1,0,0.3295039176241331,0,12.228314
703,1,1,44,6,0.39403464570017255,1,1,0,0.7575979506042827,0,23.01412
723,2,0,45,4,0.0,2,1,0,0.18603181603843164,0,31.219006
452,0,1,52,1,0.3923630506712905,2,0,0,0.4601559448927372,0,57.75767
552,2,1,42,4,0.0,2,0,0,0.9784970464679376,0,4.7121587
633,1,0,47,0,0.0,1,1,1,0.031659323465390944,1,68.46228
479,0,0,23,9,0.4925326852826979,1,0,1,0.47572893211301676,0,22.40383
768,1,1,25,6,0.0,2,1,1,0.10603057592000034,0,0.115255065
742,1,1,31,4,0.419449586084932,1,1,1,0.09845270223306325,0,3.7617517
668,0,1,56,9,0.44238595040719525,1,1,0,0.6719894749948621,1,96.2297
707,2,1,44,3,0.0,2,1,1,0.6753916499025657,0,8.06818
754,2,1,39,7,0.6285100855092202,2,1,0,0.6680103449879464,1,3.3083315
544,0,1,47,5,0.41947393860192406,1,0,0,0.4996002118202288,1,95.19206
718,2,1,32,8,0.0,2,1,1,0.20695851453813838,0,1.8291607
762,1,1,31,7,0.469064351984505,1,1,1,0.796740338702346,0,3.160809
772,1,1,23,2,0.0,2,1,0,0.09177181420825688,0,1.1269383
691,0,0,37,7,0.4905084371108605,1,1,1,0.49080117151187935,1,62.158936
502,1,1,45,0,0.0,1,0,0,0.4232985750139138,0,40.54366
563,1,0,34,6,0.0,2,0,0,0.1826441925203857,0,1.3192475
676,1,0,41,4,0.40437589620550723,1,1,1,0.39548821912492643,0,15.376433
576,2,1,52,2,0.4007580528014382,2,1,1,0.08317084281548887,0,9.479456
629,2,1,35,4,0.6958554367631894,2,0,1,0.7921184473117183,0,2.023341
625,2,1,52,8,0.4829114880866571,1,1,0,0.24490688860786203,0,89.679596
628,1,1,45,9,0.0,2,1,1,0.48430115075989755,0,6.1610966
471,0,0,36,5,0.3589654269588103,2,1,1,0.48182161396413353,0,14.404514
811,1,0,45,5,0.0,2,1,1,0.7306278249572834,0,12.849739
504,1,1,42,3,0.537815851846461,2,0,0,0.6759011985644628,0,1.0492076
687,1,0,24,3,0.44039900821883504,1,1,0,0.7930948905620486,0,44.278847
660,0,0,37,2,0.5308932005022438,1,0,0,0.3571456074055072,0,38.785286
548,1,0,41,4,0.3292045786398773,1,0,1,0.27832913043195623,0,14.445732
609,0,1,31,9,0.4138642506206405,1,1,1,0.7511043804683346,0,13.854241
659,2,0,42,2,0.0,1,0,0,0.8136913575246435,1,61.717308
526,1,1,52,8,0.3730218512225422,1,0,1,0.10609578214719505,1,61.290516
725,0,1,40,8,0.4151074246918341,1,1,0,0.31011121562109184,0,31.902254
519,0,1,38,1,0.45493227947649983,1,1,1,0.3049122691217011,1,69.7963
562,0,0,31,9,0.4669346028102486,1,1,1,0.5433690417434864,0,14.884615
482,0,1,45,7,0.6231751704447013,1,1,0,0.36319653526911816,1,73.050644
535,2,1,37,3,0.6996258122172234,2,1,1,0.046154107717287,0,2.2226405
561,1,0,27,9,0.5406059488137196,1,1,0,0.7654171973423461,1,15.50892
661,1,0,30,7,0.0,2,1,0,0.3609594216247652,0,0.8874198
771,1,1,27,2,0.0,2,1,1,0.997674077874437,0,0.8459271
545,1,1,26,7,0.0,2,0,1,0.783008027266604,0,0.26701438
850,0,0,33,2,0.3324658230758154,1,0,1,0.3745660710597862,0,6.5142384
601,0,1,43,3,0.5654053404711052,2,1,1,0.5562433212371781,0,15.505828
712,0,1,38,7,0.5291696720369614,2,1,1,0.29554917494620736,0,3.1298525
589,1,0,31,10,0.4409572029822946,1,1,0,0.7411071757352826,0,46.05172
600,2,1,37,8,0.7080857012502567,1,1,1,0.3856905334459441,0,22.290829
642,0,1,41,4,0.6288512598880287,1,1,0,0.33739732144419793,0,37.127884
575,0,1,47,9,0.43011861907757054,2,1,1,0.31723329577974696,1,19.322004
570,0,0,57,5,0.3450355082416132,1,0,1,0.5182931469955381,0,83.97296
532,0,1,52,9,0.5490506523983504,1,1,0,0.8159799760877163,1,93.76191
796,1,1,30,2,0.547085511890505,2,1,0,0.3144985846148307,0,0.5053072
833,2,1,32,6,0.0,1,1,1,0.22157936082895915,1,23.845097
642,2,0,36,6,0.0,2,1,1,0.4896818146132955,0,5.3624024
655,1,1,28,10,0.0,2,0,1,0.6328285851298799,0,2.0683894
736,0,1,50,9,0.46357072706292823,1,1,0,0.926832612514495,1,86.61879
617,1,0,34,0,0.5230994385011062,2,1,0,0.9161746946833421,0,7.976185
762,0,1,28,3,0.49883133825371095,2,1,1,0.5301128257748615,0,3.8401685
703,0,1,35,5,0.5607499044731667,2,1,0,0.8390735315222604,0,2.1629858
507,1,1,41,3,0.23443909038924932,2,1,1,0.692688701771019,0,2.9774652
581,0,0,26,3,0.41889298559427063,1,1,1,0.9226302111851681,1,10.274649
593,1,1,31,9,0.0,2,0,1,0.10241268041097924,0,1.0056545
648,1,1,23,9,0.671079321488657,1,1,0,0.6733900087458352,0,6.989732
462,0,1,34,1,0.377374574672928,2,1,0,0.692399224125904,0,6.5033617
596,2,1,36,2,0.0,2,0,1,0.6277918041172932,0,6.8531103
627,1,0,44,5,0.0,2,1,0,0.41482976624267615,1,4.3587637
494,1,1,40,7,0.0,2,0,1,0.790376030910952,0,2.4591901
627,1,1,73,0,0.5832237702566808,1,0,1,0.2180412729415659,0,0.5576301
850,2,1,37,2,0.0,2,1,0,0.5998493356115508,0,3.1414487
632,1,0,49,5,0.6694459092932913,1,0,0,0.7010150969417579,0,73.238495
490,1,1,33,1,0.0,2,1,1,0.4039448267309528,0,1.067797
715,1,1,40,7,0.0,1,1,1,0.7068051498918145,0,8.910253
679,1,1,48,8,0.0,2,1,0,0.11667794274353199,0,2.8660488
619,1,1,44,3,0.4661959762228561,1,1,0,0.025320368095153083,1,35.931725
465,2,0,33,6,0.0,2,1,1,0.47749260054335185,0,4.4163523
736,2,1,32,7,0.0,1,0,1,0.3953929600276826,0,4.858861
501,0,0,34,7,0.37164260596802473,1,0,1,0.9990656607706035,0,21.483608
535,1,0,29,5,0.0,2,0,1,0.2635150156839978,0,0.77204335
759,1,0,33,2,0.0,2,1,0,0.28288851585326397,0,1.0924377
819,1,1,35,1,0.0,2,0,1,0.016868910980998682,0,0.3751717
533,0,1,43,4,0.3206164702170511,2,0,1,0.06263518165984851,0,12.966917
632,0,0,35,2,0.6000883864839307,2,0,0,0.3235860524680107,0,5.0181975
686,1,1,60,9,0.0,3,1,1,0.37620907796694586,1,77.67083
687,1,0,34,9,0.500101216394274,1,1,0,0.9946862925409375,0,18.106283
667,0,0,33,4,0.5064872355146267,2,1,0,0.3450333506849904,0,2.9885755
699,2,0,25,8,0.0,2,1,1,0.2619894699943845,0,1.2612829
497,2,1,37,8,0.5127584271366913,2,1,1,0.8182278907635678,0,1.2320656
780,2,0,33,6,0.5802380161602665,1,1,1,0.7730087223329828,0,13.071394
652,1,0,51,3,0.0,1,1,0,0.8699725323768419,1,78.5685
477,1,1,47,9,0.5775276328329164,1,1,0,0.30654822535552145,1,67.03311
652,1,0,37,4,0.0,2,1,0,0.7169767712816573,0,1.8229146
488,1,0,31,8,0.38895712597891846,1,0,0,0.6210540606627932,0,9.338609
572,1,1,24,1,0.0,2,1,1,0.7573186239285851,0,0.9904977
755,1,0,38,1,0.0,2,1,0,0.10362604628742045,0,1.0233996
779,0,0,24,10,0.4870515754025868,2,1,0,0.21849076586814037,0,13.303309
693,2,0,46,3,0.6046651451192794,1,1,0,0.9037096042672074,0,85.87135
530,2,0,22,7,0.0,2,1,0,0.5208442406249797,0,1.9158566
738,2,0,33,3,0.4867888791022682,2,0,1,0.1392933525151652,0,2.291546
690,0,1,31,2,0.5470765042491955,2,1,0,0.2769049444221923,0,7.6513915
611,1,0,30,9,0.3531080686983309,1,1,0,0.9816981021687571,0,17.00089
643,2,1,34,6,0.0,2,1,1,0.58022861183243,0,2.2382903
632,0,1,41,8,0.5069999536465185,4,1,0,0.4693612740016671,1,80.9326
727,2,0,31,10,0.38659955522180345,2,0,0,0.3830488811681515,0,3.7534251
508,1,0,64,2,0.0,1,1,1,0.030328096333199817,0,12.396971
550,1,1,31,5,0.5667647370292855,2,1,1,0.6111090109105419,0,0.47425792
754,0,0,39,3,0.6407438573964434,1,1,1,0.12073378007599724,0,50.852745
759,1,1,26,4,0.0,2,1,0,0.6769798515758254,0,0.18737522
794,2,1,33,8,0.0,2,0,0,0.4566858134951888,0,1.3519639
549,1,1,29,3,0.0,2,1,0,0.7304637592890121,0,0.45881587
671,1,1,31,0,0.4632741923224685,1,1,0,0.8605046781967677,0,5.5630927
756,0,0,26,5,0.6183527343711545,1,0,1,0.6751794296355302,1,5.2690125
632,1,0,21,1,0.0,2,1,0,0.4200255124364377,0,0.1604429
579,1,1,38,8,0.0,2,0,0,0.4588042658073846,0,1.1169754
748,1,1,34,5,0.33483503202435705,1,1,1,0.68501301874329,0,6.381024
488,0,0,28,7,0.5549911519852543,2,1,0,0.5339905460971522,0,10.628705
710,0,1,58,7,0.6780163212880577,2,0,1,0.05242030613923629,0,24.78214
619,2,0,41,8,0.0,3,1,1,0.39931388447596744,1,63.524883
773,1,1,64,2,0.5802287295212172,1,0,1,0.9308952504964224,0,14.018172
657,2,1,75,7,0.5032878090064377,1,0,1,0.4583538727948519,0,1.0927845
579,1,0,26,10,0.6476046110992716,1,1,1,0.09224190910231926,0,7.405309
542,1,1,29,9,0.0,1,1,0,0.041657828322604805,0,5.728736
709,1,0,32,2,0.3500022260033945,1,1,0,0.6929001219616473,0,14.593215
617,2,1,61,3,0.4538055670332126,1,1,1,0.19060640291147804,0,38.707733
568,0,1,43,5,0.3491961218198194,4,1,1,0.5357702660604087,1,91.185394
769,1,0,73,1,0.0,1,1,1,0.1489168715612341,0,1.2162887
608,0,1,26,1,0.42506891941664443,1,0,1,0.03526346766116164,0,7.81767
503,2,1,31,4,0.0,2,1,1,0.10817773097330795,0,0.88355
608,0,0,38,8,0.413129928569803,2,1,1,0.6854068563547818,0,17.549595
731,0,1,37,3,0.46584862403695465,1,0,0,0.8636163253590717,1,24.02907
850,0,0,40,4,0.39055893171606054,2,0,0,0.5334481442977804,0,1.2797469
591,0,0,34,4,0.6003844030857309,1,1,1,0.3613508090022597,0,45.25281
579,2,1,37,4,0.0,2,1,1,0.16119064370647396,0,1.8012388
570,1,1,39,10,0.5168428743319649,2,1,0,0.402742361895561,0,2.6433606
709,1,0,37,9,0.0,2,1,0,0.08361803552239239,0,1.8957062
611,1,1,53,3,0.3330765092711547,1,0,0,0.006120134472842155,0,78.98657
775,2,1,48,4,0.710028960363947,2,0,0,0.2508081021737576,1,31.005085
699,0,1,36,6,0.5864442411658056,1,1,1,0.16839768197862895,0,32.591103
618,1,1,37,5,0.0,1,0,1,0.8935546844723671,1,18.912758
704,1,1,36,3,0.4558440839465937,1,0,1,0.33402639952115426,0,13.913633
835,0,0,47,5,0.43160663359374324,2,1,1,0.22926174449659942,1,24.455437
714,0,1,39,3,0.5974038702327308,2,1,0,0.3192043840186738,0,1.6805238
581,2,0,43,4,0.6782550636395838,1,0,1,0.5011700617408963,0,35.91229
592,1,1,27,3,0.0,2,1,1,0.09817972616384864,0,0.90328074
551,1,1,43,7,0.0,2,1,0,0.8919956855879736,0,2.3055012
689,0,0,28,2,0.25830535417786565,2,0,0,0.3929353753283438,0,28.40614
604,1,0,56,0,0.25003239363041785,1,0,1,0.6247745659710502,0,76.28236
514,1,0,41,7,0.0,2,1,1,0.01872713844172118,0,2.3110318
698,1,1,29,5,0.37930759058389013,1,1,1,0.7636311767773822,0,3.8667717
581,0,0,54,2,0.6078523355837424,1,1,0,0.9380215810609913,1,96.02697
573,0,1,31,0,0.5366489238718398,1,1,1,0.35188315484128735,0,18.462662
449,2,0,33,8,0.0,2,0,0,0.7839814202256316,0,6.8892083
850,0,0,31,3,0.2044394598619703,1,0,0,0.17763246390030246,0,22.57502
612,1,1,41,5,0.0,3,0,0,0.7562954262132033,0,36.362286
690,2,1,49,8,0.4648211152185336,1,0,1,0.25502290468739763,0,27.290749
599,2,0,49,2,0.0,2,1,0,0.5559478430190082,0,25.339264
498,1,1,33,1,0.7896188448465271,1,1,0,0.3482971123742318,0,3.8194363
497,1,0,29,4,0.3413609485827493,1,0,0,0.31613739112085204,1,11.628585
802,2,1,51,7,0.0,1,0,1,0.2042405549729999,0,65.3618
644,1,1,33,9,0.5629177169104795,1,1,0,0.47835303271462426,0,7.138468
714,1,1,34,10,0.0,2,1,1,0.4011511099309984,0,2.05121
690,1,0,40,9,0.3094562816321161,1,0,0,0.945290325226059,1,21.050076
522,2,1,30,3,0.0,2,1,0,0.7274658229860952,0,5.613264
502,0,0,40,7,0.46753759663933675,1,0,0,0.9814274263192134,0,42.659714
730,2,0,62,2,0.0,2,1,1,0.8144653814439279,0,21.503582
590,0,1,36,6,0.3680406255782976,2,1,1,0.8733634062052925,0,6.771298
458,0,1,35,9,0.5850204758433992,2,1,1,0.017325654600014298,0,2.8770869
553,2,1,41,6,0.5778224537301181,1,1,1,0.09667593255155865,0,15.5701685
479,1,1,47,1,0.0,1,1,0,0.47634174063623075,0,70.8628
693,1,1,31,2,0.0,2,1,1,0.5387901044549754,0,3.1453555
707,2,1,43,10,0.0,2,1,0,0.5918396206837753,0,13.4409485
636,2,1,37,1,0.4589005041847868,1,1,0,0.26238720797836196,0,30.96942
807,1,1,33,10,0.4063521169092998,2,1,0,0.8907954209627018,0,2.0960033
513,1,0,45,0,0.6562406274196827,3,1,0,0.24954353140724936,1,93.31388
582,1,1,31,2,0.0,2,1,1,0.1686933602159006,0,0.60539174
694,1,1,32,0,0.3665093265556546,1,1,1,0.2997797789688915,0,20.331985
777,1,1,39,8,0.0,2,1,1,0.09301858327470272,0,1.139873
598,0,1,32,9,0.4939798465584175,2,1,0,0.9945091756262723,0,3.2361374
762,0,1,46,6,0.492517778832035,3,0,1,0.2850401713363626,1,92.39967
588,1,0,34,3,0.48138222176183176,1,1,1,0.6586526013234263,0,9.646547
663,0,1,42,5,0.35970297741206403,1,1,1,0.3958285516266803,0,26.274849
777,1,1,36,7,0.0,1,1,0,0.5323546398681074,0,5.6246243
592,1,1,71,4,0.0,2,0,1,0.08501791921128467,0,1.9216543
631,0,1,48,1,0.42406253471279914,1,1,1,0.7533211421690772,1,87.4971
725,0,0,47,1,0.4180479412976002,1,0,0,0.43309626069289614,1,94.23056
850,1,1,34,2,0.2872868023825929,1,1,1,0.5788370289362633,0,4.6707554
540,1,1,37,6,0.0,2,1,0,0.7100043554159422,0,0.9253869
674,2,1,36,2,0.0,2,1,1,0.9139652336798164,0,1.81074
553,1,1,38,3,0.39794914341516113,1,0,0,0.9396103327867811,0,11.352579
630,1,0,28,1,0.0,2,1,1,0.6663446359127296,0,2.8700597
466,1,1,26,3,0.6250175519470874,1,1,1,0.6873881955726772,0,1.5514467
613,1,1,47,6,0.5820480339248497,1,1,1,0.38570963527016827,0,58.371758
558,1,1,27,1,0.6069531657255742,1,1,0,0.9163853648023386,0,4.490652
775,0,0,33,1,0.47388603077847274,2,1,1,0.13176668371829509,0,5.3732243
698,0,1,52,8,0.3857398436153899,1,1,1,0.7668838874112477,0,58.06185
608,0,1,33,1,0.4096191804409512,2,1,0,0.3535037596090427,0,2.4997678
670,2,0,20,4,0.0,2,1,0,0.5987954849688145,0,0.36368108
591,2,1,39,8,0.0,2,0,0,0.2119235386979456,0,5.760445
633,1,1,40,4,0.600156023507393,1,0,1,0.1733117512722465,1,13.307506
678,1,0,46,1,0.0,2,0,0,0.41051225392024937,0,5.2154517
590,1,1,47,3,0.0,2,1,0,0.8588966246276519,0,5.185739
705,1,0,48,0,0.0,2,0,0,0.7488766677217673,0,24.163767
608,1,1,42,10,0.6518505979858198,1,1,0,0.19429490516344308,0,28.02042
682,1,0,37,8,0.5921931091623696,1,1,0,0.17585479413283966,0,15.944486
596,0,1,32,3,0.3854515990934806,2,0,0,0.2089039003224808,0,2.0011127
395,0,0,34,5,0.4225284855695793,1,1,1,0.08683324257466588,1,22.886272
578,0,1,37,1,0.5406612700798161,1,1,0,0.9971782805257902,0,41.504158
547,0,1,55,4,0.4438565474930479,3,1,0,0.08456157563047269,1,98.02813
609,1,1,37,1,0.1568159805441325,1,1,1,0.8914866869786064,1,24.046928
774,0,1,36,9,0.521366145114935,1,1,0,0.7614662200240122,0,25.240204
712,1,0,27,2,0.5301336092275554,1,1,0,0.6340484016223549,0,9.9020195
585,0,0,28,9,0.5394121971992692,2,1,1,0.20188943044060706,0,4.3272357
666,1,0,32,10,0.4485349808761,2,1,1,0.17171119841944904,0,2.42805
708,2,0,35,8,0.48852779230005305,1,0,0,0.9950665288535054,0,38.733826
513,1,1,44,1,0.25333799870696505,2,0,1,0.2631158775663076,1,14.011107
445,1,1,37,3,0.0,2,1,1,0.9000900085958209,0,1.3112518
690,0,1,44,9,0.4000374414966651,2,0,0,0.17667062204440523,0,6.495672
850,1,1,37,6,0.0,2,1,0,0.5464503860118641,0,0.67724127
537,2,0,33,7,0.5423795773016846,1,1,0,0.3137047588044658,0,51.85492
705,0,1,48,9,0.455041965445014,1,0,0,0.866390840325251,1,94.65131
670,1,0,45,5,0.1908540634964579,1,1,1,0.2716692444128414,0,15.990448
652,2,0,36,1,0.0,2,1,1,0.09646521242778684,0,8.659612
696,2,1,24,9,0.0,1,0,0,0.0543648918471714,0,38.363964
747,1,1,49,6,0.8087133704365786,1,1,1,0.08644395539774048,1,45.28617
511,1,0,46,1,0.0,1,1,1,0.5788947844519151,1,65.05142
743,2,1,43,2,0.644911964056801,2,0,1,0.46613091550243047,1,16.002813
532,0,1,52,3,0.4415815600668782,1,1,0,0.7435369577794678,1,92.557556
642,2,0,33,9,0.0,2,1,1,0.7523896532118818,0,3.1597733
554,0,0,54,6,0.43346284541265345,1,1,0,0.2045332329237442,1,96.687614
604,2,0,34,3,0.0,2,1,0,0.19289902185658728,0,5.6304092
602,1,0,72,3,0.0,2,1,1,0.856327179245618,0,0.95726365
757,2,0,55,9,0.46749706225344323,4,1,0,0.47092442328242345,1,99.527466
491,0,1,26,4,0.4075405277098762,1,1,1,0.7295162187988953,0,2.578877
850,1,1,31,4,0.0,2,0,0,0.761506223844377,0,0.45976788
521,1,1,22,5,0.0,2,1,1,0.4991320171076337,0,0.7518352
726,1,1,37,2,0.5263408740975272,2,1,0,0.1736785863049921,0,0.83041936
596,1,1,33,8,0.0,1,1,0,0.6059464678876832,1,13.493443
850,0,0,35,7,0.4555044639837633,1,0,1,0.6483069633149965,0,14.191064
637,1,0,41,9,0.0,2,1,0,0.7273983665440048,0,1.436143
690,2,1,32,2,0.3032624919544027,1,0,1,0.7591278967141362,0,38.0148
689,1,1,40,8,0.6387943009052002,1,1,0,0.24824700758922474,0,12.003461
633,2,1,63,4,0.45657023534934055,1,1,0,0.3692587642119822,1,98.53021
555,1,0,27,8,0.4065402410994839,1,1,1,0.5837828512622956,0,3.233944
563,2,1,24,7,0.0,2,0,0,0.08154768780418528,0,3.9533384
494,1,0,33,1,0.5494382201155856,1,0,1,0.45135445435039045,0,10.834368
534,1,1,27,9,0.0,2,1,0,0.8067397936502936,0,0.73496526
696,0,1,42,7,0.6469503613997221,1,1,0,0.6053093570435977,0,51.0368
535,2,0,50,1,0.5591616101979892,3,0,0,0.3476313987985853,1,97.30979
600,1,1,34,0,0.0,2,0,1,0.01872503824115203,0,13.820885
807,1,0,34,1,0.0,1,0,0,0.5722373986715731,0,20.633202
714,1,0,52,2,0.0,1,0,1,0.7202362825649848,1,83.97216
590,1,1,24,7,0.503915912632097,1,1,0,0.29387571513079497,0,21.586906
614,1,0,41,3,0.49213224381261733,1,1,1,0.8961652837846014,0,21.72065
766,0,0,45,6,0.3892136444721441,1,1,0,0.6366645514646648,0,73.66239
557,2,1,42,4,0.0,2,0,1,0.4331953701578501,0,2.577197
788,0,0,49,4,0.5478558645065812,1,1,0,0.9209214980030592,1,94.514244
648,1,0,38,2,0.0,2,0,1,0.047704105742098366,0,4.6945086
726,0,0,33,7,0.39476709448047215,2,1,1,0.2802341623625056,0,3.7127495
773,1,1,33,9,0.0,2,1,1,0.00553417851404809,0,0.57208705
583,0,1,27,4,0.42211329707611567,2,1,1,0.9786957654456,0,0.501193
565,0,1,52,5,0.38948223958181594,2,1,0,0.875380398828088,1,27.726713
705,1,1,25,9,0.0,2,0,1,0.5616516877361788,0,1.7516967
685,2,1,43,4,0.38817425832137664,2,1,0,0.2197472358610247,0,10.624578
741,1,1,29,8,0.0,2,1,1,0.5799700871433222,0,0.64299697
658,0,0,28,9,0.6090623487807341,1,1,0,0.8334345429988563,0,43.269886
575,1,1,27,3,0.5552121979087207,1,1,0,0.499209674523917,0,7.0456357
844,1,0,41,10,0.3041858150454633,1,1,1,0.7058854120568514,1,14.499065
559,2,1,67,9,0.5018744861708593,1,1,0,0.8795808499711723,1,98.287186
725,1,1,37,6,0.4956130993265035,2,0,1,0.8849483125638498,0,0.65780675
450,1,1,29,7,0.4671211327276346,1,1,1,0.2173660084538073,0,3.5617318
738,0,0,57,9,0.5914139880459035,1,0,0,0.775251686536064,1,98.34792
642,0,0,19,3,0.4539910208164598,1,1,1,0.8807122080158655,0,3.3604848
618,2,1,32,5,0.5319932487329816,1,0,1,0.7742330392552488,0,20.054745
590,1,1,47,0,0.4698294833571671,1,1,1,0.0410183172492973,0,67.95224
735,1,1,50,2,0.0,2,0,1,0.7353907798194728,0,12.223961
550,1,1,34,8,0.4876860561194388,1,0,0,0.5824754764079969,0,8.569254
729,2,0,28,0,0.0,2,1,1,0.1557822772074733,1,44.49729
743,0,1,59,5,0.4327866744621293,1,1,1,0.96066994397965,1,71.85068
555,1,1,31,8,0.5814143104875769,1,1,0,0.6874639028027176,0,7.859858
667,2,0,36,3,0.4844300329269148,2,1,1,0.934239869907576,0,3.8127
790,2,0,41,7,0.4364667742189668,1,0,0,0.4338654341489612,0,35.692196
727,0,1,34,2,0.5835321823294869,1,1,1,0.36034511295828753,0,20.096899
744,1,0,39,6,0.0,1,0,0,0.0532600863382453,0,8.38591
629,0,1,35,8,0.4477149666623609,1,1,1,0.4549906516072285,0,28.860054
619,1,0,35,4,0.36035794453437253,1,1,1,0.10272796052022967,0,15.112262
634,1,1,34,8,0.4197029160325613,1,1,1,0.6158257613602098,0,7.531088
608,2,0,35,6,0.0,2,1,1,0.7173270047289516,0,7.3577156
507,1,0,35,1,0.0,2,0,0,0.4606437914820865,0,0.8905755
536,0,0,35,4,0.48434151092979627,1,0,0,0.38587105068534044,0,32.212673
730,2,0,43,1,0.4143530148037397,1,1,1,0.9682853712529546,0,59.04296
583,0,1,39,8,0.41030607287604304,1,0,0,0.2642767884332954,0,36.262527
644,1,0,24,8,0.3697140540208975,1,1,0,0.17944298680523987,0,19.428925
790,2,1,37,8,0.0,2,1,1,0.7471054985751139,0,2.4143248
807,0,0,40,1,0.5364337767577266,1,1,1,0.23123243269732258,0,40.303127
581,1,0,37,10,0.4155273960036922,1,1,0,0.4330303043940696,0,44.047173
627,2,0,55,6,0.0,1,0,0,0.4597057018945309,1,97.574684
850,1,1,41,3,0.0,2,1,0,0.6444654464501359,0,0.72414035
754,1,0,35,4,0.0,2,1,0,0.22411705317857852,0,0.92837584
551,0,1,50,1,0.48386171453118676,1,0,1,0.42252465110418047,1,88.28604
637,0,1,35,8,0.5864046633435911,2,1,1,0.4237860715698349,0,3.2968278
699,2,1,31,8,0.501907009335942,2,1,0,0.7383199595561376,0,4.2849135
542,1,0,25,7,0.0,2,0,1,0.4119468409233082,0,0.3654245
640,0,1,48,1,0.44479940042588617,1,0,1,0.6799849385616326,0,89.28227
553,1,0,27,3,0.0,2,0,0,0.7990192063342049,0,0.9522193
741,1,1,38,9,0.0,2,1,0,0.07184401110306034,0,0.5299982
598,1,1,35,8,0.4552151034708954,1,1,1,0.37159183702043547,0,11.101058
660,2,0,42,5,0.0,3,1,1,0.9451135583448218,1,23.974306
618,2,1,41,4,0.45935638649142374,1,0,0,0.6821859987628818,0,35.58477
647,1,1,43,9,0.0,2,1,1,0.39242152625575744,0,11.247081
491,1,0,68,3,0.4287462291960852,1,0,1,0.5684763394904213,0,13.584617
652,1,0,32,2,0.0,2,1,0,0.2731087318838949,0,2.044341
650,0,0,45,9,0.6072872455904308,3,1,0,0.7541901751617278,1,94.790215
413,0,1,39,1,0.5220038542342033,2,1,1,0.7944769225461031,0,7.3469744
416,0,0,25,0,0.3895564529805708,2,1,1,0.8026354016808604,0,21.537783
629,2,1,34,8,0.0,2,1,1,0.9030034368282169,0,3.1865149
678,2,0,40,4,0.45354757383764865,1,1,0,0.08304383068583047,0,48.027878
527,2,1,28,6,0.5117469407598919,2,1,0,0.3995801099004955,0,4.8316126
743,2,0,48,5,0.47113826175400547,2,0,0,0.932476851539322,1,40.42089
683,0,1,73,9,0.4971351515669171,1,1,1,0.25996442660274055,0,1.4580762
536,1,0,41,9,0.0,1,1,0,0.6064957203412925,0,31.254393
663,2,1,52,0,0.5432430753059938,1,1,0,0.7229776443650368,1,83.6169
646,1,0,38,2,0.0,2,0,0,0.8937911070507233,0,2.2668667
707,1,1,35,2,0.0,3,1,1,0.4707285545769621,0,17.773563
602,1,1,34,5,0.0,2,1,1,0.3870513134004297,0,1.6323305
635,1,0,47,2,0.5010996695909483,2,1,0,0.3161571430071572,0,5.616373
597,1,1,67,2,0.0,2,0,1,0.5432232278182566,0,2.5845623
503,1,1,38,1,0.0,2,1,1,0.475753734481643,0,2.9125159
524,2,0,64,5,0.0,1,1,0,0.6804052787041163,1,98.10258
700,1,1,46,5,0.3821187319520847,1,1,0,0.49135407431409694,1,23.659117
692,1,1,33,9,0.0,1,1,0,0.5675259487281035,1,13.907059
562,1,1,37,2,0.0,1,0,1,0.26259292762458813,1,10.3061075
679,1,1,37,7,0.2959768645508621,1,1,0,0.9731249334311427,0,9.888119
603,0,1,35,1,0.49186380813022534,1,1,0,0.7627243901792622,1,35.94535
720,2,1,33,3,0.4933633014105449,2,1,1,0.7145275373798198,0,2.0599077
797,1,1,24,5,0.0,2,1,0,0.9113171807907654,0,2.6709661
594,1,1,36,6,0.613317343308592,1,0,0,0.6771653692927674,0,10.273073
529,1,0,31,7,0.0,2,1,1,0.8785153482157545,0,0.7561613
606,0,0,32,1,0.42368536962557196,2,0,1,0.29527654891042093,0,9.609325
621,2,0,40,7,0.0,2,0,1,0.65642278837629,1,11.113622
513,1,0,43,9,0.0,2,1,0,0.7625139200793675,0,3.6179752
753,0,1,44,3,0.5503289004711037,1,1,0,0.07756495745343679,1,76.46028
605,1,0,30,9,0.5397502627461214,1,0,1,0.9321253679726413,0,8.205421
574,2,0,37,7,0.0,2,1,0,0.16126890118006268,0,6.3385434
726,1,0,38,5,0.5056858742926262,1,1,0,0.640264695278399,0,13.543746
611,2,0,28,3,0.3841467266649978,2,1,0,0.9071251804547334,0,7.921828
593,0,0,41,4,0.4770984904667868,2,1,1,0.5489109709977302,0,6.635195
466,0,1,41,2,0.6062309202911829,2,1,0,0.9094267502546493,0,12.5118065
741,0,0,36,0,0.5088735031821088,2,1,0,0.3712783570831014,0,19.73059
684,0,0,44,2,0.5331920223067461,2,0,1,0.2492911073007472,0,31.126785
550,2,0,33,9,0.2901099406535937,1,1,1,0.5180318720437801,0,10.44325
593,2,1,26,9,0.3038161828972074,1,1,0,0.837846214313467,0,15.390749
601,0,1,48,9,0.6521801740300216,1,0,1,0.2090445137510632,1,91.5529
676,2,0,30,5,0.0,2,0,0,0.8953605069284115,0,6.3248024
556,1,0,46,10,0.0,2,0,0,0.5459154349240353,0,7.8231454
719,1,1,36,3,0.6194673303411757,1,1,1,0.9992441278142062,0,8.212081
850,0,1,55,0,0.3934302170255661,1,1,1,0.4180678754821085,1,90.865234
649,2,0,49,2,0.0,1,1,0,0.42430187082866416,1,84.164474
509,2,1,41,7,0.5049213407722635,1,0,1,0.5738745550200044,0,10.83093
684,1,1,33,4,0.5607878880225832,1,1,0,0.5177811981044189,0,18.60241
806,0,1,30,8,0.6699087665434201,1,1,0,0.4251244993896917,1,26.16102
729,2,1,44,4,0.4293652853236149,2,1,0,0.7653395399260629,0,11.722692
683,1,0,33,9,0.0,2,1,1,0.1938827157993588,0,2.9107342
689,2,0,63,1,0.0,2,1,1,0.9326617691989584,0,12.908477
672,0,0,21,1,0.14245501031913,1,1,0,0.1439055429793545,0,3.1620986
602,0,0,53,5,0.3916683462994876,1,0,1,0.22515505230749536,1,93.992
739,1,0,20,4,0.5332881569564759,1,0,1,0.7512428936963479,0,0.88224393
618,1,0,21,2,0.5009316332380211,1,0,0,0.28877967845929287,0,5.2249327
674,1,0,42,9,0.0,2,1,0,0.02140774443959398,0,3.0303814
762,1,1,26,6,0.5198476401314973,1,1,0,0.8668543345889532,0,2.706639
790,2,1,37,6,0.0,2,1,1,0.5974192035339374,0,2.1924436
754,2,0,27,8,0.0,2,0,0,0.6091060696296496,0,1.7895619
729,1,1,44,6,0.0,2,1,0,0.7586817041027417,0,2.457589
606,0,0,47,0,0.5465892546252545,2,0,1,0.2688888788879338,0,81.056465
616,1,1,23,8,0.29140496844754776,1,1,1,0.31363730236237564,0,14.312126
772,1,1,47,9,0.6072067348141232,1,0,1,0.08830943355090409,0,27.77516
652,2,1,41,8,0.45893007794519286,1,1,0,0.9445594554279932,0,35.369564
743,1,1,43,5,0.0,2,0,0,0.5653920449402918,1,1.8642645
793,1,1,39,3,0.5492968081183879,1,0,0,0.4199711572455169,0,7.6561875
743,2,1,45,7,0.6270763559818252,1,1,0,0.6271240903506284,0,70.26074
746,1,1,37,2,0.0,2,1,0,0.7159807261593482,0,0.967087
627,0,0,39,5,0.49656388376651256,1,1,0,0.4656496195386659,1,41.337757
713,2,1,38,6,0.4662481886569962,2,0,1,0.38017030626424825,0,3.5318856
678,2,0,40,3,0.5117551114079825,1,1,0,0.8433141365000356,0,48.027878
540,2,1,39,1,0.0,1,0,1,0.5420909196828297,0,19.050793
615,0,0,33,3,0.5486580228649808,2,1,1,0.8583119187882442,0,15.69979
415,2,1,53,5,0.6666429385731873,1,1,1,0.11173902107651279,0,31.638367
628,1,0,45,8,0.0,2,1,0,0.9695499920242382,0,4.246184
700,1,1,26,4,0.4743343004324984,1,1,0,0.7096420208129876,0,4.1947346
623,0,1,33,2,0.318863846273202,1,1,1,0.5203898972351859,0,16.990091
623,1,0,37,4,0.5588399656609583,1,1,1,0.4691485536868771,0,13.659777
679,1,0,44,3,0.47327080090565865,2,1,0,0.007787393696097977,0,4.826332
632,2,1,37,1,0.5508494703965263,1,1,0,0.3038616687893694,1,30.96942
790,1,0,47,10,0.592416666065493,1,0,1,0.08054959248608241,1,57.37291
514,1,1,45,1,0.7127507028849842,1,1,0,0.3018468263719185,0,44.697155
491,1,1,33,5,0.33134688271241924,1,1,0,0.9397645975190629,0,7.7312326
753,1,1,92,3,0.48431341187172855,1,0,1,0.9778554351940609,0,0.8395528
693,0,0,37,6,0.3822270627887203,1,1,1,0.1909415349165845,0,57.47849
679,1,0,30,1,0.44856228279776866,1,1,1,0.8972038329660481,0,7.666888
529,2,1,34,9,0.0,1,1,1,0.4660277056458892,0,6.18765
619,2,0,31,3,0.564977676792996,1,0,1,0.3076307787393696,0,27.489418
680,2,0,37,6,0.49478483475103385,2,1,0,0.4641181732855488,0,11.506999
693,0,1,45,2,0.4645176453914018,2,0,0,0.11565454500904834,1,9.225562
834,1,0,28,6,0.0,1,1,0,0.37141522015352463,0,12.343032
636,2,0,29,6,0.6280496993819285,2,1,1,0.5055023254720825,0,4.118651
538,2,1,43,5,0.0,2,1,0,0.6346713611149865,0,9.130622
566,0,0,44,5,0.5636909790744122,2,0,0,0.3420184627631939,0,9.221284
597,2,1,35,0,0.5082182570620606,1,1,1,0.7767979842074918,0,44.995358
711,1,0,29,9,0.0,2,0,1,0.0161176392345469,0,2.5272868
606,1,1,31,10,0.0,2,1,0,0.9760823158611647,0,2.6319904
615,2,1,51,6,0.3261024824860166,1,1,1,0.8457697710131317,0,53.218937
589,1,1,36,1,0.40213753719687545,1,1,1,0.3403503034539798,0,15.32454
606,0,1,45,5,0.25441576697534846,1,1,1,0.4685258442181228,0,76.13451
582,1,1,29,4,0.0,2,0,0,0.7807830147779112,0,0.56230587
710,1,0,36,4,0.4626781335800524,1,1,0,0.2929781294113588,0,12.4798355
467,1,1,57,1,0.0,2,1,1,0.5722405989772024,0,15.9477415
749,1,1,30,1,0.0,2,0,1,0.6327607786543614,0,0.67747766
564,0,0,33,2,0.461388566170432,1,0,1,0.5617467968190962,1,29.707256
730,2,1,26,6,0.0,2,1,1,0.9290743265981901,0,0.7945384
678,0,1,32,4,0.5565048741502976,1,1,1,0.5911761573230243,1,11.330032
540,1,0,31,7,0.0,1,0,1,0.9152875099572009,1,5.204392
767,1,0,35,6,0.4606509360035384,1,0,1,0.1395676787133171,0,4.982458
615,1,0,23,4,0.0,2,1,0,0.9824168708111624,0,3.9000635
583,0,0,41,5,0.3094786413081105,1,1,0,0.9521806332504753,0,44.327755
850,1,0,40,5,0.0,2,1,0,0.1751295748744005,0,0.9065754
651,0,0,34,10,0.5937169948165011,1,1,0,0.331920948450577,1,47.342434
798,1,1,22,8,0.0,2,1,0,0.5380706357457137,0,0.5669185
695,1,1,37,2,0.0,2,1,1,0.4984529522569405,0,3.3051424
497,0,1,41,5,0.32101802767809035,1,0,0,0.44363056671912166,1,58.429573
739,1,1,40,4,0.0,2,0,0,0.8666331134623355,0,0.6553713
549,1,0,34,4,0.0,2,0,0,0.6973265446850174,0,0.9371079
850,1,1,35,9,0.4067407209038539,1,1,1,0.01879244467846679,0,6.2646956
648,2,1,49,5,0.0,1,1,0,0.7497458507287446,1,72.249565
679,1,0,24,6,0.4581492031286488,2,0,1,0.6788481800011901,0,1.9969376
606,0,1,39,8,0.5420545449349575,2,1,0,0.15849988673918358,0,2.739774
850,1,1,32,4,0.62177308723235,2,1,1,0.7584010773028823,0,0.55879134
619,0,1,41,3,0.5897779453004207,2,1,0,0.8526176749879613,0,3.4774408
719,2,1,44,2,0.0,2,1,0,0.9829469214309966,0,11.351499
640,0,1,26,5,0.36031669272571987,1,1,1,0.016436919725833814,0,4.667522
710,1,1,40,5,0.0,2,0,0,0.8144146766016154,0,1.2378064
580,1,1,31,2,0.0,2,0,1,0.32004386418903,0,0.6196378
550,1,1,44,9,0.0,2,1,0,0.1312396833897637,0,3.5069883
841,1,0,31,3,0.6484770370312505,2,1,1,0.6339754446549645,0,1.137382
760,1,1,34,2,0.0,2,1,0,0.8208326895218493,0,0.7636314
687,1,0,30,6,0.0,2,0,0,0.896062273947162,0,2.9307199
753,0,0,35,5,0.32863526382365055,2,0,0,0.0912245619456658,0,3.2998369
661,1,1,35,9,0.39899861334137704,1,1,0,0.4197305842707978,0,6.8650336
699,1,1,28,7,0.0,2,1,1,0.11337682748702499,0,1.3035585
617,0,0,39,5,0.3322021702118179,3,1,0,0.03971399268630153,1,77.67106
595,0,0,44,4,0.38483162625909195,2,1,0,0.7197720382296509,1,10.148638
669,1,1,50,9,0.8011605030552447,1,1,0,0.7901800621959396,1,60.561226
613,1,0,27,5,0.4988788077262765,1,1,0,0.9955597759586039,0,22.194805
782,1,1,32,9,0.0,1,1,1,0.43781876169174155,0,5.057133
582,1,0,43,5,0.6110595341718227,1,0,0,0.852842196429759,0,53.870594
679,1,1,30,9,0.0,2,1,0,0.7893752353349743,0,0.8235304
611,1,0,40,2,0.5017148197501224,1,1,0,0.4660037533584457,0,24.68811
455,0,0,37,6,0.6777955942191509,1,0,1,0.2719608722633011,0,48.47659
621,1,1,32,1,0.0,2,1,1,0.8439200443642367,0,2.692404
596,0,1,48,2,0.5234255470019721,1,0,0,0.005642738881563188,1,93.45023
585,2,0,56,1,0.5120517258620821,1,1,0,0.9324156956989392,1,98.8717
742,1,1,32,6,0.6396428127452067,1,1,0,0.14507110429045972,0,5.645476
850,0,1,42,6,0.33657362636758215,3,0,1,0.3000774573971814,1,14.344351
738,0,0,40,1,0.45998429083298326,2,0,0,0.9023122708218634,0,3.5004694
619,2,1,46,8,0.24870846964199692,1,1,1,0.6624973184939162,1,44.32291
628,1,0,50,4,0.5701699841557184,1,0,1,0.548038487675573,1,77.97846
487,1,1,24,7,0.5325990723962866,2,1,1,0.4928392161451418,0,0.5768494
513,2,0,41,9,0.42700620000734163,2,1,1,0.8027516627837957,0,1.8621911
563,2,1,26,7,0.0,2,0,0,0.03064372647587844,0,1.7072254
803,1,0,65,2,0.6044666182990871,2,0,1,0.03459625394225148,0,4.3048406
607,2,0,32,7,0.0,3,0,1,0.05332029208789439,0,43.064358
628,0,0,51,9,0.6213830483922776,2,1,1,0.35577527653890945,0,47.87042
521,2,0,49,4,0.33057346112120667,2,0,0,0.31203694952868,1,50.974125
669,0,0,50,4,0.44899062404181717,1,0,0,0.8319526514782161,1,82.31488
686,1,0,41,10,0.0,1,1,0,0.665437899319385,0,34.174004
700,0,1,35,4,0.3820411307236337,2,1,0,0.9647010789530399,0,2.2241592
663,1,0,42,1,0.32773732952690077,2,1,0,0.35677507201937786,0,1.5606179
671,2,0,31,4,0.0,2,0,1,0.39633004951972917,0,0.57408327
651,0,0,35,1,0.6524592514833414,3,1,1,0.14787362193089437,1,63.593517
728,1,1,34,4,0.423789914064312,1,1,0,0.44338769352473156,0,7.180895
574,1,0,34,7,0.6097810868149695,1,1,1,0.6734624156606956,0,4.809568
464,1,1,38,3,0.4640914165588108,1,1,0,0.37785058473084177,0,16.204212
604,2,1,27,9,0.40395995043246447,1,0,0,0.15121804132294633,0,20.253267
836,2,0,37,10,0.0,2,1,0,0.556617306952814,0,7.5212846
511,0,0,75,9,0.4209245674209796,1,0,1,0.527118339801451,0,9.180596
518,1,0,45,8,0.0,2,1,1,0.18092472831155373,0,6.6657467
756,1,1,67,4,0.0,3,1,1,0.46539589530800185,0,15.885379
489,1,0,47,8,0.41408995979204155,2,1,1,0.5381207905354961,0,11.397874
622,2,1,27,9,0.557337562832782,1,1,1,0.7636844818680184,0,9.4035845
652,1,0,36,6,0.4484637965956617,2,0,1,0.5521013756813775,0,2.073974
625,1,0,37,7,0.46192228884643965,1,1,0,0.24239649886564163,0,13.337668
521,2,0,39,3,0.5835384398502197,1,0,0,0.3649453022763674,0,58.029427
546,1,1,34,4,0.6590855673711985,2,1,1,0.1286750384661735,1,1.0402819
697,1,0,45,1,0.0,2,1,0,0.23400254724326172,1,6.553123
571,0,1,33,3,0.28634394944975466,1,1,0,0.13381507934007697,0,32.56844
748,2,1,35,5,0.42045967747303303,1,1,1,0.7502997536264714,0,14.961189
591,1,1,35,7,0.7294884149974996,1,1,1,0.28011280077247375,0,15.304863
814,0,1,29,1,0.5259847534112357,2,1,1,0.7384822250524925,0,0.88198334
709,1,0,45,3,0.4149832308408566,1,0,1,0.8701852026868565,0,64.52592
433,2,1,27,2,0.0,2,1,1,0.7685087425849167,0,0.5704993
781,1,1,20,0,0.49830231868245795,2,1,1,0.54150106335155,0,2.7709749
656,1,0,30,4,0.2962286400825132,1,1,1,0.11459844415141646,0,2.9000664
683,1,1,38,7,0.43581890161061015,2,1,0,0.5133207221289633,0,1.7913384
620,1,1,32,6,0.0,2,1,0,0.2806643534457541,0,1.196089
637,0,0,39,3,0.4372229776639592,1,1,1,0.4419407553421351,1,42.861485
525,2,0,30,5,0.0,2,0,1,0.7459905420967702,0,2.3169382
793,0,0,34,5,0.5092031190831305,1,1,0,0.7167957039897309,0,43.285675
638,0,1,50,1,0.40911224154795284,1,1,0,0.8418223940386307,1,89.703094
520,1,1,31,4,0.37166245466436193,1,1,0,0.3866577758175906,0,11.640763
641,1,1,35,5,0.0,2,1,0,0.4657312273322102,0,0.5586308
840,0,0,51,1,0.3498624879926348,1,0,1,0.18339516423818472,1,95.717606
504,2,1,40,5,0.0,2,0,0,0.7335289520149173,0,2.774172
686,1,1,38,0,0.5505475948421927,1,0,1,0.5796367053053567,0,38.20528
533,0,1,38,4,0.2804426291168658,2,1,1,0.5209391496887953,0,4.1111135
577,1,0,32,1,0.0,2,1,0,0.04945877331285137,0,1.3632308
445,0,0,48,7,0.6707367919779701,1,1,0,0.08317889358433729,1,95.9058
720,1,1,44,3,0.3431762673043865,1,1,0,0.9007025170903821,1,30.627918
643,0,1,25,4,0.458922983431241,1,1,1,0.7405075684727892,0,4.6901116
652,0,0,47,0,0.5045789308320363,2,1,1,0.19395457266168917,1,55.207462
663,1,0,33,2,0.0,2,1,0,0.7664902998236331,0,0.92591774
525,0,0,30,0,0.6296947497687209,2,1,1,0.5034285274243689,0,53.524303
662,2,0,54,1,0.7492968559465718,1,0,0,0.5572088634464591,1,97.402374
724,0,1,54,8,0.686304507140728,1,1,1,0.6845175214232959,0,63.17566
581,0,1,38,1,0.5305160752718365,1,1,0,0.5286570867517847,1,47.204765
685,2,1,38,4,0.0,2,1,1,0.17938378115109993,0,9.063198
595,1,1,46,10,0.0,1,1,0,0.367422938890664,1,49.591286
588,1,0,21,8,0.0,2,1,1,0.5505656290175711,0,0.7682077
647,0,1,35,3,0.7668769818056408,1,1,1,0.20068766567207166,0,22.673178
785,0,0,38,9,0.42726411348926574,1,0,0,0.7320045564351395,0,34.48726
794,0,0,55,6,0.4615288223198511,1,1,0,0.8026505531278236,1,91.12572
823,1,1,37,5,0.6570722798248485,1,1,1,0.8676085066123814,0,18.458084
687,0,1,38,4,0.46884884615901223,1,0,1,0.44196730787790234,0,52.361614
850,1,0,28,9,0.0,2,1,0,0.9291378826677947,0,0.8711315
496,1,0,36,7,0.0,2,0,0,0.5404851163286093,0,1.1181916
527,0,0,30,6,0.5048404712845762,1,1,1,0.8113591347973731,0,12.536852
576,0,0,71,6,0.5590854438150566,1,1,1,0.9657105753599468,1,22.54669
525,2,0,60,7,0.0,2,0,1,0.8401968387981051,0,28.896622
727,0,1,21,8,0.6111832895977806,1,1,1,0.8164994256951538,0,1.359556
671,0,0,23,9,0.4939981009819565,1,1,1,0.7977846384329702,0,4.9003124
625,1,1,39,5,0.0,1,1,0,0.49899410393692595,0,8.906026
643,0,1,33,7,0.39310905077037456,2,1,1,0.20121541607223487,0,2.0551925
707,1,0,33,2,0.23131435556165456,1,1,1,0.41666079110555054,0,7.5500054
539,2,1,28,5,0.0,2,1,0,0.2418771992725305,0,3.6512005
498,0,1,45,7,0.4352394233052951,2,0,1,0.8299735624752164,0,18.525528
696,2,0,30,0,0.0,2,1,1,0.04496039371760002,0,39.935787
758,1,0,33,7,0.0,1,1,0,0.9408136477033556,0,8.255014
685,1,0,33,6,0.0,2,0,1,0.9339563428307404,0,3.9726627
655,0,0,30,1,0.33150503457399777,2,1,1,0.9213280868322924,0,3.3077688
747,1,0,40,3,0.0,1,0,0,0.28905890512543947,1,15.63026
601,2,1,24,7,0.0,2,0,0,0.7233132764178979,0,12.759449
477,1,1,22,5,0.3290555938468882,2,0,0,0.8155844883186344,1,0.36265427
558,1,1,32,5,0.2929245495651243,1,0,0,0.681512684461366,0,7.8848467
586,2,1,29,2,0.5279045368579729,1,1,1,0.18084252046070395,0,8.113917
850,1,1,49,6,0.5128133896914082,1,1,0,0.3288200023102206,1,75.40004
505,1,0,36,2,0.3186628483301726,1,0,1,0.870641046219914,1,17.34074
591,0,0,51,8,0.5281359455546274,1,1,1,0.8065425248111193,1,91.6715
761,0,0,38,1,0.4803947690474647,2,1,0,0.5469674353900797,0,3.280466
554,1,0,35,10,0.2988806730254503,2,0,1,0.9508085522167367,0,1.5743709
774,1,0,47,6,0.37753527737098364,1,0,1,0.3072262401059301,0,67.53273
771,2,0,33,5,0.0,2,1,0,0.04331338642840391,0,3.7994556
792,1,1,31,6,0.28405911738905626,2,0,1,0.6295660735600249,0,0.55381835
673,0,0,41,9,0.3930364715012379,1,1,0,0.7567611206870256,0,34.27835
765,1,1,40,6,0.5501578349998599,1,1,1,0.3398368044148216,0,6.6207423
748,1,0,41,2,0.36517492022358566,1,1,1,0.35567261673489814,0,21.242739
422,1,1,54,3,0.5580529528941414,1,0,1,0.43173818099628514,0,29.259989
568,2,1,27,5,0.505448128361599,2,0,1,0.5932393543583412,0,0.6701444
502,1,0,64,3,0.5566537792296467,1,0,1,0.50496587424099,0,14.997519
524,1,0,28,7,0.0,2,0,1,0.7355159417724392,0,1.3841624
689,1,1,34,1,0.6588821381621518,1,1,0,0.7774945007248192,0,28.092066
661,1,1,26,8,0.0,2,0,0,0.98441546167659,0,0.46696463
606,2,1,33,8,0.0,2,1,1,0.3158561142589117,0,3.52675
678,0,0,54,1,0.4930259931432719,2,0,1,0.5261011426591239,0,35.073048
636,0,0,29,3,0.3879070980572232,1,0,1,0.6596269943779631,0,17.42417
647,1,1,32,5,0.3867752042273419,1,1,1,0.11561679140357903,0,7.4297323
732,1,1,36,5,0.0,2,1,0,0.8071604338214299,0,0.6500284
646,1,1,50,0,0.4150260370654875,2,1,0,0.9090032098065364,1,13.859449
559,1,0,43,1,0.0,1,0,1,0.4331549662992816,0,54.49146
581,1,1,28,3,0.4159756656577179,1,1,1,0.14964514111097607,0,2.7438467
565,1,1,46,7,0.5395406158731619,1,0,1,0.7006601130407953,0,23.14811
657,2,0,41,6,0.44687259277262736,1,1,0,0.08763456910134916,0,49.813328
847,1,1,66,7,0.4932707140177911,1,0,1,0.2657532794381864,0,8.152942
558,1,0,41,6,0.0,1,1,1,0.717937112994291,1,11.954925
596,2,1,57,6,0.0,2,1,1,0.3619866697269589,0,22.69396
579,1,1,39,5,0.0,2,0,1,0.19942034464291336,0,1.0894978
741,1,0,36,3,0.0,2,1,1,0.4490091303719505,0,3.093169
613,1,1,44,3,0.0,2,0,1,0.6824658754911094,0,10.328622
694,2,1,31,5,0.0,1,1,0,0.1779249918367204,0,37.755646
729,2,0,42,7,0.0,2,1,0,0.2913109201928784,1,17.768644
480,1,0,42,1,0.6064622094173774,2,1,0,0.5088851985364602,0,5.1322384
666,1,0,59,5,0.0,2,1,1,0.9256459491881474,0,10.235475
575,1,1,24,2,0.0,2,1,1,0.5996384154686772,0,1.0536609
850,1,1,36,3,0.0,2,1,0,0.975200581655548,0,0.6614443
740,1,1,36,4,0.6870590365992822,1,1,1,0.4323848427524828,0,7.6356215
588,0,1,41,6,0.4229468626086393,2,1,0,0.9938700645911683,0,4.136491
681,1,1,36,5,0.5657758096125802,1,1,1,0.9257509092118296,0,13.911265
611,2,0,33,7,0.0,2,1,1,0.018593325662600774,0,6.694611
589,1,0,37,6,0.5520083472935167,1,0,1,0.09489406238295757,0,15.093158
717,2,0,34,1,0.0,2,1,0,0.5965677722222472,0,9.268465
556,0,1,33,3,0.49507495254348094,2,1,0,0.31310975198131424,0,2.061462
850,1,1,37,4,0.505673837533,1,1,0,0.9863691982584335,0,9.841969
685,2,0,42,2,0.0,2,0,0,1.0,0,1.8467212
713,1,0,37,8,0.0,1,1,1,0.08196697784638432,0,9.91097
437,1,0,26,1,0.4819626964876457,1,0,1,0.3942526011234073,0,2.506191
605,2,1,47,7,0.5685317891419581,1,1,0,0.9465838487575562,0,78.73247
758,0,1,41,10,0.3182871579452837,1,1,1,0.3904202351324551,0,29.654022
600,1,1,46,10,0.3806414389204797,1,0,0,0.0991624700158865,0,46.204082
827,1,1,38,5,0.0,2,0,0,0.5165164773235843,0,0.76271623
608,0,1,23,8,0.788032822410087,2,1,1,0.58061894910964,0,3.224306
608,1,0,30,8,0.3422096995636755,1,0,0,0.7136616046832471,0,13.913216
554,1,1,44,7,0.3399956930720358,1,1,1,0.2903524286569367,0,16.569735
683,0,0,35,1,0.5275899071212539,2,0,0,0.9306488269629749,0,20.459322
660,2,1,33,4,0.0,1,1,0,0.14827851059776206,0,29.93126
628,1,0,31,5,0.0,1,0,0,0.7398281035838923,1,9.747453
668,0,1,39,4,0.3184400487066283,1,1,0,0.19229241392552987,0,31.855293
776,1,0,29,5,0.0,2,1,1,0.716517977466848,0,1.294674
820,1,1,36,4,0.0,2,1,0,0.15707055023754765,0,0.4056607
665,1,1,36,1,0.0,2,0,1,0.6075281689401337,0,2.103922
850,0,1,31,4,0.5842503623682428,1,1,1,0.44935911379536747,0,7.248885
703,1,0,42,7,0.0,2,0,1,0.3624801168511592,0,7.9582872
506,2,1,32,8,0.0,2,0,1,0.9134933386138375,0,1.3717048
588,2,1,32,3,0.4348750921140931,1,0,1,0.024914179304123537,0,11.036708
622,2,0,26,8,0.0,2,1,1,0.6248258708706681,0,3.5589495
606,1,1,34,5,0.0,1,1,0,0.8098765432098766,0,11.295039
517,1,1,56,9,0.5665540140221873,1,0,0,0.19740115180999784,1,89.1467
758,2,0,43,10,0.0,2,1,1,0.2765357091602248,0,13.346569
677,1,0,49,3,0.0,2,1,1,0.9390903331268134,0,8.016846
827,2,0,35,0,0.0,2,0,1,0.92260025832467,0,8.418316
729,1,0,36,8,0.43486500833864467,1,0,0,0.6065556260622889,0,7.6820145
654,1,1,36,2,0.44744398014349174,1,1,0,0.06431519210084562,0,7.0965505
654,2,0,36,5,0.0,2,0,0,0.7862074328098332,0,4.326827
619,2,1,52,8,0.0,2,1,1,0.6162114981980779,0,19.577837
642,2,1,26,8,0.5748895896337833,1,1,1,0.9220289537650845,0,7.5631485
472,2,0,32,1,0.6353087422865595,1,0,1,0.28658536890273023,0,20.153881
470,2,1,30,4,0.4997447768534229,1,1,0,0.3414443579361829,0,29.659775
633,1,0,60,8,0.2764678280332864,1,1,1,0.05138820757382329,0,46.360645
602,1,1,31,7,0.6188641372279877,1,1,1,0.8972593382668044,0,7.776711
640,2,1,29,5,0.7859766489254663,2,1,0,0.7072777450246498,0,2.5861444
454,2,0,48,5,0.5772773718604236,1,1,1,0.46574542868843977,0,45.350365
562,1,0,57,3,0.0,3,1,0,0.032720074767140256,1,99.0895
636,1,1,34,8,0.0,2,1,0,0.192811163466111,0,0.9262695
621,2,1,50,3,0.6500080969129738,1,0,1,0.6552464760384616,0,67.82017
795,0,1,38,7,0.5018101971202731,2,1,1,0.6353473756743768,0,2.9989786
550,1,1,22,6,0.6152988251126185,1,1,1,0.2585743938546131,0,2.0555851
630,2,1,41,7,0.42850672956498004,1,0,1,0.23074848648045887,0,20.411304
573,0,1,30,8,0.5078017931503584,1,1,0,0.9647872371811508,0,22.847097
561,2,1,24,8,0.5725693248601454,1,0,1,0.9046907979712061,0,11.842532
662,1,0,39,5,0.5504495869219252,1,0,0,0.09793510280231761,0,15.168661
637,1,1,27,9,0.5139147930540245,1,1,0,0.23389903735806766,0,6.6792765
651,0,1,37,9,0.4561755731181533,1,0,1,0.8791306069729659,0,23.244112
646,1,0,33,2,0.0,2,0,0,0.9910767478294177,0,1.4356505
567,1,0,48,3,0.0,1,1,0,0.27678078256473493,0,66.72741
638,1,1,41,1,0.525165177622516,1,1,1,0.23834131159525732,0,13.67667
725,1,0,31,6,0.0,1,0,0,0.3066035306371758,0,6.530575
709,1,0,41,3,0.5990505946059613,2,1,0,0.35834062152935603,0,1.6215692
787,2,1,39,10,0.4341818225878085,1,1,1,0.5058319069471134,0,37.21669
653,1,1,37,7,0.5414448153032971,1,1,0,0.7244153316641738,0,8.719484
661,0,1,37,7,0.4380585758943004,2,1,0,0.5751853802038094,1,1.9252168
681,0,1,49,8,0.569738015941054,1,0,0,0.9364340794545879,1,85.825485
436,0,1,45,3,0.4158625121458677,2,1,1,0.9177308432955347,1,44.16168
663,1,1,33,5,0.6268455849942899,2,1,1,0.14261476971050735,0,0.44142357
662,1,1,64,0,0.3939774511635382,1,0,1,0.21361310005105485,0,3.5328872
607,0,0,39,8,0.4189084500404129,1,1,0,0.5235996037621593,1,56.364162
754,1,1,34,7,0.0,2,1,1,0.3260724899227876,0,0.6596771
850,0,0,66,0,0.5066623663815057,1,0,1,0.59464708879698,1,35.471992
578,1,1,39,2,0.0,2,1,0,0.35279529195038123,0,1.222759
666,0,0,36,3,0.5146252807265294,2,0,0,0.6971842810988449,0,3.9574068
599,1,0,43,4,0.0,1,1,0,0.8517589429790545,0,52.58641
586,1,0,46,0,0.0,3,0,1,0.6577740174186635,1,96.41858
825,1,0,36,3,0.5821234430282033,1,1,1,0.6917316603735657,0,16.336199
808,2,0,67,10,0.4965249037965973,1,0,1,0.8494952267941588,0,16.67308
515,2,1,29,4,0.6018880016185058,2,1,0,0.04880161055380788,0,3.094408
663,2,0,58,5,0.8613452577498698,1,0,1,0.3708610672319207,1,52.240383
444,1,1,34,2,0.5752095203275561,1,1,0,0.5633361986069669,0,8.459128
650,1,0,39,4,0.0,2,0,0,0.931409549611988,0,1.9731567
609,1,1,26,7,0.0,2,1,0,0.49230906551575676,0,0.38237843
824,0,1,77,3,0.10967460932046157,2,0,1,0.013675456006048576,0,0.49468827
662,1,1,29,5,0.5862645267646318,1,1,0,0.05458881323166361,0,4.9018793
699,0,0,51,2,0.36766377934563,2,0,1,0.45671586636523787,0,35.07433
752,1,0,41,8,0.0,2,1,0,0.699229076376794,1,1.2591249
603,0,0,40,8,0.5934561717867203,1,0,0,0.525256762020773,0,53.503162
628,2,1,50,8,0.0,1,0,0,0.7218451862152835,1,91.370926
745,1,0,36,9,0.0,1,1,0,0.09797735683757798,1,5.736213
804,0,0,33,10,0.5513631450920969,1,1,1,0.40239932913593246,0,10.597176
454,0,0,50,10,0.3702521609471001,1,1,0,0.7717358007689734,1,93.68161
631,2,1,46,9,0.6406450921965967,1,0,1,0.4675018464263337,0,32.36174
503,1,1,32,4,0.0,2,1,1,0.7652000266025405,0,0.38566327
548,1,0,37,9,0.0,2,0,0,0.4901368080651702,0,1.9613838
668,1,1,28,4,0.4270310308061732,1,1,0,0.9651278197067819,0,2.9028695
619,1,0,55,0,0.0,3,0,0,0.30402433432392795,1,97.95777
842,1,0,37,4,0.5278879564208719,2,1,0,0.4353395749294057,1,1.0724978
707,1,0,57,1,0.3668939847250332,1,1,1,0.8203426427223799,1,60.376083
715,2,1,38,2,0.38580919448211026,2,1,1,0.022717619532665368,0,4.685459
573,0,1,35,9,0.536068409289206,2,1,1,0.5996233640312649,0,1.321833
509,1,1,55,8,0.527656109299198,2,1,1,0.8518239991919228,0,5.5403275
670,0,0,40,2,0.5865776020853727,1,0,1,0.3492256510496752,0,19.163054
613,2,1,44,9,0.4006594470288714,1,1,1,0.23645943187574409,0,44.03179
678,1,0,26,1,0.0,2,1,0,0.2271821958997084,0,1.1124504
555,0,0,51,9,0.5508790441569325,1,1,0,0.993613340073977,1,95.20387
777,1,0,30,4,0.0,2,0,1,0.5780571544582508,0,0.91009897
552,2,1,55,3,0.0,1,1,1,0.20163105576582563,0,45.677017
640,2,1,39,3,0.0,1,1,1,0.5299789629909656,0,21.936823
541,1,1,34,3,0.513130849262344,1,1,0,0.6742620920297888,0,13.203074
756,1,1,31,10,0.48883321511136263,1,0,0,0.30830589321280183,0,4.1767993
684,2,0,24,9,0.3159206991173189,1,0,1,0.98290836774912,0,13.391662
618,1,0,42,2,0.0,4,0,0,0.5554820985404105,1,91.34482
604,1,0,53,2,0.48382106057483343,1,1,1,0.24097331295138683,1,64.08682
624,2,1,38,7,0.49385210545046404,1,1,0,0.6754905093436423,0,39.52207
661,2,1,38,7,0.5699792294154173,1,1,1,0.07820401848376518,0,19.781166
627,2,0,28,3,0.6281339566993117,1,0,1,0.17044447744759622,0,14.479366
812,2,1,38,3,0.5066511267582787,2,1,1,0.8741392803012686,0,2.0195787
473,1,0,39,9,0.4667363549877961,2,1,1,0.42967073355505453,1,5.2620153
717,2,1,36,2,0.4104847111430781,2,0,1,0.24589343282283455,0,4.223914
693,2,1,28,1,0.5783975079284183,1,0,1,0.3886911200019602,0,31.624954
705,1,1,92,1,0.5024997998191219,2,1,1,0.17214268962685936,0,0.19798937
661,1,1,41,5,0.0,1,0,1,0.4413822520050665,0,7.9175115
573,1,0,27,4,0.0,2,1,1,0.7877653315891667,0,0.41675007
639,1,1,37,5,0.39134096238038324,1,0,1,0.8669596446460637,0,10.440297
718,1,0,67,7,0.0,3,1,1,0.41389202668854874,0,41.71498
570,1,1,37,6,0.0,1,1,1,0.9388242577166118,0,8.516144
461,1,0,40,7,0.0,2,1,0,0.882765404096091,0,4.200882
638,0,0,33,5,0.5154907715718362,1,1,1,0.28289511648362414,1,21.145258
608,2,1,48,7,0.30212163034003175,1,1,0,0.6288169020141423,0,78.9123
599,2,1,42,6,0.0,2,1,0,0.5693384718240592,0,5.461031
762,1,0,44,7,0.6349854636199105,1,0,0,0.1238545781122097,0,28.516888
662,1,0,38,2,0.384537841639209,1,1,0,0.6012965738228001,0,16.03685
747,0,1,29,7,0.46921971386868677,1,1,1,0.8770175551765192,0,7.503553
539,1,1,39,6,0.0,2,1,1,0.4338209298988053,0,1.9185053
625,1,1,43,4,0.4876533336702564,1,1,0,0.3560591036443981,0,27.478992
656,1,0,48,9,0.0,2,1,1,0.4261858507487465,1,10.40214
469,1,0,48,5,0.0,1,1,0,0.8026673047276014,1,72.76539
621,2,0,43,8,0.0,1,0,0,0.5140241893100791,0,82.41037
754,1,0,27,7,0.0,2,1,0,0.7206841253339694,0,0.74223566
679,0,0,50,6,0.5284949757887755,2,1,1,0.9201198714477232,0,16.088251
535,1,1,38,2,0.4753814188063369,1,0,0,0.9795185940257294,1,13.6721115
487,1,1,37,2,0.0,2,1,1,0.6336154602764564,0,1.0157732
850,1,0,42,3,0.0,2,1,1,0.8844436643699474,0,2.0263047
585,1,1,55,10,0.4241386213820919,3,1,1,0.6148057139456817,1,86.819374
603,1,1,31,4,0.0,2,0,1,0.0479821822984095,0,0.6963057
728,0,0,32,9,0.5092589584878865,2,1,1,0.7632323886931202,0,3.4515355
621,2,1,41,5,0.4170285632704498,1,1,1,0.4777438245352431,0,22.281578
833,1,1,30,1,0.0,2,1,0,0.7093129393857113,0,1.1272173
502,1,1,37,10,0.0,1,1,1,0.3831920948450577,0,5.614876
825,0,1,37,6,0.47051290824892295,1,0,1,0.2614728206543725,0,37.381958
668,1,1,46,0,0.0,2,0,0,0.1468962285898303,0,2.9691691
487,2,0,40,6,0.5424263692083109,1,0,1,0.9670766058158553,0,27.30833
600,0,0,39,7,0.35264262075490493,2,1,0,0.2931319441006616,0,4.7339497
606,2,1,34,3,0.6439755679287954,1,0,1,0.9554144420792186,0,16.234339
623,0,1,50,7,0.5046207007793483,1,0,1,0.0031704527782403214,1,91.907974
575,1,0,54,9,0.27235344836622716,1,1,1,0.7219647976381744,0,48.50759
577,2,1,48,6,0.7168339145188393,1,1,0,0.9679361379011695,0,80.03391
651,1,0,25,8,0.0,2,1,1,0.6338086287240431,0,0.6187004
693,0,1,46,2,0.41755363701652737,1,1,1,0.31181352819194236,0,62.336792
800,1,1,60,6,0.3528985413958313,2,1,1,0.6585955958794064,0,6.393464
760,1,1,38,6,0.649222678418955,1,1,0,0.4554793982825359,1,6.774024
711,1,0,35,8,0.0,1,1,1,0.3375143826235405,0,4.823234
637,2,1,43,8,0.0,1,1,0,0.06073254995852103,1,65.900024
662,1,1,32,9,0.0,2,0,0,0.32542007761741243,0,0.67881054
568,1,0,44,7,0.0,2,0,0,0.31182522930939904,1,4.1453404
692,1,0,30,7,0.0,2,1,1,0.0940827849059585,0,2.4075737
614,1,0,35,1,0.0,2,1,1,0.016656790723514094,0,9.975301
478,1,1,35,1,0.36857215612920774,1,1,0,0.893157746564797,0,6.253191
562,1,1,36,6,0.0,2,1,0,0.16418437960825258,0,0.9440311
709,0,1,30,9,0.4602644842772618,2,1,1,0.6736713856173263,0,1.3485965
684,1,0,26,5,0.34714855740830874,1,0,0,0.530471860062636,0,14.311398
546,0,0,42,9,0.34417101381680515,2,1,0,0.28687014609895245,0,12.042739
779,1,0,42,5,0.0,2,0,0,0.12971403769059944,0,1.5294688
576,0,1,63,3,0.5932430972272448,1,1,0,0.3470458928827703,1,99.28287
481,0,1,44,3,0.6525140147539585,1,1,0,0.4806065979301023,0,80.18783
445,1,1,25,6,0.0,2,1,0,0.5971288258028642,0,0.41564512
606,2,1,36,0,0.37526614889734716,1,0,1,0.6006908159729254,0,31.670284
559,1,1,50,5,0.6484798270086474,1,0,0,0.7527564882446273,1,77.163704
608,1,0,56,10,0.5151701234553041,2,1,0,0.7124703409175577,1,87.86904
698,1,1,41,3,0.3611238730434337,1,1,1,0.07173395059228155,0,12.080518
568,2,1,39,5,0.0,2,1,1,0.6478535700159365,0,1.1163199
528,1,1,29,3,0.40967796925038374,1,1,0,0.27983162392008437,0,3.9306586
802,1,0,39,7,0.4788635895952816,2,0,1,0.29745555700569404,1,2.6600816
669,0,1,47,0,0.2539827226265453,2,1,1,0.9096702235063447,0,26.750357
581,2,0,24,10,0.6345353605521669,1,1,1,0.5125802014092345,1,52.998447
640,1,1,38,9,0.0,2,1,0,0.44412286373348653,0,0.93210584
529,2,0,44,1,0.0,2,0,0,0.07075535713660654,0,19.054482
547,1,0,51,1,0.0,2,1,1,0.2845113208311394,0,17.79147
718,1,0,49,10,0.0,1,1,0,0.922403789561903,1,64.572784
707,0,1,34,9,0.6484352272271184,2,1,0,0.47455131965102665,0,1.9410987
735,1,1,43,9,0.5093977000781473,1,1,1,0.36532493853162973,0,20.691784
765,1,1,43,9,0.6295802809818122,2,0,0,0.6830213285368751,0,0.7178085
469,0,0,52,8,0.5559757350085847,3,0,0,0.7504803708754186,1,98.45555
594,0,0,21,2,0.3471402273329383,2,1,0,0.8409529610077762,0,1.2583575
675,1,0,34,10,0.33856208311510066,1,0,0,0.7311650762647832,0,18.000702
703,1,1,50,8,0.638265480618047,2,1,1,0.3965504705699394,0,2.236687
810,1,1,33,6,0.0,2,1,1,0.38980767663311844,0,1.0685599
715,2,1,42,6,0.0,2,1,1,0.643732026408522,0,3.8813453
664,1,1,40,9,0.0,2,1,0,0.9738716047382524,0,1.0847119
850,1,1,29,6,0.0,2,1,1,0.053309891094599535,0,0.6893561
724,0,1,36,6,0.37710574042233647,2,1,1,0.05308321944745722,0,2.0687227
563,1,1,30,7,0.3616121190878735,1,1,0,0.6113442333742872,0,6.0157995
714,0,1,26,3,0.4764702672706676,2,1,0,0.327388065560261,0,0.56100976
614,1,1,36,1,0.4715530516792695,1,1,0,0.7306852804442824,0,20.865046
740,1,1,33,1,0.5164446648438018,1,1,1,0.6165028760246604,0,6.874601
587,1,1,33,8,0.5905328733271745,1,0,0,0.6146277969546091,0,11.370873
465,0,1,24,5,0.4669421756060399,1,1,1,0.6387231980654152,0,17.126572
689,2,0,40,5,0.6147981038835331,1,0,1,0.5915960974273042,0,49.801468
656,1,1,30,3,0.0,2,0,1,0.08547026241006016,0,0.6822194
579,1,0,33,1,0.2617309282824752,2,0,0,0.823065602765064,0,1.3375515
716,1,0,44,1,0.0,1,1,1,0.7605570832014457,0,41.14367
551,1,1,42,1,0.20005967363083554,1,1,1,0.11695116883662389,0,11.561589
527,0,0,39,9,0.3856103089505385,2,1,0,0.47354447349721895,0,5.700024
600,1,0,37,4,0.0,3,1,0,0.03650683640287647,1,57.99647
685,1,0,43,1,0.5287691508532409,1,1,1,0.2093469926377969,0,39.42628
738,2,1,36,5,0.0,2,1,1,0.48439495971865315,0,2.9400916
622,1,1,41,2,0.5065286068937392,1,1,0,0.5120055465296935,1,9.648747
528,1,1,34,1,0.5004697325515711,1,1,1,0.8838428569928427,0,5.622013
546,0,0,52,1,0.4227807792398898,1,1,1,0.11769558992883819,1,94.44149
576,0,1,46,4,0.5475049252068839,1,1,1,0.1672086184230594,0,69.661
733,1,0,38,3,0.6283760868805338,1,0,0,0.09824363226688147,0,8.52551
727,0,1,45,6,0.4560530931104339,2,1,1,0.523385983361411,1,14.634723
605,2,1,41,5,0.41114167110638433,1,0,0,0.7160293808058669,0,30.903547
586,1,1,33,9,0.0,1,1,0,0.0348205253601719,0,16.03723
564,2,0,24,6,0.5962266990553815,1,1,1,0.7688745275173778,0,27.64438
593,0,0,48,3,0.5336952545154888,2,1,1,0.4294950667788774,1,33.671425
736,0,0,26,0,0.3371404700609718,1,0,1,0.9402206910759977,0,7.3074393
675,2,1,32,8,0.7869203787083434,1,1,1,0.2635207662331753,0,6.205754
656,2,0,32,1,0.4155243668853757,1,1,1,0.08512207915855963,0,12.536677
462,1,1,39,4,0.5585258939197185,2,0,0,0.6565270483331158,0,2.1435885
685,2,0,30,2,0.0,3,1,1,0.8629066575857993,1,55.202187
850,0,0,36,0,0.545959636440437,2,1,1,0.4950876308687479,0,21.791962
636,0,0,48,3,0.48054734095424967,1,1,0,0.9508331045614856,1,88.78663
850,1,0,27,7,0.17400821983140646,2,1,1,0.015070989279476189,0,0.45275357
628,1,0,37,9,0.0,2,1,1,0.1734075104172448,0,4.6001306
798,1,1,28,3,0.0,2,1,0,0.011469545341580121,0,0.58732593
610,1,0,57,7,0.28733957281221234,4,0,1,0.5661402663954408,1,99.01746
591,1,0,42,10,0.0,2,0,0,0.8555199021506553,0,8.068419
614,2,0,37,9,0.0,2,1,1,0.3100872133288729,0,8.964289
651,1,1,35,0,0.7246845123452316,2,0,1,0.18457807720637318,1,13.205218
665,1,1,25,7,0.3623811962857111,1,0,1,0.5612785521017257,0,0.97762525
570,1,1,23,2,0.0,1,0,0,0.994191945330779,0,4.4106884
631,2,1,29,3,0.0,2,1,1,0.9898539310504152,0,2.0094686
586,1,1,32,1,0.0,2,0,0,0.15813715209802534,0,1.1258857
691,1,1,30,9,0.0,1,1,0,0.24793587787633714,0,8.57052
639,1,1,35,8,0.0,2,1,0,0.8524430083072932,0,0.72653186
698,1,0,27,1,0.37832376484013897,1,1,1,0.20166085861199742,0,5.501622
733,0,1,45,2,0.4541260557224649,2,1,0,0.016037181550838102,0,4.8126745
850,1,1,19,8,0.0,1,1,1,0.3428242897196682,0,1.3284565
618,1,0,31,4,0.0,2,1,0,0.14583622735971283,0,1.411869
473,1,0,25,6,0.44108115769235234,2,0,0,0.2337565237480179,0,0.93103033
490,1,1,39,1,0.0,3,1,0,0.8553238334260922,1,77.47921
754,0,0,48,7,0.5652455146230886,1,1,0,0.46773941911452543,1,89.20974
649,1,0,56,8,0.6256494818274624,1,1,0,0.44701108955905283,1,91.09452
578,1,1,50,5,0.6026962580703584,2,1,0,0.8490451838150542,0,6.81815
690,2,1,26,8,0.4636074750509261,1,1,1,0.4162471015982026,0,5.315463
610,0,1,49,6,0.4538987522782657,1,1,0,0.9791046544945041,1,91.75948
596,1,1,42,7,0.0,2,1,1,0.607841998910896,0,2.6434581
492,1,0,48,6,0.5071938969324159,1,1,1,0.46070654747528383,1,60.45304
575,2,1,41,2,0.39881686624238555,1,0,0,0.6315386619422154,0,42.148968
569,1,1,66,2,0.0,1,1,0,0.6539255498900144,1,92.38051
674,2,0,41,4,0.5046078270265031,1,1,1,0.83349634890132,0,8.863977
507,1,0,31,0,0.4262371228095041,1,0,1,0.21996865700674412,0,20.421455
457,2,1,44,7,0.0,2,0,0,0.9299927143042159,0,21.190884
584,0,0,41,3,0.35311121738710727,1,1,0,0.895017024125804,0,50.35409
744,0,1,29,6,0.49317649249541917,2,1,0,0.707799894889962,0,1.1810627
687,1,0,35,1,0.4414228502098203,2,1,1,0.2395710790380481,0,8.842678
688,2,0,46,3,0.0,2,0,1,0.524505590283872,0,28.39407
519,1,1,34,5,0.0,1,1,0,0.34237279660207554,0,13.154885
733,2,0,38,5,0.0,2,1,1,0.006300251674034869,0,6.346949
666,2,1,43,5,0.0,2,1,0,0.1466866085711185,0,10.632075
511,2,0,40,1,0.0,1,1,1,0.9206236695604431,0,39.174675
705,0,0,54,3,0.5017547164268967,3,1,0,0.48005544529502564,1,98.504135
544,1,1,48,10,0.31213721076952006,3,1,1,0.5185612726015334,1,96.350945
564,1,0,36,7,0.8223643711277356,1,1,1,0.23312871379216715,1,13.828791
702,1,1,40,7,0.5800638020002464,1,0,1,0.6766779227416218,0,11.161939
658,0,1,31,2,0.307226930264794,2,0,0,0.06735993287358942,0,1.8321831
654,1,0,24,8,0.578249639126388,1,1,1,0.6503795612480991,0,4.1514835
649,0,0,41,4,0.46193149577184905,1,1,0,0.7177330435056548,0,33.014885
597,2,1,24,0,0.4306851040595806,2,1,1,0.9391623400034702,0,31.136168
782,1,1,33,7,0.7633501315215274,1,1,1,0.8353156226419622,0,3.8995802
644,1,1,38,3,0.0,2,1,1,0.3996223139309804,0,2.641862
679,2,0,39,7,0.36344597123078937,1,0,1,0.03032179573149235,0,20.47347
678,1,0,60,2,0.0,2,1,1,0.2190708212634306,0,7.334243
806,1,1,34,5,0.45420254095995716,1,0,1,0.16058733609059664,0,5.683344
668,2,1,43,1,0.5865618586414907,1,0,0,0.7084084030024868,0,46.31861
659,0,1,29,9,0.3304787214601754,1,1,1,0.42064967204368015,0,4.82014
660,1,1,34,1,0.0,2,1,0,0.04840962311900786,0,0.71145344
601,1,0,37,5,0.0,1,0,0,0.10349498377095011,0,20.831078
781,1,0,48,0,0.22757829682960123,1,1,0,0.42820329341452107,1,82.624115
628,0,1,39,1,0.4597133043141142,1,1,1,0.5383650138588235,1,57.343906
751,1,1,30,3,0.6586626466546638,1,0,0,0.674116728147538,0,4.6096063
531,1,0,37,1,0.0,1,1,0,0.02297914450830054,0,20.158165
647,1,0,42,9,0.0,2,1,1,0.25678072255900436,0,13.317391
708,2,1,46,7,0.2742138052944126,1,1,1,0.1984817550076032,0,33.202538
550,2,1,39,2,0.46281815058855175,2,1,1,0.9782261705992922,0,2.798696
670,1,1,33,1,0.0,2,1,1,0.43204891067096907,0,0.59867936
592,1,0,31,2,0.33520426560441335,2,0,1,0.5819238737299413,0,2.9418054
589,1,0,50,4,0.0,2,0,1,0.9104138945269272,0,21.255907
725,1,0,33,4,0.0,1,1,1,0.33937351017022127,0,4.1857424
570,1,0,43,9,0.0,2,0,1,0.05703384673236293,0,7.6721625
575,1,1,46,1,0.0,2,1,1,0.32996491164906244,0,4.91831
501,0,1,25,6,0.41456589007911543,1,1,0,0.5738686544565006,0,3.6245742
431,0,1,42,8,0.481561497737986,2,1,0,0.6307685383954168,0,4.3435154
719,2,1,40,4,0.5117182039927048,1,1,1,0.8804827361012976,0,16.475933
850,0,1,36,7,0.4097309788209229,1,1,1,0.4367459592391073,0,26.729942
554,0,0,31,6,0.5399439270342792,1,1,0,0.5353672775750083,0,57.5753
418,1,1,36,7,0.3592894629050385,1,1,1,0.34576477053558613,0,6.6445785
715,2,1,31,7,0.0,1,1,1,0.7498666622662463,0,8.388665
750,2,0,33,3,0.6448892058126071,1,0,1,0.7664601469440331,1,15.630348
766,0,1,37,2,0.39721358580290517,2,0,1,0.7385165283284553,0,2.978149
652,2,0,38,6,0.4905650736520155,2,1,1,0.9433220372545578,0,5.840631
658,1,1,42,8,0.4100108135538218,1,0,1,0.5188143967748919,1,7.5947046
659,1,0,37,1,0.6022591881827399,1,1,1,0.7046822471546033,0,11.479102
574,0,1,35,5,0.6530809381609881,1,1,1,0.07554031409999655,0,16.868319
611,1,1,38,7,0.0,1,1,1,0.31598227630738734,0,22.752085
738,2,1,35,8,0.5073398924639084,1,1,0,0.0803578741769839,0,18.192612
571,1,1,49,4,0.7198701273493155,1,0,0,0.0025573442263736182,0,70.03813
686,1,0,44,7,0.2194262220170748,1,1,0,0.9088148418173935,0,53.590466
679,2,1,33,4,0.3830647734305192,1,1,0,0.0058088047408527506,0,35.75431
617,2,0,46,3,0.4245607848190475,1,0,1,0.43292029388806624,0,77.43256
673,1,1,39,7,0.32784430523165803,2,1,0,0.5477222074708135,0,0.5084628
745,1,0,33,1,0.0,2,1,1,0.8721804432323287,0,5.08171
677,0,0,26,3,0.4081170566105147,1,1,0,0.596844048606642,0,24.041658
613,2,1,39,8,0.47111323167107416,1,1,0,0.11653117872756848,0,47.127285
576,1,0,55,6,0.17768995371786211,3,0,1,0.33767359782859263,1,87.309296
584,2,0,30,5,0.0,2,1,1,0.926038436670702,0,2.4696357
663,1,1,22,6,0.0,2,0,1,0.6591407979462038,0,0.24757878
466,1,1,26,9,0.42057737466235795,1,1,0,0.05415957223914883,0,2.9745126
510,0,0,50,7,0.49397163605350686,1,1,1,0.11879349477875135,0,74.25072
619,2,0,38,6,0.0,2,1,1,0.588079711612459,0,10.208132
696,0,0,66,7,0.4762866867579582,2,1,1,0.8701617004423922,0,6.9592795
554,1,0,44,9,0.541314204504307,2,0,0,0.5754539558527839,0,7.704021
595,1,1,52,9,0.0,1,1,1,0.531696176984902,1,52.983868
659,0,1,39,8,0.423517094131725,2,1,1,0.9905532978399437,0,2.879164
662,1,1,44,8,0.0,2,1,1,0.8766001653157875,0,2.5623128
556,2,1,38,2,0.46019943794709645,1,1,0,0.7534123008747334,0,40.635063
701,2,0,39,9,0.0,2,1,1,0.5502140454413397,0,4.496048
587,2,1,42,5,0.4792138114722197,1,1,0,0.9744868134906882,0,48.385826
571,1,0,47,7,0.0,2,0,0,0.561830654827536,0,7.6322756
539,1,0,40,7,0.323367188646195,1,1,0,0.8364710829884253,0,25.048685
644,0,0,34,10,0.487038342938362,2,1,1,0.9105276053863143,0,17.773653
572,0,1,39,4,0.4475531081165266,1,1,0,0.24683552279242665,1,55.219032
753,1,0,50,4,0.0,2,1,1,0.004249505827806555,0,16.36843
706,1,1,35,5,0.0,2,1,1,0.40857296871851256,0,0.99242526
588,1,1,44,8,0.6154281206365502,1,1,0,0.2465857989437991,1,32.177017
825,1,1,32,9,0.0,2,0,0,0.04870190103154851,0,0.9513544
627,2,1,48,1,0.5291383445764772,1,1,0,0.39447587244581855,0,75.03475
532,1,1,60,5,0.305725205002557,2,0,1,0.06939737744954642,0,8.847354
764,1,0,44,1,0.0,2,1,1,0.05728447066694868,0,4.605998
700,1,0,36,4,0.0,2,1,0,0.6539503022538652,0,1.5312147
660,1,1,41,3,0.0,2,1,1,0.5433234373882706,0,1.363184
518,0,1,29,9,0.5020434392306454,2,1,0,0.8015340465014408,1,3.569927
557,1,0,39,7,0.1975811374251594,1,1,0,0.5764370997430255,1,21.980547
639,1,0,35,1,0.4105855090407424,2,1,1,0.6954791182557933,0,2.414034
557,1,0,24,4,0.0,1,0,0,0.10253049166195372,0,12.5420065
633,1,0,32,1,0.4145164277655522,1,0,1,0.1831728430065071,0,11.804744
623,2,0,50,2,0.34721950254782735,1,1,1,0.5219024916879562,0,60.435253
611,1,1,68,5,0.32900653010152453,2,1,1,0.7322520800736471,0,3.0325894
666,2,0,47,5,0.0,1,0,0,0.833276177874987,1,93.478516
521,1,1,27,4,0.48356621606804584,1,1,1,0.8211390187762931,1,4.052899
775,1,1,28,9,0.44307910036301995,1,1,0,0.746668456837628,0,5.0393214
681,0,1,48,5,0.5568571685818733,2,0,0,0.3653105871610739,0,9.015352
564,0,0,32,10,0.557498066246738,2,1,0,0.07684058827618036,0,4.8311443
646,0,0,44,2,0.4506364715650088,1,0,0,0.2653298890043999,1,72.98404
670,1,0,50,8,0.5513794863882783,1,0,1,0.015739353108221832,0,34.324165
751,1,1,43,1,0.4582507583058923,1,1,0,0.6296049272705543,0,25.766792
544,1,0,33,6,0.0,2,1,1,0.6205665641068722,0,1.8402487
639,1,0,38,5,0.0,2,0,0,0.46856874831546413,0,0.9289066
635,0,0,65,5,0.4676222923817396,1,1,0,0.7790157960085187,1,96.853584
672,1,0,28,6,0.0,1,0,1,0.044019753886496156,0,2.4318283
639,1,0,35,8,0.0,1,0,0,0.8222905287454952,0,9.524105
697,1,0,25,1,0.0,2,0,0,0.43900062455964545,0,1.6811203
850,2,1,44,8,0.0,2,1,1,0.9181163801143009,0,7.7200747
748,1,0,34,8,0.0,2,1,0,0.267887833288079,0,0.7522419
463,2,0,35,2,0.0,2,1,1,0.00969767612807023,0,3.1634073
572,1,0,30,6,0.0,1,0,1,0.8751520270185802,0,4.234661
741,2,1,50,1,0.31382307453994573,1,1,1,0.06504311161715942,0,76.06148
646,2,1,25,5,0.7288890879958474,2,1,1,0.21265035810919938,1,2.479992
805,0,1,50,9,0.5182318446505513,1,1,0,0.31492127498176076,1,96.670135
637,1,1,36,2,0.6082422548533551,1,1,1,0.35844033105161544,0,12.808681
651,1,1,28,7,0.0,2,1,0,0.004062287948499081,0,1.2897773
672,1,1,28,4,0.6666809619794237,1,1,1,0.8473695237895218,0,1.3287554
493,1,1,54,3,0.6689245023746495,2,1,0,0.7508135526942823,1,42.09824
524,0,1,29,9,0.5750844894833597,2,1,0,0.16027390615803808,0,3.569927
624,0,0,45,5,0.6052470546906117,1,1,0,0.3439456968140457,0,78.62925
569,2,0,51,3,0.0,3,1,0,0.37540275096271697,1,96.325356
677,1,0,27,2,0.0,2,0,1,0.5734264622271427,0,1.6486483
464,0,1,37,4,0.6217430750469245,1,0,0,0.7183379012695712,0,52.686924
718,0,1,26,7,0.5879958273098054,1,0,0,0.2554642968403482,0,10.200001
594,1,0,53,4,0.0,1,1,0,0.026988377390040744,1,85.62768
574,1,1,33,8,0.3996324962059297,1,1,0,0.5150226346616101,0,11.964623
478,2,1,48,0,0.3319556956372207,2,0,1,0.22070292712954084,1,51.027138
615,2,1,41,4,0.0,1,0,1,0.7464081819813791,0,27.694603
651,2,1,45,4,0.0,2,0,0,0.9650803151700986,0,14.804246
465,0,1,53,1,0.46807119974488454,1,0,0,0.374471862062827,1,97.44513
558,1,0,56,7,0.48320435599968103,2,1,1,0.5812631106270649,0,9.204211
540,0,1,37,3,0.5179998779584173,1,0,0,0.09682174647678853,0,20.500998
568,0,1,46,8,0.601187996289649,1,0,0,0.3225569041843496,1,80.13359
630,1,1,31,0,0.0,2,1,1,0.17233425792163148,0,18.003983
523,0,1,60,1,0.6532307599471961,1,0,1,0.2852778940388807,0,83.36652
678,1,0,48,2,0.0,2,1,1,0.16146692009086866,0,7.584989
438,1,1,38,2,0.0,2,1,0,0.6843052011467095,0,1.2965186
544,1,1,44,1,0.0,2,0,0,0.34619636175254737,0,3.8127654
595,0,1,34,2,0.35061016207815693,2,0,1,0.781564339394412,0,3.8942113
678,1,1,26,3,0.0,2,1,0,0.0248911271026383,0,0.43960875
850,1,0,36,6,0.0,2,1,1,0.9510076712326027,0,1.3384541
589,0,0,20,2,0.48263934572000927,2,1,0,0.0175923800722969,0,1.5293221
785,2,0,31,2,0.48502377997377344,2,0,0,0.4088747475383899,0,3.308071
563,2,1,57,6,0.0,2,1,1,0.19644826080890723,0,20.335052
602,1,0,39,6,0.6142785702354292,2,1,0,0.8831007361202994,1,1.7200915
591,1,1,29,6,0.0,2,1,1,0.543417246347026,0,1.2047212
643,2,1,43,1,0.0,2,1,1,0.7288337036186955,0,6.9268064
605,1,0,32,5,0.0,2,1,1,0.21063861598782682,0,1.8293457
755,0,1,43,6,0.6578308348222182,3,1,0,0.08459722903537287,1,87.91946
769,2,1,38,6,0.0,2,0,0,0.5219608472609134,0,1.5053684
620,1,0,33,9,0.5087258735209982,1,1,1,0.9636219758986982,0,13.506349
725,1,1,31,8,0.0,2,1,1,0.2982226802659654,0,0.610754
818,0,0,72,8,0.5392245911477446,2,1,1,0.31862112831775435,0,3.2163985
624,1,0,71,4,0.6785705303695218,3,1,1,0.36837522983444915,1,34.41918
669,0,0,35,4,0.43152660109927504,2,1,0,0.874875250586431,0,2.1418154
712,1,0,32,1,0.0,2,1,0,0.008460808007164684,0,2.1154058
603,0,0,35,9,0.580408404065571,1,1,0,0.8159281211355683,0,59.37174
597,1,0,41,4,0.5811504184826597,2,1,1,0.26156337930272344,0,3.2884934
580,0,1,76,2,0.5194732251648468,2,1,1,0.2583271702447584,0,0.4770751
718,1,0,39,3,0.0,2,1,1,0.7267870581640545,0,3.6366906
527,2,1,53,8,0.0,1,1,1,0.25852463910303436,0,46.65032
729,2,0,42,1,0.0,2,1,1,0.7476933547153752,0,16.774899
746,1,0,24,4,0.0,1,0,1,0.47051203389923735,0,2.9054637
699,0,0,54,3,0.4424478480485843,1,1,1,0.7795454965949248,1,72.809654
759,1,0,46,2,0.0,1,1,1,0.6919087272834554,0,41.71836
748,1,0,39,3,0.6272329135706056,1,0,1,0.4886602670555038,0,18.19157
698,2,0,63,5,0.0,1,1,1,0.8679085352651177,0,24.007782
686,1,1,37,9,0.5363158404274819,1,1,0,0.13793722300479694,0,12.743092
679,1,1,40,1,0.0,1,1,1,0.08443611364885345,0,15.408362
682,0,1,36,5,0.2884582341778688,2,1,0,0.1844396639879108,0,3.82169
778,1,0,34,7,0.43668766071515336,1,0,1,0.5652301294773651,0,3.5396554
742,1,0,25,4,0.5265728806464809,2,1,0,0.6496716436419677,0,0.3987137
649,0,1,24,7,0.40333200623408494,1,0,0,0.6654622516450321,0,31.862518
763,1,1,67,1,0.5956072842164722,2,0,1,0.5314065493254606,0,2.4896708
595,0,1,30,9,0.5208573329513988,2,1,1,0.28928412663409353,0,1.9483598
628,0,0,51,10,0.4594713734169918,2,0,0,0.06309117520723229,1,61.025803
625,1,0,36,8,0.5179170156297325,2,0,0,0.9946110853586516,0,1.2233845
733,1,1,36,5,0.0,2,1,1,0.5456319078471994,0,1.4997559
665,2,0,32,10,0.0,1,1,1,0.11239008325295065,0,10.4921255
805,0,1,56,6,0.6050356541175743,1,1,0,0.23391988934943284,1,97.81629
725,1,1,38,6,0.0,2,1,1,0.7935042796587074,0,1.1005388
554,1,0,38,3,0.5529414353054661,1,1,1,0.9707266043907192,0,17.079706
675,2,0,35,8,0.6202561366648905,1,0,1,0.17584544323982937,0,9.685464
556,1,0,54,4,0.5978737422831717,1,1,0,0.7850945765320587,1,92.44629
635,2,0,48,2,0.0,2,1,1,0.6827635539193992,0,23.29623
601,1,1,47,1,0.25679773010627543,2,0,1,0.4825780362024573,0,12.202662
600,0,1,53,7,0.4235250654957159,1,1,0,0.4681351069027092,1,92.50305
758,2,1,40,3,0.0,2,0,0,0.48047623548048835,0,2.088792
606,0,0,41,4,0.5287825427447456,1,1,0,0.7823986190681209,1,54.16162
640,1,0,67,3,0.0,1,0,1,0.2147857620402748,0,8.533056
753,0,0,38,1,0.46757996443894817,1,1,0,0.6101070152199535,1,31.099981
559,2,1,38,3,0.5814087703896033,1,1,0,0.2815259357268619,1,39.38083
754,2,0,50,7,0.5850081999428534,2,0,1,0.7534416536779261,0,36.921738
621,0,1,51,4,0.43834064260911676,1,0,0,0.8887298737029385,1,92.161224
654,1,0,37,5,0.0,1,0,1,0.35743763529417055,0,6.77522
650,2,1,24,8,0.4339679508919339,1,1,0,0.5224561445618057,0,39.240505
831,2,0,44,10,0.0,1,0,1,0.23861153740182187,0,34.510975
519,1,1,39,2,0.45021171743475613,2,1,0,0.48795449965471704,0,1.929966
552,0,0,42,8,0.4119686204067955,1,0,1,0.9343792332167721,1,42.671043
577,2,1,41,4,0.3547879140889435,1,0,1,0.6761428216394666,0,8.177589
576,2,1,45,5,0.5325588967217727,1,0,0,0.676231030063371,0,74.869606
646,1,1,40,5,0.37338040317485083,2,1,1,0.8973941011366585,0,3.467797
711,0,0,45,1,0.3885487928584869,2,1,0,0.2530193633491999,0,9.553317
806,2,0,37,2,0.5492037823006146,2,0,1,0.3761381211905737,0,3.8657694
670,1,0,39,8,0.4062546271276916,1,0,0,0.44601239418364447,0,5.9303446
679,2,0,28,9,0.0,2,0,1,0.30878043853187975,0,3.0315826
850,2,0,39,6,0.0,2,1,0,0.5195988716922465,0,3.90932
670,0,0,35,2,0.31720432786076613,1,0,1,0.9940515319212984,0,9.114683
733,1,0,24,3,0.6452220899728651,1,1,1,0.04803288714072193,0,4.704672
764,1,0,39,1,0.5144261560540377,2,1,1,0.9395574277343486,0,1.7107785
673,1,0,42,4,0.0,2,1,0,0.607204087990403,0,1.4888506
588,0,1,49,6,0.5285961323978194,3,1,0,0.18142412600403338,1,91.20954
564,2,1,31,5,0.48410838838988374,1,1,1,0.10211230172481471,1,10.730423
715,1,1,32,8,0.6987192289905436,1,1,0,0.9352875699629315,0,6.0144525
621,1,1,31,7,0.5446777613970676,1,1,1,0.7434587503106547,0,8.182804
796,2,0,23,3,0.5842379668972372,2,0,0,0.6272310005605535,0,2.2777665
672,1,1,34,6,0.0,1,0,0,0.11363325197556366,0,2.798528
527,2,0,46,10,0.5237774428653483,1,1,0,0.27470588441196137,0,66.03712
722,1,0,38,3,0.0,2,0,1,0.8399459148348667,0,3.617727
596,0,1,34,4,0.3963410403004663,2,0,1,0.023955737772957317,0,3.0489025
746,1,0,32,4,0.0,2,1,1,0.3645256622007402,0,1.3924452
523,1,0,26,4,0.0,2,1,0,0.9274747238361263,0,0.5556785
624,1,1,44,3,0.0,2,1,0,0.44202186308792485,0,2.3540335
553,2,1,38,1,0.7218473843304268,2,1,0,0.9227531729280145,0,5.23118
850,2,1,33,3,0.400467217586232,2,1,1,0.6827029481315465,0,1.1818867
599,0,1,33,2,0.20705598037832812,2,1,0,0.42521230777539254,0,3.6728475
492,1,1,35,8,0.4825205723965456,1,0,0,0.42709028712242014,0,5.9495673
707,2,1,48,8,0.3525002521940283,1,1,1,0.5995153537162798,1,36.27592
743,1,0,30,1,0.5062748385210905,1,1,1,0.6939128186741834,0,7.504692
522,1,1,41,5,0.5745268128585594,1,1,1,0.07389865732177422,0,10.287269
681,2,0,57,2,0.6907431220381153,1,0,1,0.6598284136135001,0,62.25145
826,1,0,49,0,0.0,1,0,0,0.8935773366356486,1,91.81605
630,0,0,28,8,0.4241791956248053,1,1,1,0.10167601005896063,0,21.74145
430,0,0,66,6,0.5396306922862586,2,1,1,0.8642849392116947,1,23.550282
806,1,0,67,1,0.0,2,0,1,0.5197196332249729,0,4.3587894
703,2,1,39,6,0.6085554497445557,1,0,0,0.9183103986430703,0,36.849457
755,0,0,38,1,0.32715880778526457,1,0,1,0.05161592932125018,0,29.616524
612,2,0,63,2,0.5246320129419878,2,1,0,0.6105483073633532,1,93.34019
719,1,0,54,7,0.0,2,1,1,0.6252094074984161,0,14.668835
554,0,0,55,0,0.4323559019520635,1,0,1,0.7000239522874434,1,90.96658
683,1,1,30,4,0.45747398874180356,1,0,0,0.9158869172005926,0,13.5945425
749,1,1,41,5,0.229451487653812,1,1,1,0.3056127360162896,0,15.855879
724,2,1,36,1,0.0,2,1,0,0.2622783975869696,0,4.045174
770,2,1,30,8,0.0,2,0,1,0.254165622816979,0,0.5573375
680,1,1,37,4,0.0,2,1,0,0.30617568977837384,0,1.6822195
699,1,0,32,4,0.4406548491461215,1,1,1,0.637150747896424,0,5.9407387
442,1,1,34,4,0.0,2,1,0,0.34169013140754945,0,1.1591449
529,1,1,46,8,0.0,1,0,0,0.6325622096910255,1,34.549187
574,2,1,36,3,0.0,2,1,1,0.042744482098040354,0,1.6324676
605,1,1,33,9,0.5107763873371854,1,0,0,0.7391267366033456,0,10.720746
515,0,1,45,7,0.48211407268983203,3,1,1,0.19640140633430492,1,91.424675
632,0,1,65,6,0.5160355345869713,1,1,1,0.4258801715563836,0,41.862164
558,1,1,32,10,0.41849752622668435,1,1,0,0.950130887499756,0,22.459002
434,0,1,55,8,0.435791161263922,2,1,0,0.4820175326743704,1,63.29348
525,1,0,59,6,0.2205214077157782,1,1,0,0.4166955444244925,1,94.52532
640,0,1,23,3,0.28701996097299903,1,1,0,0.806684788397292,0,18.065517
690,1,0,36,6,0.44034005998212267,1,0,0,0.4064425652649828,0,27.899698
607,2,1,34,9,0.5278636836175198,1,1,0,0.8887655771126142,0,25.609753
850,1,0,46,3,0.0,2,1,1,0.939932913593248,0,11.719883
780,0,1,34,5,0.37508671349391304,2,1,0,0.8862027823657158,0,1.8510932
616,0,0,28,10,0.41919007833020977,1,0,1,0.14913319221985696,1,56.80484
618,2,0,40,8,0.0,2,1,0,0.4010022957192412,0,9.637657
676,1,1,29,7,0.5259500381210555,1,0,0,0.9463765289585154,0,5.737175
507,1,1,33,7,0.0,2,1,1,0.42703793212251767,0,0.9175365
490,1,1,34,5,0.49005115981552516,2,0,0,0.7718206588729223,0,0.8693059
678,1,1,36,0,0.4279812572507029,1,1,1,0.4222833280578295,0,28.916225
637,0,1,30,6,0.48881025758306895,2,1,0,0.3280634800623459,0,1.4866052
602,1,0,33,8,0.0,2,1,1,0.5646397230935555,0,2.6374533
744,2,0,30,1,0.49437315365772616,1,1,1,0.7110647066794878,0,24.172668
640,1,0,50,9,0.46857682336282436,2,0,0,0.4127803705253852,0,9.324362
684,1,0,38,5,0.5308505935617127,1,0,0,0.6369432280782814,0,28.874147
495,0,1,39,8,0.47928631102771657,2,1,1,0.050748096443210315,0,4.277587
559,0,0,28,3,0.6068791117540991,1,0,0,0.32118432310285633,0,49.896355
684,1,1,38,5,0.4187755275458654,2,1,1,0.9918132181623345,0,4.2326155
613,1,1,42,7,0.4586565804466667,1,1,1,0.39659802511139813,0,24.091604
794,1,1,30,8,0.0,2,1,1,0.12052315996177633,0,0.52170557
736,1,0,42,7,0.4674417011305268,3,0,0,0.20956741368800716,1,26.86037
692,0,1,49,6,0.4405790016177485,2,0,1,0.5373583677241176,0,19.47381
703,2,1,36,7,0.538447582442736,1,1,0,0.7193090940184788,0,38.76956
720,0,1,23,0,0.7487549227656536,2,1,1,0.5205926665996602,0,9.368624
777,0,1,44,3,0.4968375406923186,2,0,1,0.398941698932248,0,9.551525
653,1,1,44,8,0.0,2,1,1,0.7732145419887598,0,2.0940511
552,1,0,38,9,0.5344999238535456,1,0,0,0.2892202205310607,0,27.640984
708,1,0,34,4,0.0,1,1,1,0.3143137669647451,0,5.017311
647,1,0,40,9,0.0,2,0,1,0.46177224924980337,0,8.085797
597,0,1,52,8,0.3335750383751427,2,1,1,0.8054366692019087,0,28.87519
501,1,1,42,9,0.4568836295246409,1,0,1,0.45713445634058053,0,2.350947
709,1,1,44,9,0.5125665962622514,1,1,0,0.5851539822053006,0,28.972715
621,0,0,34,2,0.3637274400933065,2,1,0,0.22425051592427075,0,8.637268
799,1,1,70,8,0.28065877265147776,1,1,1,0.18237711701467488,0,3.2384758
675,1,0,33,6,0.0,2,1,0,0.17018640280146752,0,2.017707
561,1,0,35,5,0.0,2,1,0,0.29987883842907,0,1.4708574
707,1,0,42,10,0.0,2,1,1,0.7647370823913684,0,9.445454
670,1,1,33,6,0.35191419751342073,1,1,0,0.3348693800257924,0,4.679335
649,2,0,32,7,0.0,1,1,0,0.14394244650364107,0,45.240444
524,1,1,28,1,0.3729693597906625,1,1,1,0.2583208696430509,0,8.35627
689,0,0,30,5,0.544646991932063,1,1,1,0.20929068726063338,1,32.79084
573,2,0,72,8,0.3936492302512148,1,1,1,0.48006559626444323,0,3.5434241
657,1,1,33,1,0.33603113519118466,2,0,0,0.519563718335101,0,0.88683414
686,2,1,39,10,0.5430812964737994,1,0,0,0.4459822413040445,0,56.38243
683,1,0,29,9,0.0,2,1,1,0.24421487252032567,0,2.4889445
753,0,0,47,1,0.5227654383498894,1,1,0,0.9872598333140814,0,89.31385
520,2,0,30,4,0.578812656565062,2,0,0,0.7258162154485752,0,3.740461
547,0,1,25,4,0.39116108855192966,2,1,1,0.261516074785142,0,0.28303352
653,1,1,47,6,0.0,1,1,0,0.2534459540886155,1,48.96155
648,2,0,28,9,0.40766595712227227,1,1,1,0.7894730446757664,0,9.131268
639,1,0,37,4,0.4628247269638442,2,0,1,0.9092826364917849,0,2.2197363
711,1,0,25,5,0.7575447864110884,1,0,0,0.2566935642353845,1,17.68252
484,0,0,55,8,0.5952599320305707,3,0,0,0.6876073665035011,1,99.218056
721,1,1,36,1,0.6184854974384222,2,1,1,0.24823265621866886,0,2.7851872
548,0,1,32,2,0.3945278339902867,1,1,1,0.27930567369183756,0,8.545311
679,1,1,41,8,0.5887927644247911,3,1,0,0.8637715901868628,1,16.940351
553,1,1,41,1,0.0,2,1,0,0.45302191359274807,0,1.1394008
757,1,1,36,7,0.5773342475424983,1,0,0,0.6543143370191853,0,3.0854166
581,1,1,54,4,0.3559206449120438,1,0,0,0.027737098892944272,1,91.55875
718,2,1,40,9,0.0,2,0,0,0.6076896843648568,0,6.4692974
625,1,1,41,6,0.38925429842849746,2,1,0,0.28561327606786446,0,1.0062728
744,2,1,39,4,0.37928447362831663,1,1,0,0.09700021352039119,0,38.06195
799,0,1,31,9,0.6161343037724999,1,0,1,0.44300885734587653,1,6.784954
751,2,0,34,8,0.5065608112042623,2,0,0,0.002340023472241599,0,2.014362
781,0,1,35,7,0.36877981016116945,2,1,1,0.8692128098233382,0,1.4464074
777,0,0,46,0,0.4279139789386201,1,1,0,0.002378827177995498,0,82.16723
704,2,0,24,2,0.0,1,1,0,0.17796034521296783,1,72.67108
539,1,0,47,2,0.5073216778971893,2,1,1,0.8346689608857645,1,10.5264
716,1,0,29,6,0.0,2,1,1,0.49498242082118843,0,1.2075826
670,1,1,37,2,0.0,2,1,1,0.271116691644052,0,1.2452937
555,1,1,40,10,0.5577171990428464,1,1,1,0.5285930306344255,0,15.10406
679,0,0,30,4,0.31068267598210897,1,1,1,0.6057572498173576,0,15.946584
571,1,1,38,1,0.48388188208208366,1,1,1,0.7742371396468363,0,9.860054
512,2,0,35,5,0.4965390131108611,1,1,1,0.09387846539344506,0,14.668327
697,1,1,35,5,0.5304454888436976,1,1,0,0.32383107586774534,0,11.802873
424,2,1,34,7,0.0,1,1,1,0.08120290487741579,0,4.6298547
684,1,0,43,7,0.0,2,1,0,0.6554746478288676,0,6.3334284
697,2,1,62,7,0.0,1,1,0,0.645944687717677,1,98.749825
580,0,1,45,8,0.4134791938830623,1,1,0,0.2371083938516128,1,76.468956
600,1,0,32,7,0.3940960650597221,1,1,0,0.6648716452421205,0,24.94514
521,1,1,37,5,0.42185757571928906,2,1,1,0.42452364200781173,0,2.1369092
664,2,1,44,7,0.3089966129275835,3,0,0,0.2866622762473816,1,94.85658
634,1,1,77,5,0.0,2,1,1,0.8079185062173437,0,0.23641664
445,1,0,33,7,0.0,2,1,0,0.6131290538246402,0,2.3217964
702,0,0,36,2,0.41955233696677413,2,1,1,0.2645167113459336,0,17.861605
485,1,1,37,5,0.0,2,0,1,0.851155735372728,0,0.9074282
582,0,0,40,3,0.439024585639532,1,1,1,0.9588219174931205,1,35.90315
605,2,0,57,2,0.0,3,1,0,0.3332376741978859,1,99.79767
628,1,1,25,7,0.0,2,1,1,0.9799244327833307,0,0.41275322
604,2,0,28,6,0.0,2,1,1,0.3452563719835244,0,6.3428802
724,0,1,31,9,0.5506869342847528,1,1,0,0.06455041456459092,0,14.680354
567,0,1,40,7,0.4873103657345499,1,1,0,0.6927719597221533,0,47.4061
779,2,0,55,0,0.5312753875487853,1,1,0,0.11411654813034643,1,97.47507
785,1,1,36,2,0.0,1,0,1,0.3090271120892045,0,14.835741
563,1,0,32,0,0.5911806263650712,1,1,0,0.9580549442471755,1,31.42561
821,0,0,31,2,0.27472337473752795,1,1,1,0.1271792456179565,0,19.1402
747,1,0,47,5,0.5576551021173578,4,0,1,0.6498269584745343,1,98.11597
600,0,0,58,8,0.4731925619680884,1,0,0,0.030992609794235345,1,99.31909
625,2,1,32,7,0.4262977051758346,1,1,1,0.6739765647619347,0,16.263588
773,1,0,41,7,0.7582318781302799,1,1,1,0.2877178270524835,0,9.092357
726,1,0,53,1,0.45252528626264155,1,0,1,0.14179169110650064,0,82.51022
641,2,0,40,4,0.402913669051845,1,1,1,0.2584822350534476,0,21.381004
649,1,0,46,2,0.0,2,1,1,0.3329874002967283,0,9.55871
434,2,1,33,3,0.0,1,1,1,0.013641952806493019,0,6.474132
738,1,0,38,7,0.0,2,0,0,0.34611225372023025,0,0.5695072
762,2,0,60,10,0.67326439192901,1,1,0,0.1571822609059165,1,97.97829
507,0,1,31,9,0.44476093859463023,1,1,0,0.7501996940707837,0,17.802044
606,0,0,27,6,0.686774179907069,1,0,1,0.5572399164120173,0,28.440035
655,0,1,34,7,0.47042346954494557,1,1,0,0.25609815737402924,1,32.82306
697,0,1,51,1,0.5895234196481927,1,1,1,0.2678733819079722,0,73.09095
504,0,1,42,7,0.5232696669791309,2,1,1,0.7485024819870297,0,3.7793767
653,1,0,74,0,0.4833688450956323,1,1,1,0.8017602181008285,0,0.48258454
660,2,1,38,6,0.4379041705737976,1,1,1,0.7732254930345848,0,19.28013
652,1,0,34,6,0.388348313054117,2,1,1,0.5216507176435349,0,1.3473775
669,1,0,42,9,0.0,2,0,0,0.6781584641333247,0,1.8581854
594,1,1,35,2,0.5334965682680167,1,1,1,0.32678160764353,0,8.898408
756,0,1,32,0,0.4365444153042377,2,1,1,0.2808504712200015,0,16.33002
642,1,0,33,4,0.3372179517189629,2,0,1,0.30026812560599536,0,0.98343825
486,0,1,37,1,0.40429961025211475,1,0,0,0.2567894233899337,0,32.55716
804,1,1,55,7,0.0,2,1,1,0.5937618042523061,0,7.9957314
629,1,1,59,9,0.45300396667029236,1,1,1,0.5842418450962066,1,32.237312
581,2,0,44,7,0.7545619817193507,2,1,0,0.22509474654829537,1,19.008713
667,1,1,31,3,0.39663079938153384,1,1,1,0.948318964461106,0,1.9903113
667,2,1,35,4,0.38894405294197343,2,0,0,0.28603671650642637,0,1.8957691
679,1,1,29,3,0.0,2,1,1,0.3184078079456588,0,0.84678614
680,1,0,43,4,0.0,2,1,1,0.2937768056849429,0,5.9381623
644,2,1,32,3,0.5446822652177224,1,1,1,0.07088776978201418,0,17.786392
571,1,0,30,4,0.3417955872043506,1,1,0,0.7255911439542476,0,14.547475
627,2,0,35,7,0.0,1,1,0,0.9386230385001767,0,43.994827
536,1,1,39,4,0.0,2,1,0,0.135706810000355,0,1.0297564
599,2,1,33,4,0.20602344960059282,1,1,0,0.5581091994285454,1,43.623363
744,2,1,34,3,0.0,2,1,0,0.13617685488964193,0,3.8149667
709,1,0,34,2,0.44507983301108434,1,1,0,0.28511762873354407,0,14.593215
653,0,1,31,2,0.6167502112112533,2,0,0,0.12586917050578328,0,1.6600986
648,0,1,31,7,0.500926531565067,1,0,1,0.6499088162919558,0,5.5486417
663,0,0,37,8,0.6189912007700019,1,1,0,0.5935819370749906,0,33.500416
613,0,0,43,4,0.5607124390624098,1,0,1,0.10062205940667332,0,89.903
620,1,1,28,9,0.28658057938982323,1,0,1,0.9510740775744083,0,11.23922
661,1,1,51,6,0.5843272860307547,1,1,1,0.3400840780294518,0,22.7588
669,0,1,45,1,0.4940242869126665,1,0,0,0.5544028454717425,0,48.83741
767,0,0,33,1,0.5769402628772503,1,1,1,0.6624091100700117,0,16.565453
491,1,0,72,6,0.36383385780258437,1,1,1,0.035110203024388824,0,8.235675
653,1,1,43,0,0.0,2,1,0,0.1392683001226617,0,6.3008842
679,0,1,58,8,0.501600191535934,2,1,1,0.43502449483925715,0,10.49668
687,1,1,28,7,0.43091862516769264,1,1,1,0.1370111345633508,0,8.142762
837,1,0,38,2,0.0,2,1,1,0.2319403002986785,0,3.795249
850,1,1,28,8,0.2695897764705981,2,1,1,0.9712613054546709,0,0.7917296
663,2,0,53,6,0.5986503524199807,1,0,1,0.7566007053673625,1,65.58244
547,2,0,22,7,0.5631256499401809,1,1,0,0.5907124630402203,0,21.99933
627,1,0,41,6,0.0,3,1,1,0.6935120804036785,1,44.96775
707,1,1,37,1,0.0,2,0,1,0.03012252670129997,0,3.9882877
629,1,0,43,0,0.0,2,1,1,0.20628024976385242,0,35.762005
687,1,0,36,4,0.3872407318844078,1,0,1,0.31589751821298934,0,21.909214
588,1,0,36,2,0.0,2,1,0,0.46266628463018217,1,2.461671
502,0,0,33,6,0.4991714763552007,2,1,1,0.7936982481827014,0,5.0216126
793,0,1,54,2,0.5140179823608861,1,0,0,0.09311799276830937,1,97.18706
727,0,1,59,5,0.6081395836851529,1,1,0,0.3591268966186271,1,96.93553
632,2,0,32,1,0.0,2,1,0,0.09757966885837598,0,4.853142
474,0,0,37,5,0.5687112644022122,2,1,1,0.5547617297451907,0,15.375469
850,0,0,31,1,0.5184956170850086,2,1,1,0.022275277288981096,0,1.9836568
584,1,1,36,9,0.0,1,1,1,0.529085177634464,0,9.387342
713,1,0,32,1,0.4666995272861584,1,0,0,0.7478076656320678,1,18.451738
742,2,1,24,8,0.0,2,1,0,0.020295438214349468,0,5.5844746
607,1,0,39,10,0.0,3,1,0,0.6637111344133364,1,70.8163
761,2,0,34,2,0.0,2,1,0,0.3062275947352972,0,3.9929948
600,1,1,49,7,0.3595838453772207,1,1,0,0.45672451719139173,0,54.889973
650,2,1,42,4,0.7753453204845044,1,1,0,0.8552503264061717,1,36.22549
850,0,1,56,1,0.6765449270658059,1,0,0,0.7792685201436736,1,99.01353
501,1,0,34,5,0.0,1,1,0,0.1368601201414735,0,10.901773
418,1,1,34,8,0.6216622852728773,1,1,0,0.7710605362812147,0,6.115531
797,2,1,59,4,0.5154341350306813,1,1,1,0.46810955446245117,0,44.810383
788,0,0,42,6,0.5526167616501186,2,1,0,0.3237033636712306,0,3.245538
699,2,1,43,2,0.5439972061963485,2,1,0,0.41406129285346743,0,8.047029
616,1,1,18,6,0.0,2,1,1,0.1364980355623962,0,0.89091605
651,1,0,41,4,0.1539158787538,1,1,1,0.5243761779249918,0,6.31476
654,1,0,28,7,0.0,2,1,0,0.7565962049375715,0,1.6347058
676,1,0,34,8,0.33044946655432894,1,1,0,0.45907284145635907,1,14.866723
708,0,0,54,8,0.5785273215910094,1,0,1,0.6265577862685886,1,89.05242
499,2,0,42,0,0.5866439238337765,1,1,1,0.0742938950669789,1,58.497856
689,1,1,39,4,0.0,2,1,0,0.9805979971087239,0,2.0104575
850,2,1,54,7,0.4311942350776764,2,0,0,0.12042060016731597,1,80.16133
502,1,1,30,4,0.0,2,1,1,0.33129308848995076,0,0.26410675
643,1,1,34,7,0.0,2,0,1,0.5015106442665275,0,0.9221304
762,1,1,28,2,0.0,2,1,0,0.839569878923437,0,1.3040562
719,1,1,49,5,0.42215586415982687,1,1,1,0.08118280295768245,0,27.511868
789,1,1,27,6,0.0,2,1,0,0.518009819937804,0,0.5970958
553,2,1,42,7,0.0,2,1,0,0.03834691213010842,0,5.430006
448,2,1,25,2,0.0,2,0,0,0.47606621432346785,0,2.0416212
632,0,1,42,6,0.2390303569070614,2,0,1,0.7408775538063884,0,6.3580036
669,2,1,25,7,0.6266632400429991,2,1,0,0.6219159929773292,0,1.1257164
654,2,1,34,5,0.0,2,1,0,0.7965754729576674,0,3.608346
726,1,0,38,4,0.0,2,0,0,0.033882735801269014,0,0.91076887
596,1,1,21,4,0.8387193381982303,2,0,1,0.986525163153081,1,0.5516115
733,0,0,30,1,0.4083439216296944,1,1,0,0.10773713889676463,0,27.948814
529,2,0,35,5,0.0,2,1,0,0.2825590843925595,0,4.6467805
493,1,0,37,8,0.5699025448938253,2,1,0,0.7942228982867863,0,2.0691366
615,2,0,29,7,0.5712700323864562,2,1,1,0.6319825043291634,0,6.166916
600,1,0,49,6,0.0,1,0,1,0.7404522131863592,1,72.69373
666,1,1,36,4,0.4789410712532726,2,1,0,0.16846568847324916,0,0.5206109
644,2,1,54,6,0.0,1,0,1,0.42309435551095126,0,57.13125
692,1,0,36,4,0.0,1,1,0,0.9279351678085257,1,26.399263
707,1,1,73,6,0.2653394850474948,1,1,1,0.31381606943463103,0,0.46998867
603,1,1,40,4,0.4098614700494532,2,1,1,0.19410618714087194,0,2.0964842
671,1,0,34,5,0.6566712405024686,1,1,0,0.5537393821109916,0,6.739045
568,2,0,36,10,0.6122430425835446,1,1,1,0.27038692195104636,1,18.125105
598,2,0,35,8,0.0,3,0,1,0.4432780830569319,0,75.10972
606,2,1,42,10,0.0,2,1,0,0.8897196682283157,0,6.4453998
850,0,0,36,3,0.6736832073930894,1,1,0,0.8712005996572671,0,38.735622
644,2,0,26,4,0.611625700299273,2,1,1,0.4134657859825613,0,3.178539
655,1,1,37,4,0.0,2,1,1,0.7120899545906634,0,0.7501306
850,1,1,30,10,0.6136869754568479,2,1,0,0.3140272396013819,0,1.1164036
683,2,1,34,9,0.4567972199389801,2,0,1,0.12665064513661053,0,2.443078
663,0,1,37,7,0.5724468847092459,2,0,1,0.8824616250851955,0,2.7623844
682,0,0,38,1,0.4644127820981021,1,1,1,0.2491333922389588,1,73.05546
639,1,1,77,6,0.32254538087555795,2,1,1,0.27911500548302365,0,0.28889313
704,1,1,23,6,0.6639938151781068,1,1,1,0.7791325071544333,0,2.69976
691,1,0,40,0,0.4602106775703235,1,1,1,0.3030840945310277,0,46.99517
599,1,1,34,8,0.0,2,1,1,0.8710086813290668,0,1.9211406
573,1,0,36,1,0.0,1,1,1,0.28449616938417616,0,14.235031
589,0,0,41,7,0.36914836617528657,1,1,1,0.5058846619852196,0,33.06584
620,0,0,25,8,0.5652728564015773,1,1,1,0.36926706500470796,1,15.70621
647,2,1,28,6,0.5962341921375328,2,1,0,0.511616909414849,0,11.503906
737,2,0,39,7,0.5183445597373819,2,0,0,0.27675047967080857,1,3.4685984
634,1,0,41,7,0.0,2,1,1,0.6564294390114255,0,2.616739
660,1,1,38,4,0.0,2,0,0,0.4403863068923082,0,0.6654473
666,0,0,37,2,0.6316060835696279,1,0,1,0.4663166832432497,0,38.87095
696,1,1,44,8,0.6452412212464432,1,0,0,0.37779052899551907,0,27.604404
836,1,0,29,9,0.532813063662621,1,1,1,0.7687541660228552,0,2.7952914
667,2,0,34,5,0.0,2,1,0,0.8191735310722175,0,3.5620708
596,2,1,20,3,0.7464961570652053,1,1,0,0.5172738496526418,0,7.646008
430,1,1,31,5,0.0,1,1,0,0.47826357417133336,0,8.501014
596,2,1,67,6,0.0,2,1,1,0.6917618632579411,0,5.8398824
599,1,1,28,7,0.4771109257946125,1,0,0,0.15590908931802985,0,10.7445755
519,1,0,22,8,0.0,1,0,1,0.8377874086975305,0,2.2180705
721,0,0,45,7,0.5521094241889208,1,0,0,0.2979928083131939,1,82.49801
603,2,0,56,5,0.3618152692991804,2,1,0,0.8111379136707556,1,88.14271
572,0,1,47,4,0.3959911372780877,1,1,0,0.9827852059871718,1,91.83242
453,0,0,40,1,0.4445011518421683,1,1,1,0.6018687784683436,1,74.60266
668,1,0,37,7,0.5127407307086316,1,1,0,0.46073430012566197,0,9.844298
762,0,1,35,1,0.46815226851667147,1,0,1,0.8918346702110052,1,18.458101
633,1,0,39,9,0.5149068691595062,2,0,0,0.8550179042098519,0,1.766537
647,2,1,33,7,0.4833045560450461,2,1,0,0.3860613688607262,0,8.060339
796,2,1,56,6,0.37557531824973245,1,0,0,0.6058229560923069,1,99.51222
733,1,1,39,1,0.0,2,1,1,0.7092163801643057,0,3.0482476
556,1,1,34,8,0.652683565666044,1,1,1,0.5199920592416576,0,3.8968608
489,2,1,58,4,0.0,2,1,1,0.9571301059251158,0,9.027813
639,1,1,22,4,0.0,2,1,0,0.14090035598399644,0,0.35521784
715,1,1,35,2,0.5620029630357091,1,1,1,0.3020105920115371,0,5.250452
807,0,0,42,9,0.41991587102157696,2,1,1,0.6524512590952435,0,11.944839
714,2,1,34,5,0.0,2,1,0,0.9652358800265425,0,3.3039002
626,0,0,23,6,0.34236191275908084,1,1,0,0.5487085016619087,0,46.155354
697,1,1,36,7,0.0,2,1,1,0.3737793959323116,0,1.8197298
850,0,0,31,4,0.6563328561010568,1,0,1,0.30965217178240523,0,4.7625413
737,0,0,45,2,0.395258768211428,2,1,1,0.39323440388557107,0,25.592318
812,1,1,29,6,0.0,2,0,0,0.8401403334018398,0,0.9603927
583,1,1,36,8,0.0,2,0,1,0.027802705158342617,0,0.8894655
730,0,0,37,5,0.49443592814915416,1,1,0,0.5929570774008918,0,46.123512
677,1,1,36,4,0.0,2,1,0,0.03906738093487928,0,1.0399756
748,0,0,40,3,0.4125144595560692,2,0,0,0.19072626435824622,0,3.6359954
753,0,0,38,9,0.6048938435521769,1,1,1,0.904178399037108,0,26.809021
634,2,0,36,1,0.0,1,1,1,0.7198144422792376,0,31.281277
622,1,1,29,7,0.40449474924261086,1,1,1,0.04388804130794491,0,5.563823
699,0,1,36,2,0.4926365122986788,2,1,0,0.5177807980662154,0,3.44694
570,0,1,38,1,0.5069850471958556,1,1,0,0.7358537740354203,1,47.680058
552,0,1,33,3,0.5777753828257521,1,1,0,0.2941943955647764,1,27.164072
619,1,0,48,4,0.0,1,0,0,0.09042553563865348,1,83.19433
714,2,1,33,8,0.48632171731558427,1,0,0,0.8125955528752996,0,24.835081
503,2,1,32,9,0.3996159556256487,2,1,1,0.7896237590689911,0,0.8624782
685,2,0,43,6,0.4675309405504044,1,0,0,0.3434835526792808,0,84.17174
606,1,0,35,0,0.5419895783184321,2,1,0,0.9339257399081612,0,7.9691753
678,1,1,38,3,0.0,2,1,0,0.33278188066960396,0,1.2409443
724,0,1,31,2,0.6416849964860236,2,0,1,0.3241298544010953,0,1.6067805
779,0,0,37,2,0.5117202366905225,1,1,1,0.03289104109442451,1,62.162952
638,2,1,35,1,0.0,2,1,0,0.8268743665020009,0,3.0286095
610,2,0,50,5,0.5203487599287823,3,1,0,0.9238211749222051,1,92.91635
646,0,0,57,6,0.35955634417145227,1,1,0,0.06950508773587877,1,95.27472
628,1,0,29,9,0.28695431679053435,1,1,1,0.17424604049686743,0,5.9679046
528,1,0,32,4,0.3412367945885918,2,1,0,0.7809788334785971,0,0.92099094
432,1,0,27,6,0.24846665831533435,2,0,0,0.2693411720819338,0,1.7546098
622,2,0,47,6,0.5672383954776221,1,0,0,0.5009051864453056,0,90.88276
721,1,1,54,5,0.0,2,1,1,0.02240984013973334,0,4.380045
614,2,1,36,5,0.0,2,1,0,0.6530583670740555,0,4.0636597
634,1,0,24,2,0.3484011775458315,1,1,0,0.31667559251908556,0,20.97923
742,1,0,29,4,0.0,2,1,1,0.9003610344787927,0,1.0672184
516,1,0,45,4,0.0,1,1,0,0.476356242021113,1,55.381996
718,1,1,35,3,0.3888437731829685,1,1,1,0.26752634876630715,0,4.7888255
636,0,1,30,8,0.5651191286470136,2,1,1,0.5484225243510755,0,2.3575485
691,2,1,36,7,0.517878155230277,1,0,0,0.37830102774814994,1,70.85141
698,1,0,37,2,0.6623327423496927,2,1,1,0.35984121483601683,0,5.6325283
712,2,0,39,5,0.65005496853324,2,1,1,0.11846551345653508,0,4.7670574
659,1,1,20,8,0.0,2,0,0,0.562855952743487,0,0.29995766
573,2,1,44,8,0.0,2,0,0,0.31209420499657714,0,13.00673
778,0,0,35,1,0.6056570219406613,3,1,1,0.6561966167769021,1,71.206375
732,1,1,46,0,0.0,2,1,1,0.9217840303749008,0,15.663828
550,0,1,33,4,0.47190837522916185,1,0,1,0.06994697993658393,1,9.137979
790,2,1,20,8,0.0,2,1,0,0.8407861950816303,0,0.4218157
665,0,0,43,2,0.46362357720618763,4,1,0,0.17815971425271113,1,97.873215
728,2,0,43,5,0.0,1,1,1,0.6004402920478905,0,54.3121
645,2,0,29,4,0.0,2,1,1,0.37170814812814623,0,6.617035
647,0,1,30,6,0.5705061764320327,2,1,0,0.014720805836957429,0,3.097706
596,2,1,32,4,0.0,2,0,1,0.7325338069785664,0,2.5488696
610,1,1,40,9,0.0,1,1,1,0.7480262365055863,0,18.620867
512,1,1,36,0,0.5173581433003337,1,1,0,0.2650719143678221,0,13.374723
768,0,1,37,9,0.4316816839857171,1,1,0,0.2089033002651753,1,27.379042
666,0,1,30,3,0.43903590497639905,1,0,1,0.37422513850072686,0,5.7838964
700,0,0,30,4,0.46384362670915513,1,1,1,0.6720928348657296,0,12.434818
651,0,0,37,10,0.46947770706425074,2,1,1,0.3791662103730906,0,31.173763
542,2,0,26,2,0.0,2,1,1,0.2743159971777305,0,1.1926148
686,1,0,35,8,0.42016951982376594,1,1,0,0.17674127879212462,0,17.547836
850,0,0,47,4,0.3954572551748003,2,1,1,0.610706072429917,0,16.376253
658,0,0,55,8,0.4756031821525625,1,0,1,0.5971974323547898,0,85.289474
448,1,0,36,6,0.3345865247519421,2,1,0,0.4099789029852351,0,3.4117763
609,2,1,32,4,0.3981025124583452,1,1,1,0.602973934010698,0,13.032291
704,1,1,50,4,0.6593842942367557,1,1,0,0.60385351801097,1,67.607475
698,1,1,31,1,0.622209758551769,1,0,0,0.673960163195585,0,12.938419
759,1,1,44,2,0.4427916529775098,2,1,0,0.5006784147886123,0,1.1825339
677,1,0,56,0,0.47813616277429616,1,0,0,0.791647052293494,1,96.72071
544,2,1,22,4,0.0,2,1,0,0.35001387632518904,0,1.0268205
567,2,1,35,8,0.6103583331383671,1,1,0,0.44327978321929745,0,38.944126
490,2,1,40,6,0.6222091208426497,1,0,0,0.9544789027352112,0,35.331154
626,1,1,34,7,0.45044065500857344,2,1,1,0.2832005456521098,0,1.5214777
718,0,1,43,5,0.5285641273713962,2,1,0,0.1649533530452158,0,4.7440863
616,1,1,44,5,0.4066048490046298,1,0,1,0.8912040599877288,1,50.92777
772,1,0,35,9,0.0,1,0,1,0.12719579719863247,0,3.3149276
561,1,1,32,5,0.0,2,1,0,0.4243425747158854,0,0.7093234
814,1,1,49,8,0.0,2,0,0,0.7891301619304644,0,11.298497
651,1,0,56,4,0.0,1,0,0,0.4218984913059197,1,97.18141
538,0,0,42,4,0.32037007535609385,1,1,0,0.5960813257666107,0,47.524734
600,1,0,26,6,0.4340771187217886,1,1,0,0.4127165644319032,0,11.6589155
654,1,0,35,2,0.3621621830600624,1,1,1,0.43380582845661764,0,3.9579988
622,1,1,40,4,0.39777010657992656,2,1,0,0.9868969986633723,0,1.2862434
682,1,1,28,10,0.8000258591047864,1,0,1,0.4143448699350788,1,14.253095
610,2,0,37,10,0.5594460683220028,2,1,1,0.6478232671220101,0,25.35697
795,1,0,36,1,0.6052044477500806,1,1,1,0.6769511988394892,0,11.437927
557,1,0,27,2,0.0,2,0,1,0.022431992255260377,0,0.7053141
824,0,1,49,8,0.5310183110600804,1,1,1,0.33940136283015027,0,82.36615
698,1,1,27,7,0.0,2,1,0,0.5573530772188744,0,0.96819866
630,1,0,36,8,0.5045833150822313,2,1,1,0.6720459303863519,0,3.544557
609,0,0,71,6,0.45164592524399055,1,1,0,0.5412848927072536,1,96.613686
694,1,1,47,4,0.0,2,1,0,0.9876795233944841,0,3.8837903
681,1,0,58,8,0.37136145596006737,1,1,1,0.6988150868407933,0,27.027338
721,2,0,32,10,0.0,1,1,0,0.680606897958755,1,28.998676
563,0,1,44,7,0.418525744855212,2,1,1,0.9890973587977652,0,10.12334
654,2,0,32,2,0.0,1,1,1,0.25983151390957837,1,9.139491
659,2,1,27,4,0.0,2,1,0,0.49669888474349294,0,2.318778
674,0,0,44,4,0.5244912386539093,1,0,1,0.8567490195313652,1,48.34929
576,0,1,44,9,0.47641064146801604,1,1,0,0.5952823494643738,1,84.79157
566,0,1,54,4,0.47276007561476463,2,1,1,0.8630326196151732,0,11.937713
545,0,1,37,9,0.38194443807842465,2,0,1,0.5246766066159319,0,5.7128468
798,1,1,36,1,0.0,2,1,1,0.7952385452810743,0,1.1629666
757,1,1,38,0,0.0,1,1,0,0.4162971563784341,0,7.2107224
641,1,1,50,6,0.6121638072254756,2,1,1,0.6545585103377372,0,4.3043575
718,1,1,29,2,0.0,1,1,0,0.6316860260154844,0,5.797091
699,1,1,64,9,0.45081857737537984,1,1,0,0.1398594565781032,1,93.54226
623,1,0,35,0,0.5203596408406298,1,1,1,0.23936850969267562,0,22.507528
644,1,1,40,8,0.37139856265944476,1,1,0,0.3693898267284526,0,7.319114
586,1,1,58,7,0.6055591335908537,1,1,0,0.8148201653257885,1,96.773315
500,0,1,30,2,0.500185712852577,2,1,1,0.3440123031749532,0,2.7650514
583,1,0,42,7,0.0,2,1,0,0.7202061296853849,0,1.7773571
595,0,0,26,8,0.47249351320291044,1,1,1,0.7559751956311827,0,10.725911
670,2,1,43,1,0.3897686506900073,1,0,0,0.6011276076865341,0,38.85811
610,1,1,41,6,0.0,3,0,0,0.28056294376112917,1,43.67531
814,2,0,72,2,0.0,2,0,1,0.6542697327594785,0,9.258321
660,1,0,40,8,0.666330341534286,1,1,1,0.9258152153530662,0,8.769456
580,0,1,35,9,0.48368319583461167,1,0,1,0.17831637921421492,0,16.418228
850,1,0,81,1,0.0,2,1,1,0.2978117410212675,0,0.52476805
676,2,1,35,0,0.0,2,0,0,0.699566808630224,0,13.973681
578,1,1,46,5,0.45128470288474504,1,1,0,0.28382300509698677,0,30.9226
579,1,0,33,1,0.4718758520640791,1,1,1,0.7878410888239826,0,8.913719
711,0,0,52,8,0.5789702902879812,1,0,1,0.6573714289714667,0,89.67873
692,1,1,40,6,0.651679572371396,1,0,0,0.4521057260968422,0,21.231546
760,2,0,33,1,0.4707659591988126,2,0,1,0.7833179568648805,0,1.5290903
630,0,0,51,0,0.43224414342891176,3,0,0,0.4418477464597869,1,97.771034
808,1,1,32,1,0.0,2,1,1,0.2309677074160582,0,0.73366153
611,0,0,36,10,0.41169926801754453,1,1,0,0.8027593635192161,0,68.19595
697,1,0,42,1,0.0,1,1,0,0.006256847528939013,1,35.968388
655,1,0,38,6,0.0,1,1,1,0.9432285783292303,0,7.7247524
601,2,1,28,6,0.0,2,1,0,0.07327549781004085,0,6.248131
755,1,1,42,2,0.4779594774914389,1,1,0,0.7843580561943665,0,18.394016
553,1,1,37,1,0.0,1,1,0,0.1522643912493643,0,10.755798
723,1,1,28,4,0.0,2,1,1,0.6194306556276125,0,0.805925
507,2,0,34,4,0.0,2,1,1,0.3034129759392022,0,2.0428553
777,1,1,43,1,0.0,2,1,0,0.10888204823560649,0,2.0719233
566,1,1,34,3,0.0,1,0,0,0.9407103878420389,0,8.242249
732,1,1,26,7,0.0,2,1,0,0.7718391106350656,0,0.31416246
697,1,0,42,10,0.0,2,1,0,0.30653212381782463,0,5.8802886
555,1,1,29,4,0.5131328022465217,1,1,1,0.23723940636330768,0,2.2889972
584,0,0,62,9,0.5489373793160403,2,0,1,0.6055144266277429,0,23.214453
705,0,0,44,10,0.42539813674946675,1,1,0,0.6871070687250632,1,82.960045
688,1,0,38,7,0.49240793343624106,1,1,1,0.7883374862299348,0,24.575964
626,1,0,37,2,0.5339576718180676,2,1,0,0.7434613505589783,0,1.6374415
636,2,1,76,9,0.5043266770185457,1,1,1,0.19890919582820157,0,2.5424933
719,2,0,35,8,0.0,1,1,1,0.8258329670483531,0,9.79162
706,2,1,30,6,0.3491843242011129,2,0,0,0.688380590346378,1,7.9944425
731,2,1,41,3,0.0,2,1,0,0.5068491040894405,0,4.79428
738,2,1,49,3,0.0,3,1,1,0.3253055666816181,1,96.74254
426,1,1,34,9,0.0,2,1,0,0.5393781606143386,0,0.47880885
622,2,0,36,0,0.43427991022171597,2,1,0,0.5558966881337167,1,20.79511
701,2,0,30,2,0.0,2,1,0,0.5782504729201638,0,7.3576393
512,1,1,51,6,0.5777377978445353,1,1,1,0.8251967562902257,0,42.90325
635,1,1,41,4,0.41269696393463984,2,1,0,0.9687673672835755,0,0.70656914
685,1,1,33,6,0.0,1,1,0,0.29226131095519625,0,20.447035
609,1,1,53,7,0.0,2,0,1,0.2616313357925682,0,9.964008
598,0,1,38,1,0.40449562609264983,1,1,1,0.3797738684044326,1,54.972015
708,1,1,52,10,0.41991475503061826,1,1,0,0.0005575032415595688,1,73.535034
574,2,1,36,4,0.3107536609784475,1,1,0,0.8353566265578363,1,36.899094
629,1,1,44,5,0.0,4,0,0,0.587861190743716,1,89.36928
422,2,0,54,4,0.0,2,1,1,0.03577906690088903,0,18.444487
656,2,1,28,8,0.4784722354801506,1,1,1,0.6858745510196224,0,6.5762563
697,1,1,32,7,0.6993470934752832,3,1,0,0.5822098010359988,1,6.4067235
718,1,1,52,8,0.3167632722911522,3,1,1,0.1620641771289158,1,82.59475
586,0,1,37,8,0.6685411196235094,2,0,1,0.5233210271580936,0,2.6067262
481,2,0,37,8,0.0,2,1,0,0.22104250955966293,0,7.6713195
749,1,0,33,1,0.2964788611981861,1,1,0,0.10077407392405974,0,8.914702
561,0,1,49,5,0.3776593117946813,1,1,1,0.13341139078782022,0,77.97972
676,2,1,27,4,0.0,1,0,1,0.5397719982258306,0,4.611374
615,0,1,43,3,0.34643890672902294,1,1,1,0.7502555994097435,0,76.87822
582,1,0,39,1,0.5264188340373577,2,1,0,0.9613096550720592,0,2.1587334
601,1,1,40,10,0.5095609137558601,1,0,0,0.8662532271831959,0,27.183825
708,1,1,34,3,0.0,1,0,1,0.607289496146882,1,6.2992826
708,0,1,42,9,0.704279414801444,2,1,1,0.5240158435130555,0,4.2896624
797,0,0,33,10,0.3330259708234527,1,0,0,0.3488111114611445,0,13.09521
682,1,1,26,8,0.0,2,1,0,0.8918944259176751,0,0.46707922
694,2,0,39,9,0.0,2,0,0,0.49961001275621814,0,4.526255
490,1,0,40,1,0.0,1,1,1,0.24793672795751992,1,36.972572
828,2,1,42,10,0.0,1,1,1,0.9303866519252588,0,26.07051
594,2,0,38,7,0.38604658170175793,1,1,0,0.38753635972235345,0,56.21318
579,2,1,33,1,0.0,2,1,1,0.27405112188213976,0,2.5110483
723,1,0,35,0,0.0,2,0,1,0.3064263137129596,0,12.375645
619,0,0,42,8,0.5292827856919916,3,1,1,0.9591404479127756,1,83.30597
794,2,0,30,1,0.6176632910995856,1,0,1,0.7838592085544169,0,3.2976944
674,0,1,44,3,0.3543359377506621,1,1,0,0.3686339045378834,0,56.211834
418,1,1,28,7,0.3935419356918979,1,1,0,0.6109515458726308,0,6.3057394
502,1,1,33,8,0.0,2,1,1,0.617546125655,0,0.504884
678,1,0,50,6,0.0,1,1,0,0.04094351010521504,0,64.075485
599,0,1,40,10,0.5478570203543599,2,1,1,0.07051438412368381,0,15.005726
736,1,1,29,4,0.0,2,0,0,0.2584918359703352,0,0.34691736
430,1,0,60,7,0.29468944940951924,1,1,0,0.809707527068835,1,92.168846
537,1,0,45,7,0.6322130232238915,1,1,0,0.6044646263718185,1,52.48443
683,2,1,30,1,0.45140718289246445,1,1,1,0.3251482516580333,0,35.114693
828,1,1,31,9,0.0,1,0,1,0.8213073848552536,0,6.367854
691,1,0,29,9,0.4644771508623282,1,1,0,0.25990687110619065,0,16.865488
608,2,0,28,4,0.0,2,1,0,0.0544454495404311,1,7.6993227
691,1,0,60,6,0.40283562939837453,1,1,0,0.8868057899529403,1,97.235916
718,2,1,39,6,0.0,2,0,1,0.31941810442897295,0,3.0581794
680,0,0,31,3,0.5075027075734216,3,1,1,0.882194349560383,0,34.099346
838,2,0,41,5,0.0,2,1,0,0.4065484753793987,0,7.708126
695,2,0,31,5,0.0,2,0,1,0.06994317957364928,0,3.1880815
681,1,1,46,0,0.42236040935983216,1,1,0,0.028802650653137373,0,39.1047
762,1,1,36,5,0.4764781589210186,1,1,1,0.21343073263496662,0,8.398143
751,2,1,38,7,0.0,2,0,0,0.4541835245265923,0,1.6150222
678,2,1,28,5,0.5526872683646177,1,1,1,0.27068800070406723,0,10.253728
634,1,0,37,7,0.20559144152910852,2,1,1,0.9215945122759223,0,3.277556
749,1,1,37,7,0.0,2,1,0,0.10148574188835033,0,0.5528132
590,2,1,37,6,0.6771790092144585,1,1,1,0.6412842426451726,0,31.992615
610,1,0,27,4,0.34780017655774104,2,1,0,0.9136297016365063,0,1.2744666
502,1,1,33,7,0.0,2,0,1,0.02035664405950768,0,0.5874435
578,1,0,40,7,0.0,2,0,0,0.5111595657385279,0,1.428787
547,1,0,32,2,0.0,2,1,0,0.6600192818414158,0,1.3037592
579,1,0,27,9,0.0,2,1,0,0.6341961657338275,0,1.5441334
661,1,1,39,5,0.0,2,0,0,0.9073360505928315,0,0.77156496
794,1,1,46,6,0.0,2,1,0,0.9766640714188204,0,2.0691075
719,1,1,61,5,0.0,2,0,1,0.14561815653394897,0,3.8610518
728,1,0,69,1,0.0,2,1,1,0.6590293373017122,0,3.3087544
598,0,1,19,3,0.5992407913507831,1,1,1,0.8689452842746482,0,3.8570426
822,0,0,46,3,0.45864844965539603,2,1,0,0.13120392997531263,0,11.831861
670,2,0,40,3,0.0,1,1,1,0.9132800682465174,0,10.360426
850,1,1,28,8,0.3985163059631104,1,1,0,0.9829487216029129,0,7.735627
723,0,0,68,3,0.4398479079693274,1,0,0,0.7098975952203436,1,98.27806
705,0,1,42,8,0.6643570702351701,2,1,1,0.276536059193653,0,3.5565917
677,2,1,40,7,0.3798865108937259,1,1,1,0.3146959034587803,0,15.781959
736,1,1,43,4,0.8068752934707475,1,1,0,0.3618518068475539,0,23.455616
661,0,0,47,0,0.43640674984811567,1,0,0,0.9416520777734273,1,93.55117
501,0,1,38,9,0.35463558132307826,2,0,1,0.6670211505198747,0,2.5129433
516,1,0,29,2,0.41842713908264517,1,1,0,0.7869097498811136,0,8.923539
517,0,0,59,8,0.6142373981404163,2,1,0,0.506190841225337,1,64.734314
766,1,1,32,6,0.7401980620896716,1,1,1,0.5125035440884604,0,4.1912565
520,0,0,23,3,0.46242890888487836,2,1,1,0.18784833951642382,0,3.5977955
541,1,1,46,6,0.0,2,1,1,0.4172652988360388,0,8.089075
790,0,0,34,2,0.6536976028793205,1,1,0,0.9971393768104854,0,52.011395
797,1,1,31,9,0.0,2,1,1,0.12369836319368498,0,0.5895714
811,1,1,40,1,0.4046060693407431,1,1,1,0.6088252428106884,0,7.8684354
722,2,0,32,4,0.0,2,1,1,0.5683287753980505,0,2.8814816
675,1,1,28,9,0.0,1,1,0,0.670560788555307,0,7.794811
660,0,1,39,9,0.5364701261775249,2,1,0,0.9155088810981448,0,2.741187
566,2,1,32,10,0.5879329731047376,1,1,1,0.7994735997287741,0,12.50692
768,1,1,25,0,0.3124618445680476,1,1,1,0.04152701583001176,0,1.5602554
610,2,0,31,5,0.0,2,0,0,0.3186543314886572,0,5.327449
715,1,0,31,3,0.44074185658408166,1,1,1,0.47356352531666773,0,6.590391
750,0,1,42,8,0.6051714463031584,2,1,0,0.3434517996468663,0,2.561554
431,0,1,45,5,0.3333008633106773,2,0,0,0.18445781572140138,0,8.552167
704,1,1,24,2,0.5906667125285808,2,1,0,0.9139047779062899,0,3.8886063
535,2,0,30,5,0.4899389628673539,1,0,0,0.3119248388221075,1,41.635258
614,1,0,38,4,0.289336598776021,1,1,1,0.3801908082221852,0,42.757954
748,1,1,38,4,0.4592357000406022,1,0,1,0.3547597295541724,0,6.3374624
492,0,1,51,8,0.4695481739219299,2,1,1,0.33652983859958624,0,27.039701
573,1,1,40,7,0.5889031678160643,1,1,1,0.5522671415120144,0,6.0389433
706,2,0,53,3,0.0,3,0,0,0.4423794472372112,1,98.52482
680,1,1,31,10,0.4515465621918445,1,1,1,0.613199310534156,0,10.947387
458,2,1,36,5,0.0,2,1,0,0.39859906621082314,0,5.1623893
612,0,1,44,2,0.45900461019850736,1,1,1,0.4883763399404643,1,82.37562
809,0,1,50,10,0.4707035434187642,1,1,1,0.5035902928729694,1,81.74048
590,1,1,39,9,0.0,2,1,1,0.5236447080696206,0,3.7750216
602,1,1,35,8,0.0,1,1,1,0.11244928890709062,0,10.508791
540,2,1,37,0,0.481572817074853,1,1,0,0.14124503890121504,0,25.89364
494,1,1,25,6,0.0,2,0,1,0.5499350687990703,0,0.35534492
797,1,1,29,1,0.0,1,0,1,0.7499703221657669,0,1.078174
526,0,1,61,6,0.5334647226688733,2,1,1,0.22586767036251962,0,11.784586
631,2,1,38,7,0.0,2,1,0,0.9080580695456416,0,3.383585
576,1,0,29,5,0.43261006889291187,1,1,1,0.6323479392281962,0,4.522413
405,1,1,39,10,0.0,1,1,0,0.8040731389847731,1,20.88148
555,1,1,30,1,0.0,2,0,0,0.44071848861566276,0,0.7532554
750,2,0,37,2,0.4536386068144242,1,0,0,0.44165297785938556,0,40.852077
665,1,1,28,8,0.5472350546789736,1,1,0,0.4508593070638246,0,3.981996
640,2,1,37,5,0.6298349262045001,1,1,0,0.4064713680156455,0,28.260971
457,1,0,33,7,0.5095197815176672,1,0,1,0.3000366034956338,0,6.927347
695,1,1,36,4,0.6438191697672948,1,1,0,0.5046948483580181,0,10.362516
645,1,1,31,7,0.6423791428623471,2,1,0,0.06294781151599978,1,1.8999577
647,2,1,32,9,0.32267427783129005,1,1,1,0.642957152408055,0,15.988925
808,2,1,25,7,0.0,2,0,1,0.11585501415385167,0,0.31367853
641,1,1,33,2,0.5826811993666433,2,1,1,0.2789528900009951,1,1.7681801
700,2,1,29,8,0.0,2,0,1,0.7604998277335484,0,2.6866813
660,0,1,26,4,0.45844015791431497,1,0,1,0.8122349184347104,0,3.1893954
615,2,1,41,1,0.5052785774495135,1,1,1,0.2777249227301207,0,26.226768
705,0,0,40,3,0.37022964184382595,1,1,1,0.5474778341331596,0,41.517334
718,1,1,48,9,0.0,2,1,1,0.3605046781967678,0,5.3128314
754,1,1,61,5,0.5843900605221827,1,1,1,0.2090381631445803,1,26.317417
713,0,1,45,4,0.5222763553122306,1,1,0,0.3700026352516665,1,64.02243
587,1,0,46,6,0.3540094306815967,1,0,0,0.3510973297949954,0,64.41203
569,2,1,31,1,0.4599754824757734,1,0,0,0.7276526908319744,0,31.858986
568,1,0,38,3,0.5299040738014388,1,0,1,0.622432942345994,0,12.672377
634,0,1,74,5,0.4340076881414283,1,1,0,0.050337007184186086,0,8.676173
770,0,0,46,5,0.5651243897472477,2,0,0,0.8248569238362262,0,7.9309516
676,2,0,64,4,0.46614272751139724,1,1,1,0.45573302250364905,0,8.345049
723,0,0,47,10,0.3605049364863639,2,0,0,0.5168880128052229,1,29.333857
614,0,0,39,8,0.5021848512278432,1,1,1,0.6402499438696395,1,69.51478
601,2,0,41,3,0.0,2,1,0,0.27168219564968454,0,6.187954
592,1,1,60,9,0.0,4,1,1,0.06801864578067204,1,97.39935
605,2,0,36,9,0.0,2,0,1,0.17756720766833228,0,4.968219
752,2,0,31,4,0.5764805144590778,2,1,0,0.2024450335006993,0,4.3090906
677,1,0,29,3,0.34522522670459554,1,0,0,0.4595054827736048,1,11.905662
850,1,1,31,8,0.0,2,1,0,0.8933659164450205,0,0.71685356
608,0,0,48,2,0.5098653800034907,2,1,0,0.1609705226849164,0,16.869223
786,2,0,34,9,0.0,2,1,0,0.5851695836952429,0,1.4794142
777,1,0,29,9,0.5230833363458447,1,1,1,0.8187507406957364,1,4.836005
667,2,1,31,5,0.0,2,1,1,0.10168526094241999,0,0.9484387
848,2,1,35,5,0.4784681302276953,2,1,0,0.4235357976686773,0,5.994428
486,1,0,39,8,0.38987686195618315,1,0,1,0.6026562036674502,0,10.933001
598,2,0,64,1,0.251017973074247,1,1,1,0.7613826620442252,0,24.162167
506,1,0,40,3,0.0,1,1,1,0.7217389260674393,0,11.800001
612,0,1,46,9,0.6434884777321342,1,1,1,0.484793397769487,1,89.24557
545,1,1,30,3,0.0,2,1,0,0.8515605740348202,0,0.47522807
793,1,1,56,8,0.47627405214603274,2,1,0,0.14936131400548752,0,45.928783
682,1,0,30,9,0.0,2,1,1,0.9755598159624244,0,1.9076867
517,1,1,62,1,0.17446390285394364,3,1,0,0.9388129566373588,1,98.09786
684,1,1,32,9,0.3995622684891703,2,0,1,0.33797282640492166,0,1.3075411
692,2,1,46,2,0.0,2,1,1,0.5299081562289198,0,7.586147
740,1,0,60,5,0.43056557345653773,2,0,0,0.12985660130542465,1,75.74843
666,0,1,71,1,0.21129411547134538,2,1,1,0.5611088858986033,0,1.4452124
693,1,1,68,2,0.0,2,1,1,0.2992954827185996,0,0.92669797
757,0,1,33,1,0.48660661386461734,1,1,0,0.21286787888243322,0,17.812943
684,0,1,18,9,0.36087959059393404,1,0,1,0.02383052581521535,0,6.9845223
691,2,1,35,6,0.0,2,0,1,0.8902179658157354,0,14.172843
842,1,1,44,3,0.5629862706408009,4,0,1,0.6426092691852072,1,94.84486
482,1,0,35,5,0.5891358120741373,2,0,0,0.5451427611336882,0,1.1980499
735,1,1,55,6,0.5346420931303224,1,1,0,0.011282577486149928,0,66.57992
681,1,0,63,7,0.0,2,1,1,0.2752407854950148,0,3.858218
616,1,0,31,8,0.0,1,0,1,0.3822594557780268,0,16.376968
850,1,0,35,2,0.5123534021323161,4,1,0,0.37737288911091005,1,59.201767
635,1,1,43,10,0.4870432054703964,2,0,1,0.895750344157867,0,9.641166
638,0,1,42,8,0.5786327030229684,1,1,0,0.9673931860492676,1,43.27225
820,2,0,31,2,0.3755410413845718,1,1,0,0.5178455542504309,0,52.186096
694,0,0,58,1,0.5707983667791174,1,0,0,0.5131339042878594,1,99.134026
713,1,1,41,3,0.0,2,1,0,0.27882892816263954,0,0.9600494
543,0,1,41,6,0.5713491481740655,1,1,1,0.9603846167308977,1,55.529564
649,1,0,41,3,0.5218526374592968,1,1,1,0.7240530970707701,0,6.3412046
777,1,0,30,4,0.5494314843130134,1,1,0,0.024985636128250242,1,12.319312
561,1,1,33,6,0.0,2,0,0,0.8684269847770462,0,1.0229205
724,2,1,41,5,0.0,1,0,1,0.5787670722554004,0,10.61594
665,2,0,51,8,0.0,1,1,1,0.19460308459457878,1,66.61452
441,1,1,60,1,0.5604432859572587,1,0,1,0.8719315194601084,0,21.771343
579,2,1,22,3,0.4730230110560029,1,1,1,0.24911489047204008,0,8.985201
777,0,1,35,7,0.4899108239524662,1,1,1,0.3808268689659862,0,15.509839
739,1,0,36,0,0.0,2,0,0,0.667333680366475,0,2.2600305
660,1,1,40,5,0.5251299840504964,2,1,1,0.19376865490654355,0,1.1282067
554,1,0,35,8,0.0,2,1,1,0.883923814724306,0,1.385487
850,1,0,24,6,0.0,2,1,1,0.06574787892243708,0,0.96394634
842,0,0,35,9,0.47807494269884643,1,1,0,0.24105497074970658,1,48.201626
785,1,0,38,1,0.0,1,1,0,0.6748307963410506,1,25.806776
550,1,1,25,0,0.0,2,1,1,0.921135618451562,0,3.0395389
750,2,0,39,6,0.0,2,0,0,0.09627294406615831,0,4.5066366
490,2,0,38,3,0.38767174353539324,1,1,1,0.46397255937942067,0,26.583025
605,0,1,28,10,0.45313549417614146,1,1,0,0.16552910802981682,0,59.650642
563,2,0,42,6,0.3948065925890469,2,1,0,0.7717555526552786,1,11.849134
675,1,1,34,8,0.0,2,1,1,0.9242414150551377,0,1.1216608
621,2,0,36,7,0.4636889822477326,1,1,1,0.7787338690844976,0,27.44671
850,1,1,40,6,0.38796624557803533,1,0,1,0.4440607578023701,0,7.784194
711,1,1,41,3,0.0,2,1,1,0.968772467770672,0,1.6421182
549,0,0,55,1,0.5483991926761977,2,0,1,0.5827378514648148,1,51.277744
764,0,1,34,6,0.43348384995676936,2,1,0,0.8316454721425895,1,1.2261102
627,0,1,30,3,0.5132397779512791,2,1,1,0.20095634133059706,0,1.8169811
850,1,0,34,2,0.0,2,0,0,0.2595620881794211,0,0.71093214
614,2,0,36,1,0.17558858259941318,1,1,1,0.366622512449939,0,47.780617
685,0,0,44,2,0.4769168629382552,1,1,0,0.7269467734168612,1,80.44506
683,0,0,49,7,0.43363275503611853,2,0,0,0.7038252153080619,0,16.184395
643,2,1,35,2,0.0,2,0,0,0.33987130770988633,0,3.8191628
561,0,0,49,1,0.40664048100166894,1,1,0,0.6652638326960225,1,91.905014
601,2,0,20,9,0.4880332488780605,2,1,0,0.433943041560469,0,1.1051238
766,1,0,27,7,0.6328731717327941,2,0,1,0.23786106573177737,0,0.3978665
699,1,1,29,3,0.5009575401709914,1,1,1,0.7581330517064379,0,3.9784126
850,0,1,29,1,0.6163474979024353,1,1,1,0.820217980817168,0,5.568962
792,0,0,50,4,0.5847424346673983,1,1,0,0.08259198753480958,1,90.61218
636,0,1,67,7,0.5448799949015157,1,0,1,0.33373947211958743,1,15.730028
850,0,1,43,5,0.515368969130056,2,0,1,0.0961741846346326,0,6.6070795
628,2,1,40,10,0.0,2,1,0,0.5191545792623196,0,7.166359
736,1,0,63,10,0.0,2,0,1,0.0024558345321978245,0,12.390889
711,1,0,21,0,0.33019115450420533,2,0,1,0.00698616717896559,0,2.747998
583,2,0,22,2,0.0,2,0,1,0.029871752752387848,0,3.0347695
757,1,1,46,0,0.0,2,1,0,0.18726023335228514,0,2.4719028
749,0,0,33,10,0.30567080044331946,1,0,1,0.15193876015159447,0,9.853243
705,1,1,34,7,0.4691779040645547,1,1,0,0.012436637698900245,0,9.644594
585,1,1,54,8,0.3471741056298994,1,1,1,0.2766992247759661,0,29.710892
437,1,0,43,6,0.0,1,1,0,0.7416677792729205,1,77.01697
741,1,0,64,2,0.27625224249415375,1,1,1,0.29615898318289396,0,16.462952
738,1,1,26,9,0.0,2,1,1,0.24319002464735381,0,0.32888532
586,2,0,33,10,0.2668361086367776,2,1,1,0.7038044633262476,0,4.7690077
627,1,0,57,9,0.0,2,1,1,0.5385556320628619,0,26.875895
551,2,1,76,2,0.5118042548669861,2,1,1,0.9086225234509896,0,0.4632483
606,0,1,38,3,0.39815978670861946,1,0,0,0.18523303975529662,0,44.85495
674,1,1,22,3,0.0,1,1,1,0.8697281090344127,0,0.4176485
584,0,0,31,6,0.608304112637924,1,1,0,0.49648351417560377,0,60.817997
590,1,1,40,8,0.0,2,1,0,0.31463729786194583,0,1.8846691
585,1,1,56,4,0.5509296224614545,2,1,1,0.2764076969350573,0,9.124342
508,1,0,25,2,0.44398715829203805,1,0,1,0.24095041076422793,0,1.7383035
458,0,1,44,7,0.33633803270483253,1,1,0,0.8932410545207067,0,84.60919
692,1,0,36,3,0.0,2,1,1,0.04135714960778754,0,7.1013675
502,0,1,33,5,0.6961936218805014,2,1,0,0.16646079700611405,0,1.8060712
518,1,1,46,3,0.0,2,1,0,0.38255758424929576,0,3.9768224
660,0,1,46,5,0.4345176561527432,2,1,1,0.1683609784734442,0,9.5484915
698,0,0,52,1,0.43008199066003255,1,1,0,0.8444546954234129,1,91.79991
678,1,1,54,7,0.5138140748700001,1,0,0,0.9587648120395498,1,78.60744
773,2,1,63,9,0.4431274466856245,1,1,1,0.4654416496775442,0,30.91053
619,0,0,52,8,0.49461966808914337,1,0,0,0.11947610996850198,0,95.275925
684,0,1,59,9,0.4881308183733085,1,0,1,0.07898499306683787,0,38.154404
635,1,1,34,3,0.5368410736008393,2,1,1,0.4188471999075912,0,1.1163552
680,1,0,25,4,0.49349319478677584,1,1,1,0.45079690110405546,0,2.6170948
608,0,1,34,3,0.4236323201982128,1,1,1,0.18315584138285204,0,32.236946
603,0,0,55,7,0.50906425792241,2,1,0,0.69735424733062,1,67.1023
579,2,1,43,2,0.581287087518283,1,1,1,0.9920486906499569,1,24.319351
756,0,0,34,2,0.5906809414133046,1,0,0,0.9729574174333648,0,35.367607
611,1,1,30,2,0.4150914421070324,1,0,0,0.7981665249031282,0,5.820023
532,0,1,24,8,0.5689770296776672,1,0,0,0.17111584156286924,0,13.453977
684,0,0,63,3,0.3238198824072356,1,1,0,0.3481919023266722,1,98.871056
647,0,0,33,3,0.6718283905628776,2,0,0,0.4513360025882472,0,4.6242695
583,1,1,38,8,0.0,1,1,0,0.2392077443395844,0,8.191896
774,0,1,42,2,0.526883006562545,2,1,1,0.8143474701834024,0,3.9000716
677,1,1,58,9,0.0,1,0,1,0.8432746327274254,0,13.241707
542,0,1,25,8,0.5553254709910308,1,0,0,0.27182990975638177,0,6.1862645
613,2,1,29,0,0.0,2,0,1,0.6694926365467903,0,25.436731
666,1,1,40,5,0.0,2,1,0,0.7394029629829648,0,0.7153039
777,1,0,28,2,0.5363592046475922,1,0,1,0.5915654945047252,0,7.4165597
581,0,1,50,2,0.573257452856656,2,1,0,0.906149837309463,1,17.004402
705,1,1,32,7,0.0,2,1,0,0.039553727380964875,0,0.90567833
673,1,0,44,8,0.531869214309284,1,0,1,0.02848577039107234,0,21.452972
594,0,0,23,4,0.4175154940398311,2,1,0,0.2837517982967373,1,6.441541
648,0,0,51,2,0.4646302409077726,1,1,0,0.02054926245456441,1,88.04168
605,1,1,41,10,0.0,2,0,1,0.4860539681539587,0,4.4657264
734,1,0,40,9,0.7051261330845524,1,1,1,0.0639443566860635,0,9.944536
572,1,0,36,8,0.2724141104461975,2,0,1,0.251967762921359,0,1.2855147
595,1,0,33,9,0.0,2,1,1,0.2072011877134266,0,2.1337674
749,1,1,42,2,0.22609510498864302,2,0,1,0.9277474498814636,0,3.1481411
573,2,1,46,3,0.26014239486637786,1,0,1,0.9499760727149442,1,37.03776
624,2,1,33,6,0.2639325393031091,1,0,1,0.8541187183376012,0,19.943117
703,1,1,56,9,0.0,1,0,0,0.42771959722153463,1,91.65647
665,1,0,41,8,0.3832135589394085,1,1,0,0.6851973863503964,0,9.757394
648,1,1,42,4,0.0,2,1,0,0.09636700304879114,0,1.7362993
850,2,1,48,2,0.0,1,1,0,0.8471495027775151,1,94.06369
569,0,0,32,8,0.5792408782386507,1,1,1,0.6601983989470994,0,10.932586
566,1,0,21,3,0.0,2,1,1,0.01807617627483424,0,0.11552541
537,0,0,47,4,0.49499093436701735,2,1,1,0.25437394271152897,0,23.875956
706,0,0,46,7,0.44355929532982896,1,1,1,0.7458645800673964,1,70.24735
734,1,1,43,7,0.4296791179239348,1,0,0,0.9125576492555038,0,16.538923
586,0,0,36,5,0.41331797304634726,1,1,0,0.9703975729682184,1,63.66663
612,1,0,38,1,0.0,2,1,1,0.04599254228778847,0,10.742959
648,1,1,34,0,0.0,1,1,1,0.8396813395679287,0,11.925019
557,1,0,27,3,0.3497000714513212,1,1,1,0.6154836786913149,0,3.3346913
643,2,0,20,0,0.531344578988226,1,1,1,0.01977243826785458,0,6.93322
433,1,0,49,10,0.0,1,1,1,0.43854203076393794,0,44.35195
643,0,1,41,7,0.617392743005736,1,1,1,0.24830221286132823,0,38.142254
488,1,0,36,0,0.0,2,1,0,0.683383463120728,0,4.409435
758,0,1,68,6,0.4487712521047889,1,1,0,0.17928642185328697,1,83.16936
743,0,1,39,3,0.4770691957041204,1,0,1,0.13063522566405092,0,39.143433
730,1,0,47,7,0.0,1,1,0,0.1668243317236796,1,69.485115
746,2,1,49,7,0.0,2,0,1,0.050428165889842475,0,18.419104
666,0,0,59,8,0.6082729047479,2,1,1,0.9439437466278028,0,30.350245
580,0,0,33,7,0.5247031175087863,2,0,0,0.3988561407614427,0,5.2124085
850,1,1,27,6,0.38523497727702916,2,0,0,0.7637158348622293,0,0.9559206
563,1,1,22,3,0.5483622454041002,1,0,1,0.02890411034253771,0,2.5877142
766,0,0,28,3,0.24997336568006556,2,1,1,0.06586053968153958,0,4.6397877
659,1,1,32,9,0.3801429098164917,1,0,1,0.9377878587405096,0,1.9846778
607,2,1,28,1,0.5417980662985519,2,1,1,0.5527955919790339,0,4.168799
644,0,1,35,5,0.6440507777480491,3,1,1,0.31895065978800974,0,28.41503
746,1,1,47,8,0.567489493443334,1,1,1,0.31040484366256976,0,28.970924
588,2,1,33,2,0.0,2,1,1,0.06236585593924219,0,2.6307187
691,2,1,30,9,0.0,2,0,1,0.05476252982159796,0,5.175506
666,1,0,38,6,0.5063533564564003,1,1,1,0.04118103278863131,0,7.908111
640,2,0,46,3,0.0,1,1,1,0.7813171157845573,0,51.14528
611,0,0,29,4,0.3144140316094077,2,1,1,0.13459340367005046,0,4.784883
651,2,0,45,8,0.38231817547913577,1,1,0,0.42389468194212543,1,78.75139
529,1,0,29,8,0.0,2,1,0,0.09916211998245832,0,0.7273068
676,1,0,36,3,0.3655332330349745,1,1,1,0.47695479918332195,0,15.906805
639,0,0,46,10,0.43854893435019776,2,1,1,0.6699840334751969,0,42.05686
782,1,1,36,5,0.32368010453965596,2,0,1,0.5400105710095314,0,1.3354437
641,0,1,32,5,0.4900313111191879,1,1,1,0.49576374543768925,0,15.226547
697,1,0,38,1,0.7256565803270962,1,1,0,0.24748323464890895,0,20.67409
623,1,1,45,0,0.0,1,1,0,0.982704548284361,1,35.87909
494,2,0,41,2,0.2788967424981195,2,1,0,0.9421627265403846,1,16.979399
731,1,0,38,10,0.49307561488411494,2,1,0,0.8567273174588173,1,7.3512473
657,1,1,44,6,0.3048849036674612,1,1,0,0.3953393049036183,0,28.425499
744,1,0,38,9,0.0,2,0,0,0.10465589463793791,0,1.246494
774,2,1,46,9,0.0,2,1,1,0.17383000076507304,0,5.7865715
850,0,0,45,1,0.485754554767635,1,0,0,0.03427242301639806,1,75.52457
551,1,0,45,6,0.0,2,1,1,0.25568366779027396,0,5.5802183
638,1,1,36,6,0.7511224577277572,1,0,0,0.23512155410841734,1,7.2342815
792,1,0,42,0,0.3947655799213139,2,1,0,0.23576466552555767,0,7.312478
666,1,0,36,8,0.0,1,0,1,0.7933528151938509,0,7.7892227
716,0,0,30,2,0.8201368930309514,2,0,0,0.32729665683072734,0,6.6264653
594,1,0,31,0,0.31622779591506656,1,1,0,0.39125876521207775,0,24.731325
600,0,1,57,9,0.5518417059292879,2,1,1,0.5177327934817775,0,45.60617
565,1,1,49,7,0.0,2,1,1,0.44803118697835637,0,2.4882896
678,0,1,48,2,0.4029520511694609,2,0,1,0.9674146881027138,0,10.876842
648,2,0,31,5,0.0,2,1,1,0.02593967723917634,0,4.622259
642,1,1,40,8,0.43531550997458773,1,1,0,0.2641048720152775,0,7.473861
706,0,1,67,1,0.4913416837888244,2,1,1,0.4325228059279661,1,3.7648056
668,2,1,43,10,0.4505188142325038,1,1,1,0.5021094514526138,0,25.464561
635,2,1,41,1,0.0,2,1,0,0.8780834569701406,0,2.8921297
603,2,1,30,6,0.5163391239845628,2,1,1,0.09636555291030291,0,2.4703662
635,1,0,72,4,0.29818018941475405,1,0,1,0.13719685229939457,0,4.2465916
642,1,0,40,7,0.0,2,1,0,0.9198466453546312,0,1.0073345
785,2,0,54,1,0.0,2,1,0,0.22553323842426948,1,85.42857
628,0,0,28,3,0.6119541603525162,2,1,0,0.5538750450668039,0,5.273118
499,1,0,38,9,0.0,2,0,1,0.9152405054682722,0,1.6720148
567,2,1,34,10,0.0,2,0,1,0.8078782023683262,0,1.5136571
449,2,1,32,0,0.6202492812918584,1,1,1,0.8334818475164377,0,23.531078
701,2,1,35,10,0.6364891020095051,2,1,1,0.3558442831290388,0,4.4690275
613,2,1,37,3,0.6841549491269544,1,0,1,0.02671025082895416,0,36.80477
683,0,0,39,2,0.19005911922246999,2,1,1,0.4300805726946923,0,31.823217
581,1,1,35,4,0.0,2,0,1,0.4319024466836583,0,0.5387043
620,1,1,61,5,0.0,1,0,0,0.15816480473885255,1,97.76478
561,2,1,28,6,0.4929969773783452,1,1,1,0.35272058481584995,0,9.327458
558,0,1,26,1,0.5932818779130603,2,1,1,0.12200885184535122,0,0.5194054
642,1,1,35,2,0.5307411865909383,1,0,1,0.6112747767411788,0,9.551408
805,0,1,24,6,0.5708347560557357,2,1,0,0.9302095350105934,0,6.429439
687,1,1,35,9,0.0,2,0,1,0.36564611920438406,0,0.964675
695,2,1,56,1,0.0,3,1,0,0.9387041962507419,1,99.14792
562,1,1,33,6,0.0,2,1,0,0.5579471339512924,0,1.0617326
613,0,1,38,9,0.5032556445527346,2,0,0,0.0792494183194495,0,6.653125
589,1,1,37,5,0.0,1,1,0,0.30659572989220474,0,12.908279
593,2,1,31,8,0.4492395298824316,1,1,1,0.8843710074312097,0,14.549838
714,1,1,34,5,0.5626708039108629,1,0,1,0.49446962184888654,0,4.647901
588,2,0,35,7,0.0,2,1,1,0.5436897723732615,0,3.2697325
679,2,1,39,6,0.0,2,1,0,0.06127825207307297,0,4.394611
730,2,1,38,5,0.47376351091393326,1,1,1,0.8166075860244653,0,17.935743
833,1,1,47,2,0.0,2,1,1,0.9112679760917166,0,12.912115
586,2,0,33,7,0.0,2,1,1,0.8413294469621848,0,2.6420655
567,2,0,54,5,0.36794345465124906,2,1,0,0.7929711287427949,1,77.9867
637,0,1,30,1,0.4869926670226944,1,1,0,0.5128233746322773,1,16.64745
711,1,1,38,4,0.4916173335556282,1,1,0,0.7091489737269908,0,8.971088
828,1,1,30,4,0.29123450082860336,2,0,0,0.8083750498172575,0,0.8925266
500,2,1,38,7,0.0,2,0,0,0.9600999395442265,0,2.8317702
807,1,1,47,1,0.37912042295738485,1,0,0,0.6393786606620933,0,68.39283
850,1,1,40,8,0.4097306998231832,1,1,0,0.30402893476326986,0,8.438249
782,1,0,70,7,0.38689979664651897,1,0,1,0.6558908375749883,0,11.3036585
629,2,1,31,6,0.5296036729494433,1,1,1,0.6543151370955926,0,23.770683
582,2,1,33,6,0.0,2,0,1,0.3648315914169803,0,1.5391212
468,1,1,22,2,0.0,2,1,0,0.14057547495785847,0,0.46755943
670,1,1,36,3,0.0,1,1,0,0.7037802610149269,1,4.6489134
805,1,1,39,2,0.0,1,0,0,0.8332732775980106,0,6.131663
720,1,1,26,10,0.20710763481698888,2,1,0,0.2275000262525071,0,0.7917038
781,2,0,29,6,0.393625515443342,1,0,0,0.5610088763476911,0,24.341784
592,0,1,33,2,0.6240416577105071,1,1,1,0.18566083060932315,0,24.572916
542,1,0,42,1,0.0,1,1,1,0.891310120116471,1,34.370823
532,1,1,42,1,0.6338219234749854,1,1,0,0.5049049684244845,1,17.903389
520,1,0,39,1,0.292920404455849,1,0,1,0.5481250959466629,1,47.82391
759,1,0,45,8,0.0,2,1,1,0.49624569146353475,0,4.8352284
473,1,0,35,6,0.2774726583211535,1,1,0,0.7167389985743639,0,29.51824
639,2,0,35,5,0.5441502563849729,2,1,0,0.29823573151235944,0,4.099466
705,1,1,25,3,0.45331660356601367,1,0,1,0.9843591562994265,0,5.096685
530,1,1,52,1,0.4253650555889047,1,0,0,0.5497966055758324,1,87.92318
516,0,0,33,10,0.5534035751328359,1,1,1,0.6362863653478906,0,15.485035
850,1,0,40,0,0.0,2,1,0,0.005442369746310773,0,2.3031282
746,0,0,33,2,0.42992810347818916,2,1,1,0.7309739080082147,0,9.067697
622,0,1,33,3,0.386316691370588,2,1,0,0.2427341311095209,0,2.4010093
743,1,1,30,7,0.30928585386999163,1,0,0,0.7220465554460451,0,2.4919188
732,0,1,38,5,0.7125902791846683,1,1,1,0.9788382290508743,0,34.40703
850,1,1,81,5,0.0,2,1,1,0.22410085163133078,0,0.46930945
850,0,0,34,3,0.5168171268262743,2,1,1,0.44370442377247027,0,2.0577435
686,1,1,34,6,0.5826195408661741,2,1,1,0.44417006824151706,0,2.0834215
556,1,0,40,8,0.0,2,1,0,0.31053525611695915,0,2.1582372
673,1,1,37,4,0.0,2,0,0,0.8178355532953396,0,0.23282519
809,1,0,38,2,0.6168369396514737,2,1,1,0.8740271195899207,0,7.4824276
634,0,0,56,3,0.4633404742140525,1,0,1,0.21211175667276222,1,95.09523
630,1,1,37,6,0.0,2,1,1,0.41321981249209294,0,2.020291
564,0,0,30,0,0.40237404756648415,2,0,0,0.6708819192232858,0,19.56882
625,1,0,51,4,0.4966957301269213,2,1,0,0.4612058451582126,1,18.963808
677,2,0,34,4,0.0,2,1,1,0.030822693567235666,0,3.1758454
583,1,1,40,9,0.4491905059938878,1,0,0,0.14602419531065217,0,10.134037
592,2,1,45,8,0.33755737239769346,1,0,1,0.33604429222990795,0,40.176086
637,0,1,49,2,0.43126880718781085,1,1,0,0.8452120177476948,1,87.89246
850,1,1,30,6,0.34455977723863906,1,1,1,0.9440784094881061,0,4.235984
633,2,1,42,10,0.0,1,0,1,0.39702086549265453,0,30.34848
751,0,1,36,5,0.2917319537984526,1,1,1,0.4460980023592253,0,32.54653
592,0,1,31,7,0.4965889935630838,1,1,0,0.4303815514381623,0,33.963326
716,0,1,50,2,0.47690984813794324,1,1,1,0.06466912590152359,1,75.6992
641,0,1,42,3,0.48531804287549585,2,1,1,0.8326058138552231,0,3.6482677
849,1,1,35,4,0.44176394487498893,1,0,0,0.6321014656899734,0,10.707152
647,2,1,47,10,0.3979112395793846,1,0,1,0.4454998952399954,0,50.9637
608,0,0,30,2,0.3629257201599263,2,1,0,0.6648714452230188,0,5.538706
555,1,0,26,7,0.0,2,1,0,0.46559861466770075,0,0.40659046
497,2,1,27,7,0.5954619662509189,1,0,0,0.8376330439556977,0,14.993663
599,0,1,38,9,0.3551706192741444,1,0,0,0.786215183550029,0,55.77215
545,0,1,33,1,0.5282140649217378,2,0,1,0.5371419470559439,0,4.490645
774,1,0,36,9,0.45834314641454627,1,1,0,0.3764985056072855,0,8.2597475
464,1,1,46,6,0.6448774879075405,1,1,0,0.9147518087977401,0,54.217064
696,0,0,27,2,0.38314089995663186,2,1,1,0.029863451959662144,0,6.0455055
667,2,1,45,3,0.0,2,0,0,0.8182952972008827,0,7.4878745
812,1,1,32,5,0.5302988556030858,2,1,0,0.44691438032332087,0,1.474708
516,1,1,51,8,0.4787774590073604,2,0,1,0.8438903915323913,0,10.359525
645,1,1,39,8,0.0,2,0,0,0.48431015161947966,0,1.705179
664,2,1,32,5,0.5329085606032314,1,0,0,0.6722855032655618,0,21.386242
427,2,0,39,9,0.0,2,1,0,0.14179749166045355,0,3.5873084
685,1,0,40,7,0.0,2,1,0,0.5194846607851049,0,3.5251477
585,1,0,33,4,0.6090323365953085,1,1,0,0.3161705442869794,0,25.936735
519,0,0,21,1,0.6046337379451555,3,1,1,0.8507167434489993,1,39.15904
708,1,0,67,1,0.0,2,0,1,0.01912932685071424,0,4.3844657
717,1,0,22,5,0.448249964756607,1,1,1,0.46487524558595344,0,2.5927722
465,0,1,24,6,0.6217946497719453,1,1,0,0.9568753315941672,0,35.578785
829,0,1,28,3,0.5277262971591374,3,1,0,0.5244381838465573,1,29.878468
826,1,1,26,5,0.5686080750953505,1,0,0,0.3013973834501195,0,18.464306
747,0,1,36,8,0.40894412548138576,2,1,1,0.9034964339094382,0,3.1240733
707,2,1,32,9,0.0,2,1,0,0.6323814424277517,0,1.7190697
590,2,1,37,1,0.0,2,0,0,0.6676858139952364,0,4.8767138
603,2,1,57,6,0.41849999734952154,2,1,1,0.43704503780111004,1,27.377424
615,1,1,45,5,0.0,2,1,1,0.824454035360377,0,8.133025
634,1,0,36,1,0.2770804273559835,1,1,0,0.581189553602369,0,10.6762495
716,0,1,41,8,0.502776007581405,2,1,1,0.690263970209155,0,3.19988
647,1,1,41,4,0.5537600943873269,1,1,1,0.5080788215274559,1,8.967592
591,0,0,44,10,0.4527016526909392,1,1,0,0.009870092593842712,0,89.39061
574,1,1,34,1,0.4486777480051762,1,0,0,0.8281541887250232,0,10.323356
467,0,1,51,10,0.4564192178585338,2,1,0,0.8889503947626998,1,52.707863
701,1,0,35,2,0.0,2,1,1,0.32879960036183453,0,3.329326
747,1,0,34,10,0.0,2,1,1,0.25376533458945333,0,2.6423924
650,1,1,32,2,0.338410109060615,1,1,0,0.8161024377828082,0,4.849043
731,2,0,39,2,0.505448965354818,1,1,1,0.3742324892027188,0,23.674002
638,0,0,26,1,0.4194920734550032,2,1,1,0.11740876253682225,0,2.339056
569,2,1,41,2,0.0,2,1,0,0.6713690657457787,0,3.5753124
459,0,1,50,5,0.4359853835475591,1,1,0,0.7786222084209041,0,96.17601
632,0,1,23,3,0.48816039213371454,1,1,0,0.7361662538772452,1,21.976824
683,1,0,73,8,0.548956869300998,2,1,1,0.6660579085302646,0,0.7711431
850,1,0,46,2,0.6292067428652008,1,1,1,0.09488176120819537,0,49.51941
512,1,0,41,6,0.0,1,1,1,0.5025291415330164,0,13.554825
616,1,0,31,3,0.5451980124679309,1,1,0,0.2967024350825504,1,36.86755
664,1,1,36,1,0.0,2,1,1,0.4768508392551488,0,1.7799487
694,1,1,30,10,0.5766645333968067,1,1,1,0.1589847330420055,0,7.8340454
655,1,1,24,9,0.42672827840180055,1,1,1,0.2597660076537309,0,2.7506347
607,1,0,33,8,0.3638996215555089,1,0,1,0.6541274191685306,0,14.126158
684,2,1,39,4,0.8251755124959301,2,0,0,0.7884912009096868,1,9.288367
763,2,1,37,8,0.0,2,1,1,0.0046094402015392465,0,2.1797075
671,2,1,50,8,0.0,1,0,1,0.012743867039302253,0,20.295437
592,2,1,38,3,0.0,1,1,1,0.06447770762107781,1,32.482185
666,2,0,36,6,0.0,2,1,0,0.883490823373632,0,4.379482
667,1,1,34,5,0.0,2,1,1,0.5145343880340573,0,0.44142357
850,2,1,36,6,0.0,2,0,1,0.2064170628295002,0,1.9910955
622,2,1,42,9,0.0,2,1,0,0.5956342830740335,0,4.2434273
577,1,0,30,8,0.3685643840493167,2,0,1,0.6321755227624237,0,0.5065893
555,2,1,21,1,0.0,2,0,0,0.5194984621031309,0,0.9158621
547,1,1,62,10,0.509126035993339,2,1,1,0.425747758910976,0,5.26007
613,0,0,50,5,0.4035223225493666,2,1,0,0.06241611073857553,0,18.473259
672,1,0,43,4,0.3690723592196338,2,1,1,0.8367059054139669,0,3.7311778
624,2,0,36,10,0.0,2,0,1,0.9309331041114426,0,11.905161
698,2,0,50,1,0.0,4,1,0,0.44281888920391893,1,98.66895
606,1,1,37,6,0.3283163295503765,1,0,0,0.8626589839329655,1,10.038647
720,2,1,31,4,0.563401937416104,1,0,0,0.6899364389299177,0,25.635519
835,1,1,23,9,0.0,1,1,0,0.09892019687880191,1,29.983871
771,2,0,47,3,0.2896155965157009,2,1,1,0.5393655594109237,0,25.178423
811,1,0,47,3,0.491695014497719,2,0,0,0.8600009300888234,0,19.049059
734,0,1,33,5,0.48584897557410667,1,1,0,0.3091210710622864,0,18.19267
548,2,1,33,6,0.0,1,1,1,0.15859899620413748,0,11.091173
652,1,0,31,3,0.4133031463093243,3,0,0,0.7761214696003467,1,16.045446
707,1,1,33,2,0.0,2,0,0,0.6543393394069134,0,1.3090829
605,0,0,56,1,0.29545533806176044,2,1,1,0.3109706977016305,1,38.932354
623,1,0,34,9,0.0,1,1,0,0.1212297274389704,0,11.392899
686,0,1,29,3,0.7388618223438848,1,1,0,0.323368331675675,0,37.868668
525,0,0,47,1,0.4706599400577342,1,1,0,0.4405880761612734,1,91.25427
657,2,1,41,8,0.4360420998023541,1,1,1,0.3322919338796855,0,14.092021
730,0,0,33,7,0.5196048722411558,1,1,0,0.07565982551333651,1,45.6713
816,0,0,34,2,0.43209125266756715,2,1,0,0.51453578816777,0,7.9582505
484,1,0,50,2,0.36033817555167524,2,0,0,0.24081794811404486,0,22.777405
728,1,0,34,6,0.3604058922887775,2,1,1,0.057936082895916556,0,1.5175167
730,2,0,39,6,0.5583724850197146,1,1,0,0.8622746472288103,1,50.903225
477,2,1,31,9,0.0,2,0,1,0.920335842072918,0,2.1123066
663,0,0,46,6,0.38039109823434686,1,1,1,0.10514504135144906,1,61.01989
549,0,1,34,6,0.8131484779338097,2,1,0,0.5476861540277096,0,2.6865091
714,2,1,29,9,0.0,2,1,0,0.6459665398045513,0,1.7562183
430,0,1,49,3,0.5464974245120798,1,1,0,0.7325963629526618,1,90.99045
504,0,1,43,5,0.5370315493434008,2,1,0,0.9071832860038134,0,5.681335
530,1,0,29,5,0.0,2,0,0,0.6072561429616529,0,0.78960407
619,0,1,29,4,0.39440662940080573,1,0,1,0.6585675432003757,0,17.077261
617,0,1,44,9,0.19592452856058012,2,1,0,0.2664383948667098,0,12.265526
791,0,1,31,1,0.5190965383594591,1,0,0,0.48272094985071073,0,24.206936
609,1,1,48,1,0.43053045959815806,3,1,1,0.9226534634057552,1,96.56409
780,0,1,51,4,0.5050865472909739,1,1,0,0.9763318896954658,1,92.63732
777,0,0,34,5,0.3853901797339311,1,1,1,0.8631171276856938,0,39.073643
817,0,0,27,7,0.5173837712355643,1,1,1,0.2962675935551845,0,9.387766
850,1,1,58,8,0.6243655740862755,1,0,0,0.12945051252394602,1,96.255226
732,1,0,36,9,0.0,1,0,0,0.018688884788497298,1,13.847521
693,1,1,40,4,0.5207770214591909,1,1,1,0.5095855654214978,0,15.052271
576,1,0,50,8,0.0,2,1,1,0.2889827978571954,0,8.5710125
643,1,1,37,6,0.0,2,0,0,0.7122839731194328,0,0.5261536
757,1,1,47,3,0.5211163624242816,1,1,0,0.7191584796348052,0,54.779774
569,0,1,30,6,0.4249912384745536,1,0,1,0.22053756133710767,0,7.955252
772,2,1,36,3,0.4465152763817374,1,1,1,0.9347731208330395,0,20.582222
576,0,1,29,7,0.5204314628301874,1,0,1,0.868173910608463,0,7.546499
608,0,1,28,4,0.38533457947009486,1,1,1,0.2456328079331576,0,14.100268
794,1,1,33,0,0.0,2,0,0,0.8906407061874408,0,1.8575115
593,1,1,50,6,0.6845037760151942,1,0,0,0.10442012212166261,0,80.22839
597,2,1,38,1,0.0,2,1,0,0.2064782686746584,0,3.8682687
541,0,0,39,9,0.3990332090610973,1,1,1,0.9990780119501412,1,77.580215
692,0,1,24,2,0.4806610126047592,1,0,1,0.9024809369294767,0,22.21853
697,1,0,48,1,0.0,2,1,1,0.43698648220905095,0,9.067272
768,1,1,29,2,0.38256445076963325,2,1,1,0.3684110332536757,0,0.65639347
802,1,1,38,1,0.5681873066470933,1,1,1,0.8625131200029603,0,9.349167
584,1,1,47,5,0.0,2,1,0,0.44641618274545214,0,3.3560805
614,2,1,66,2,0.0,2,0,1,0.9004415921720524,0,2.8941352
850,0,0,36,6,0.5725199422602222,1,1,0,0.11046389930238336,1,31.713608
671,1,0,38,6,0.5266270460647987,1,0,1,0.38032317086281736,0,4.7447057
626,1,0,52,0,0.0,2,1,0,0.1607547520788235,1,36.73888
770,1,0,68,2,0.7315928152342651,1,0,0,0.7978046903479281,1,96.7383
633,1,1,38,2,0.3662943787256412,2,1,1,0.5383602634051552,0,2.5748923
663,1,1,40,6,0.62263602724118,1,0,1,0.1679967436890223,0,6.67736
581,0,0,43,5,0.3717029890502555,3,1,0,0.705187695424913,1,89.38806
561,0,0,45,2,0.6699348727604902,2,0,1,0.5785927556081606,0,33.999405
479,0,1,51,1,0.4293166998600907,3,1,0,0.43062427461822606,1,98.495285
769,1,0,31,6,0.46972163080237084,2,1,0,0.7383558129801396,0,0.75905055
659,2,1,60,2,0.0,1,1,0,0.8874290994790003,1,98.50863
590,2,0,51,10,0.33668897200452985,2,1,1,0.9547187256382984,0,41.99015
560,1,1,50,3,0.0,2,1,0,0.4226414122548703,0,8.875967
437,0,1,35,6,0.5053977891979967,2,1,1,0.805686043017108,0,3.3140793
661,1,0,34,0,0.0,2,1,0,0.9278088557457237,0,7.25914
677,0,0,36,10,0.27424218335022005,1,1,0,0.1653340894055382,0,53.819984
560,1,0,31,3,0.45891612805820886,1,1,0,0.1989948540085578,0,16.810244
578,1,0,35,2,0.0,2,0,1,0.13190429686035013,0,1.2076827
421,2,1,34,6,0.3615944625166338,1,1,1,0.06076170274261191,0,5.2519336
492,0,0,49,2,0.6028322096832225,2,1,1,0.8362116582133593,0,53.41351
545,1,0,32,6,0.0,2,1,1,0.2603038090137608,0,1.1312191
640,0,0,43,9,0.37765329341486825,1,1,0,0.9200617658986432,1,74.90961
624,2,0,34,6,0.0,1,1,0,0.0028553226833162564,1,49.25798
577,2,1,28,7,0.0,1,1,0,0.716382564534913,0,34.720158
704,1,1,31,5,0.5264474512340848,3,1,1,0.27234050851856356,1,2.1659703
523,1,1,45,5,0.0,2,1,1,0.6071410819733284,0,4.8269367
793,1,1,35,2,0.0,2,1,1,0.3985007568222765,0,1.4602395
564,1,0,53,2,0.1812380476870111,1,1,1,0.20524025044391736,1,65.2436
711,1,1,33,1,0.0,1,0,0,0.20791395578277724,0,12.210631
791,0,0,33,10,0.5190542104166677,2,0,0,0.2700675414502085,1,2.4734874
629,0,0,38,9,0.4940206997988706,1,1,0,0.3802437632793932,0,49.87481
729,0,1,39,6,0.5078390592770157,1,1,1,0.9249164295190191,1,38.37109
651,0,1,35,8,0.43869489002487033,1,1,0,0.6383978169915226,1,36.378082
695,2,1,39,4,0.26114666715876556,1,1,1,0.006162538522428891,0,14.975063
847,2,1,31,5,0.0,2,1,1,0.38161189393587086,0,2.8173995
704,1,1,47,5,0.0,2,1,1,0.726704550284552,0,2.6750517
613,0,1,33,3,0.6207158452262431,2,1,1,0.28872572330657575,0,5.244517
692,2,0,29,4,0.0,2,0,0,0.6944096161183392,0,13.836511
720,1,0,34,3,0.4715363516717087,2,1,1,0.6806085481163451,0,1.7768552
577,1,1,41,6,0.0,1,1,1,0.8381280412279372,0,5.879076
710,0,0,24,7,0.4109205056124581,2,1,0,0.8664079419584569,0,15.454355
716,1,0,38,1,0.0,2,1,1,0.4982969873622931,0,7.5236244
410,1,1,33,6,0.5013577026433322,1,0,0,0.331641571770104,1,6.4981675
584,0,0,36,4,0.43701739618663504,1,1,1,0.3511795876506206,0,42.142284
792,1,1,30,1,0.5069303636388783,1,1,1,0.5677634214067443,0,4.5208087
605,1,0,36,6,0.0,1,0,1,0.003396624377628063,0,23.405472
486,2,1,24,1,0.0,1,1,0,0.49400307729388154,0,19.704597
615,1,1,41,4,0.5196764152329738,1,0,1,0.6533142415100641,0,18.806175
676,1,1,23,1,0.42960657851161804,1,0,1,0.5818917706640985,0,1.710159
571,1,1,34,1,0.3958780236230575,2,0,1,0.9302916928566677,0,1.127625
850,1,0,37,9,0.0,1,0,0,0.5004951972913413,0,6.0471888
717,1,1,48,7,0.49328773287991157,1,1,1,0.8497873546923731,0,30.130121
642,0,0,39,8,0.5112196350318968,1,1,0,0.3089354033310181,1,34.720387
780,2,1,47,7,0.3427934026919058,1,1,1,0.18982587837138443,0,42.934956
492,0,0,38,8,0.22745661395828085,2,1,0,0.9449063885601074,0,10.362262
760,0,1,29,5,0.41294551106387467,2,0,1,0.4316565231979654,0,1.762567
500,2,1,40,1,0.3945994168389246,1,1,1,0.7642450354008807,0,16.949001
654,2,0,36,2,0.0,2,1,1,0.733272677540705,0,4.480332
606,2,0,25,3,0.5874365962690271,3,1,0,0.22737401421835784,1,61.445164
367,2,1,42,6,0.3730928362188808,1,1,0,0.844106362157586,1,92.182465
799,2,1,38,2,0.0,2,1,1,0.29645711165416294,0,2.1124246
434,0,1,71,9,0.4762765232688699,1,1,0,0.6292465930496363,0,43.4102
719,2,0,32,7,0.0,1,0,0,0.3812998641370251,0,40.189663
641,1,0,37,2,0.0,2,1,0,0.019643325937627038,0,1.6334949
461,2,0,25,6,0.0,2,1,1,0.0764808539215495,0,1.9062785
790,0,0,25,5,0.6093540608459793,1,1,0,0.29104384468716765,0,22.995266
588,1,1,31,4,0.3970033012208264,2,0,1,0.17934437738804054,0,0.5031261
621,1,1,27,4,0.5460531006832297,1,1,0,0.10622254425297616,0,6.34545
768,0,1,48,3,0.48956761687584,1,1,1,0.12262326052137977,1,88.91352
681,2,1,38,2,0.39781665934563315,2,1,0,0.11761083183444018,0,9.210491
606,2,1,37,8,0.6166351445720452,2,1,0,0.44548054339189386,0,4.563117
542,2,1,37,8,0.0,1,1,1,0.003977779877978346,0,19.61686
713,0,0,24,7,0.5886343734222927,1,1,1,0.6079626604340714,0,18.398256
597,2,0,33,2,0.0,2,1,1,0.02344763924954833,0,8.240633
635,1,1,27,3,0.5062207926732325,1,1,0,0.8095691638551482,0,5.4624686
599,0,1,61,1,0.49716584131828195,1,0,1,0.45193330963106976,1,81.487564
496,2,0,44,0,0.7148570959627474,2,1,0,0.014539538525929225,1,51.073612
759,2,1,31,8,0.0,2,1,1,0.49542311290728264,0,1.0938876
757,0,1,31,1,0.5074584665032724,3,1,0,0.8158716157393031,0,14.661968
564,2,1,31,0,0.4989100554731207,1,1,1,0.36376348941323894,0,35.591404
561,1,0,22,6,0.744481394816517,2,1,0,0.3664110922593108,0,0.48182988
702,1,1,40,3,0.5920999239173165,1,0,1,0.7302932930094824,0,12.662983
678,0,0,40,8,0.5127359080334172,1,0,0,0.8383890161510423,0,42.658382
707,1,0,46,7,0.5080817075968973,2,1,1,0.7300695716440919,0,8.22651
610,1,0,27,9,0.6359631115565687,1,0,1,0.5168988138367214,0,10.016457
744,1,1,42,1,0.4480700510713334,1,1,1,0.41509634170063237,0,23.378183
598,1,1,28,8,0.5181058173858558,2,0,1,0.2301694811854532,0,2.2535303
562,2,1,36,5,0.0,1,0,1,0.9142456104557984,0,12.286713
621,2,0,59,2,0.0,2,1,1,0.856844828681139,0,22.594418
659,1,0,50,3,0.0,1,1,0,0.9170252759138496,1,66.73326
722,0,0,40,6,0.3554234310831143,2,0,1,0.7644348535285119,0,8.415693
606,1,0,39,3,0.0,2,1,0,0.2527684893907368,1,1.7870761
603,2,0,39,5,0.6472369717920132,2,1,0,0.27348151748491983,0,5.983483
506,0,0,59,3,0.7586868437300579,1,1,0,0.39180826768956434,0,87.69394
715,1,1,21,8,0.0,2,1,0,0.34330803591743014,0,0.15004104
690,1,1,47,2,0.0,2,1,0,0.7568930332846787,0,4.740509
644,1,0,40,10,0.5547310862350527,1,1,1,0.0997499761227197,0,29.923513
589,1,1,36,8,0.45610339241721615,1,1,0,0.1347335670556538,0,13.777238
592,1,0,66,5,0.5976537724938441,1,1,1,0.38131646572247646,0,10.4861765
632,1,1,42,4,0.5026566762624619,1,1,0,0.5049828258598696,0,12.45482
577,0,0,59,7,0.4439928976741115,1,0,1,0.9553833891136604,0,71.39516
588,1,1,30,3,0.4583816481026221,1,0,0,0.8843190524695108,0,8.187592
617,1,1,54,6,0.40710513180869573,1,1,1,0.2265900393487578,0,47.117767
668,2,0,36,3,0.5328319557952793,1,1,0,0.954825685852999,1,29.119638
810,1,1,32,9,0.4817881634730659,2,0,1,0.3944627211898736,0,0.49507734
767,2,1,47,5,0.0,1,1,0,0.6098226380619349,1,79.12594
718,2,0,49,10,0.32810883494569454,1,0,1,0.05566941642926899,0,64.969666
589,2,0,27,4,0.0,2,1,0,0.7209183477022055,0,7.1484118
778,2,1,33,5,0.46422944072631245,2,1,1,0.16374548769407477,0,2.090351
724,1,0,34,3,0.527515733579319,1,1,0,0.40158195107632777,0,11.174486
477,0,0,39,4,0.7273533648661894,1,1,0,0.9291844371137443,0,69.36498
580,1,1,34,6,0.0,2,1,1,0.8004950972817904,0,0.65123385
566,2,1,63,2,0.48141928860438915,2,1,1,0.2609612217966816,0,6.6378245
711,1,0,29,3,0.5188619411172083,2,1,0,0.15901448588340183,0,0.9340192
706,0,1,32,5,0.35212874677523454,2,1,1,0.520900746021245,0,2.0850885
703,2,1,31,6,0.0,2,1,1,0.3383103586392501,0,2.6419704
679,0,1,39,2,0.5826520241744367,2,1,1,0.96990707612577,0,5.870752
603,1,1,32,7,0.0,1,1,0,0.9903163752138329,1,10.051638
598,2,1,34,0,0.41645661790410604,1,0,1,0.21621109815987424,0,35.03617
836,0,0,32,4,0.43522320157957367,2,1,0,0.2760585635928231,0,4.1863923
687,1,0,61,7,0.3210010885296098,1,1,0,0.6565316487724577,1,96.88668
704,0,1,41,4,0.4345461537790105,2,1,1,0.2155481848516533,0,2.7622287
605,0,1,75,2,0.24440054525723973,1,0,1,0.933306780797566,0,2.434402
516,1,0,40,9,0.0,2,0,1,0.16628943064062618,0,1.7630707
572,1,0,39,2,0.0,2,1,1,0.002718759641545767,0,2.3236918
557,1,1,42,6,0.7087420633612637,1,1,0,0.7547357272619535,1,17.600813
443,0,1,59,4,0.44216877059526444,1,1,0,0.36420978203418425,1,97.2983
604,0,1,25,7,0.6592853297528093,1,1,1,0.17635764215482574,0,6.2967286
483,1,1,27,1,0.31010861820430763,1,1,1,0.010452548218354852,0,1.3875087
702,1,1,50,3,0.0,2,0,0,0.4747366373488668,0,8.753356
670,2,0,57,3,0.6997899027449752,2,1,0,0.49529815097341795,1,66.31414
804,2,0,38,3,0.4950106236360748,1,1,0,0.3734380633350485,0,75.76235
850,1,0,30,3,0.0,2,1,0,0.5834618206038676,0,0.45132622
554,1,0,39,10,0.6382382185531983,1,1,0,0.1640785194986121,0,48.76154
588,0,0,37,7,0.28002955303485977,2,1,0,0.6980468134706863,0,7.111765
758,0,1,32,4,0.6483016271666318,2,1,1,0.5776229129881904,0,1.7332673
787,0,1,43,0,0.5269767099462576,1,1,0,0.1047272514525137,1,82.55107
582,2,1,25,9,0.590052200078526,2,1,0,0.2616728397561967,0,1.6802166
633,2,0,33,4,0.3700905813990055,1,1,1,0.7990843125518486,0,14.909504
766,0,1,47,9,0.5153087454751051,1,1,0,0.8497005464021813,1,81.75887
564,2,1,37,9,0.3995733088282976,1,1,1,0.7301794321357689,0,14.397555
602,2,1,37,3,0.4288310445089479,2,0,1,0.7656288675568517,0,4.031749
649,1,1,39,3,0.4507663250844198,1,1,1,0.301647107298747,0,6.2604227
679,2,0,40,7,0.0,2,1,1,0.8188067460442472,0,4.8620896
639,2,1,34,7,0.5976133178215906,2,0,0,0.7832609514208606,0,2.6845016
790,0,1,50,8,0.4840155618562103,1,1,1,0.8823852677930741,1,78.276306
565,1,1,32,9,0.0,2,1,0,0.026886167629008566,0,0.8407223
478,1,0,50,2,0.0,1,0,1,0.4666498650621134,1,85.16024
825,1,1,29,3,0.5933644612440055,2,0,1,0.35594019228836354,0,0.3454925
528,2,0,32,0,0.271577874506737,1,1,1,0.8515693748753005,0,37.399437
577,2,1,35,5,0.43874506976119276,1,1,1,0.5489660762602828,0,7.446798
663,1,1,24,7,0.0,2,1,1,0.8315756154712775,0,0.39993757
505,0,0,25,5,0.45543929808313816,2,1,1,0.6336439629984664,0,1.3652872
633,0,1,29,6,0.46796828943576263,1,0,0,0.15165128269749759,0,29.129902
586,1,0,38,6,0.0,2,1,1,0.18963936055893338,0,2.4682229
850,1,0,35,9,0.0,2,0,0,0.12660159045188815,0,0.8237644
629,0,0,37,1,0.14169023765784747,2,0,0,0.24834746718311598,0,5.2804804
744,1,1,56,9,0.0,2,1,1,0.8475160877863834,0,14.479605
750,1,1,36,7,0.5440173737472455,3,1,1,0.13245619956705865,1,8.327523
637,0,1,28,3,0.4929319709049998,1,1,1,0.8323136359522334,0,14.978398
575,1,0,40,1,0.5561315353177858,1,1,0,0.9065006208092873,0,28.727007
671,2,1,58,1,0.7122970924170847,1,1,1,0.10879353978304926,0,21.017176
571,1,1,40,5,0.0,2,0,0,0.3642233333283328,0,1.10758
590,1,1,41,1,0.35506970180602015,1,1,0,0.12245364432303284,0,11.053949
619,2,1,38,3,0.38319729735686714,1,0,0,0.4949639690590451,0,36.515984
640,0,0,30,5,0.12832955404323726,1,0,1,0.7072396913905278,0,17.182686
670,1,1,38,7,0.0,2,1,1,0.38930132827685043,0,0.94733155
737,1,0,33,4,0.0,2,1,0,0.5755736672852257,0,0.8272322
555,2,1,32,10,0.0,2,0,1,0.8430524115052986,0,1.9741614
742,1,1,33,6,0.0,2,0,0,0.1927125040441362,0,0.38767627
618,0,0,40,0,0.5592166126095262,1,1,0,0.8031118471814057,1,67.443794
560,1,0,35,1,0.0,2,1,0,0.01845201216716196,0,1.6269339
654,1,1,38,8,0.0,2,1,0,0.4432816333959893,0,1.0360396
787,0,0,42,2,0.29686941817691803,2,0,1,0.22133278728118536,0,25.456709
611,1,0,53,7,0.0,2,0,1,0.7824937781558139,1,33.001495
559,2,1,34,0,0.0,1,1,0,0.9149741800341932,0,45.287033
481,1,1,37,8,0.6070339554996215,2,1,1,0.8754367042052515,0,2.402891
753,0,1,32,5,0.6373296424855208,1,1,0,0.744068858575994,0,26.783272
675,1,1,32,1,0.0,3,1,0,0.4294885661580681,0,15.080844
748,0,0,31,1,0.3968062889597925,1,1,0,0.9963138479724813,0,31.708258
610,2,0,46,5,0.46587277726984694,1,0,0,0.5398608567118159,0,84.88448
580,2,1,32,9,0.5667169487021604,2,0,1,0.6401462339653436,0,0.75278294
624,0,0,40,3,0.5977008035413901,2,1,0,0.5230463509265134,0,4.298305
709,1,0,36,8,0.0,2,1,1,0.3483581182002881,0,2.8074164
605,1,0,34,2,0.0,1,0,0,0.1798713777165719,0,20.196726
706,2,1,53,7,0.0,2,0,1,0.589694265802384,0,18.65347
567,2,1,40,8,0.11418835432346258,1,1,1,0.4756906284550174,0,7.1231394
747,1,0,21,4,0.3229422750886626,2,1,0,0.838435020544462,0,0.15620184
664,1,1,57,1,0.0,2,1,1,0.2827819556767671,0,4.6189165
711,1,0,39,3,0.6076681970755538,1,1,0,0.4515150696891553,0,15.695717
609,1,1,25,10,0.0,1,0,1,0.5494703744207572,0,15.024031
632,2,1,28,7,0.6198516297991747,1,1,0,0.009159174701183962,0,40.62096
725,1,0,36,1,0.4737024901225833,1,1,1,0.513726260857912,0,13.71755
850,1,0,34,9,0.3702669478273032,2,1,0,0.4873180888774878,0,0.55353534
682,1,1,40,4,0.0,1,0,1,0.5267551551173137,0,16.893854
797,1,1,37,4,0.2999771739992122,1,1,0,0.42899191872823855,0,7.6252923
668,2,1,38,1,0.5894995454130401,1,1,1,0.34682547183256,0,17.757126
783,0,0,41,5,0.42503512083332323,1,1,0,0.8847563942356494,0,46.70856
766,0,0,28,4,0.3614885230891953,1,0,1,0.10793840811797525,0,16.14275
704,2,0,36,2,0.6995262498809776,2,1,0,0.760213050346308,0,10.605396
722,1,1,40,6,0.0,2,1,1,0.5594609785234489,0,1.439917
692,1,0,34,7,0.0,2,1,0,0.9754083514975679,0,2.770947
584,1,0,35,2,0.45564826739015835,2,0,0,0.07974476562511719,0,1.8400553
644,0,0,51,4,0.38087193091027516,1,0,0,0.3631209780534041,1,92.13193
598,0,0,50,5,0.35225381747625106,3,0,1,0.32075893247805165,1,98.18797
733,0,1,48,7,0.3424319411917405,1,1,1,0.11925598894694442,0,75.32094
615,0,1,58,3,0.28820187511192297,1,1,1,0.42841846396330846,1,80.40064
850,1,0,39,2,0.0,2,1,0,0.8972848907070625,0,0.98941624
521,1,1,43,8,0.0,1,1,1,0.46588704221253124,0,14.6680355
675,1,1,69,1,0.0,2,1,0,0.7855025654950047,0,14.119244
746,1,1,58,3,0.0,3,1,1,0.40170526285260244,1,94.72674
770,1,0,33,4,0.0,1,1,0,0.13035724911729069,1,14.304571
618,1,1,30,3,0.5334604978459582,1,1,1,0.15699174271142893,0,7.0938005
556,1,1,36,7,0.6172708608503158,2,1,1,0.16018059724703707,0,1.035473
749,1,0,27,9,0.0,2,1,0,0.663679831423901,0,0.8549006
702,2,1,43,6,0.462824049397905,1,1,0,0.3079836124349875,0,68.83153
555,0,1,42,6,0.4268844772792013,1,1,1,0.20648401922383586,1,39.591156
587,1,1,47,6,0.2830901183823281,1,1,0,0.2897818241642077,0,58.36522
639,1,1,38,3,0.0,1,1,0,0.2142766634213567,0,7.8811774
643,1,1,33,4,0.0,2,1,1,0.7649753551464165,0,0.708221
600,1,0,41,1,0.0,2,1,1,0.45595389359683847,0,3.2810457
651,1,1,53,7,0.0,2,1,1,0.6506662886305642,0,3.5212822
666,1,0,27,4,0.0,2,0,0,0.4437417273349605,0,0.67560136
520,1,0,39,6,0.5804908678260564,1,0,0,0.5205864660075037,0,28.054178
650,2,0,50,7,0.5168144962761575,1,0,0,0.21010296483314156,0,88.39725
564,0,1,33,3,0.43580192260530964,1,1,0,0.37814211257175057,0,27.203262
586,1,1,64,1,0.0,2,1,1,0.26851889355433445,0,1.5314198
617,1,0,35,5,0.0,2,0,1,0.0652798342241684,0,3.5032856
712,2,0,30,6,0.0,2,1,0,0.7621047310018106,0,6.606693
654,1,1,55,3,0.34869005977686,1,1,1,0.016438719897750233,0,23.004284
605,1,1,27,9,0.0,2,1,0,0.9904957423433937,0,0.94896835
491,1,0,36,0,0.21271238055259808,1,1,1,0.5196623277523003,0,37.16643
707,1,0,35,9,0.0,2,1,1,0.35199396542369793,0,1.727193
638,2,1,34,5,0.58461891838236,1,1,0,0.5108901900131463,0,33.778015
683,1,1,43,2,0.4483869127899699,2,1,0,0.15183250000375034,0,2.732123
815,2,0,38,2,0.19285519471272183,1,1,0,0.9240145433888936,0,69.25833
645,2,1,38,1,0.27134443311226486,1,0,1,0.8313459435376078,0,29.144102
645,0,1,49,4,0.6382427223738532,1,0,1,0.4419441556668662,0,87.21048
683,1,1,30,4,0.2638136065523656,1,1,1,0.5759319515013683,0,7.540557
705,1,0,37,10,0.0,2,1,1,0.06962639932113517,1,15.560657
647,1,1,35,4,0.4932746996997865,1,1,0,0.4195341655128064,0,6.390492
786,0,0,33,0,0.487550861786154,1,0,0,0.17352037119544914,1,46.232155
534,1,1,41,9,0.0,2,1,0,0.06930541866748274,0,2.3814878
602,2,0,42,1,0.553659734914682,1,1,1,0.6974824595748894,0,27.292078
695,1,0,42,0,0.0,2,0,1,0.7036324969034543,0,32.85563
553,0,0,25,7,0.5122565500598272,2,1,0,0.10336427128790798,0,1.6620255
516,2,0,31,3,0.0,2,1,0,0.6210127067134911,0,4.0398235
655,1,0,34,3,0.0,2,1,0,0.7982121792631195,0,1.0423865
849,0,0,49,9,0.5298361976370567,1,1,0,0.8553070318215389,1,89.3042
520,0,1,43,3,0.6010614508862943,3,0,1,0.12661934214717505,1,97.253624
568,2,0,46,3,0.0,2,1,1,0.146819221235628,0,9.555668
695,2,1,32,9,0.0,3,0,1,0.1926294461121037,0,8.349126
807,2,0,28,7,0.6615006913763275,3,1,0,0.7806272999071411,1,37.673412
642,0,0,36,2,0.4962013859890285,3,1,1,0.2894908463758289,1,81.8778
703,0,1,39,1,0.5642111504316355,1,1,1,0.15624252116077084,1,44.5936
556,1,1,38,2,0.45738148106268967,1,1,0,0.9661046129905405,0,13.446565
585,1,0,30,6,0.0,2,1,1,0.6887963300495197,0,0.9903808
587,0,0,49,7,0.6193509882837291,2,1,0,0.0664894497424504,1,18.495646
524,2,0,32,6,0.0,1,1,1,0.6643150420865191,1,22.494047
556,0,0,31,1,0.5128130309800286,2,1,0,0.6254182774454959,0,5.887095
504,2,1,44,4,0.4524651423213306,1,1,1,0.06197401851876854,0,17.320635
731,2,0,26,3,0.0,2,1,0,0.1884465466452046,0,2.5706332
651,1,1,34,3,0.0,2,1,1,0.5279907731188328,0,0.92096
675,2,0,40,8,0.3150121629064614,1,1,0,0.7139301803322218,1,43.670696
657,2,0,22,6,0.0,3,0,1,0.8420828689139812,1,10.4393015
686,0,1,33,9,0.5656403761383756,2,0,1,0.9202123302775415,0,2.2864141
690,1,0,35,9,0.43023177258942075,2,0,0,0.24235759515033684,0,2.2610466
567,1,1,36,7,0.0,2,0,1,0.01942435502590497,0,0.7227322
557,0,1,57,1,0.47845374191569184,1,1,0,0.6618590575399951,1,98.432495
446,2,0,45,10,0.49897426481006696,1,1,1,0.641307644880086,1,53.741104
850,1,1,31,1,0.38421699423857714,2,1,0,0.5326637193852012,0,0.8047548
637,1,1,41,2,0.0,2,0,1,0.5125681502583497,0,1.8646767
499,1,1,60,7,0.3067444634592476,2,1,1,0.4182013882325762,0,3.278748
622,0,0,34,7,0.39329012030342686,1,1,0,0.6945426788258279,1,48.28128
684,0,1,37,1,0.5054527517527136,2,1,1,0.14993556884682485,1,18.066069
612,1,1,32,3,0.48383955413929225,1,1,0,0.8204275508311044,0,12.750098
813,0,0,29,5,0.4227190410257807,1,0,0,0.9399162620030213,1,46.95683
850,0,1,44,2,0.44940692852623954,2,0,0,0.7908744285079223,0,3.177056
795,2,1,29,4,0.0,2,0,0,0.7785746538794455,0,0.7025154
628,2,0,55,7,0.0,3,1,0,0.4294368612202465,1,99.18439
565,0,0,38,7,0.5795209122556494,2,1,1,0.4192060841810392,0,4.706329
601,1,1,39,3,0.2895503907582557,1,1,0,0.2088515453225783,1,12.393437
802,2,1,40,4,0.0,2,1,1,0.4095216593184649,0,2.1226
614,0,0,37,6,0.38398383184184465,2,1,1,0.6968948534585052,1,31.266048
434,2,1,55,6,0.0,1,0,1,0.3677874737037387,1,31.41832
522,0,1,32,8,0.4960195591763971,2,1,1,0.8289517648935473,0,2.435
550,0,1,36,2,0.453878425300089,2,1,0,0.8746351776594664,0,2.6728337
599,2,1,25,3,0.0,2,1,1,0.6039498772132739,0,1.3929939
493,1,0,36,5,0.5925426136165485,2,1,0,0.2804314312016798,0,1.8693497
755,1,1,34,3,0.0,2,1,1,0.794098086367248,0,0.9574983
605,1,0,62,4,0.44267347750634534,2,0,1,0.6283070533235924,0,16.6216
708,1,1,41,0,0.0,1,1,0,0.6420065116218598,0,14.335174
699,1,1,44,8,0.6325182068942813,1,1,0,0.5358993783906363,0,22.044872
763,1,0,53,4,0.0,1,1,0,0.3859975627672443,1,85.48719
743,2,1,25,6,0.0,2,1,0,0.6487046012894231,0,1.74367
660,1,0,48,0,0.3588880250144591,2,0,1,0.938056534399035,1,46.5703
619,0,1,38,10,0.3373951152836596,1,1,1,0.9238016230550017,0,84.90254
739,0,1,32,3,0.4070508069630981,1,1,0,0.319879498492106,1,17.103039
769,0,1,60,9,0.5932543767072919,1,1,0,0.9641925303866519,1,97.092415
692,1,1,69,10,0.6175971287784615,1,1,1,0.35422327832307987,0,3.1485856
560,1,0,30,0,0.43397416855584675,1,1,0,0.13953017513172508,0,25.98904
607,1,0,48,4,0.44667880891400974,3,1,0,0.8678664812489592,1,90.12737
630,0,1,29,6,0.5235368272432844,1,0,1,0.04656809725328768,1,19.469149
767,0,0,45,7,0.5290841393013396,2,1,0,0.13309921097464808,1,5.5302844
543,1,0,34,8,0.0,2,0,1,0.72802062596978,0,1.2695085
776,1,1,39,8,0.49905342045449613,2,1,0,0.7224914479332776,0,0.44366774
535,2,1,58,1,0.0,2,1,1,0.058847619947704995,1,28.823223
549,0,1,36,6,0.5556932298687487,1,0,0,0.4198991503688602,1,38.642033
844,1,0,28,4,0.0,2,0,1,0.6165928346157057,0,1.1206442
586,0,0,47,5,0.6261485290701098,2,1,1,0.32738266504451174,0,20.308155
583,1,1,40,3,0.0,2,1,0,0.2386048867666862,0,0.8973009
701,2,1,26,5,0.3332039713813685,1,0,1,0.295945612806023,0,13.911258
726,1,1,28,2,0.0,1,0,0,0.4902914728356558,0,3.647562
829,0,1,36,4,0.32601180822062065,2,1,0,0.4505198246432534,0,2.3731532
749,2,1,38,9,0.5156608406225811,1,1,1,0.06769526489779773,0,11.372795
743,1,0,46,9,0.0,1,1,0,0.567176665371543,0,37.17834
619,2,0,56,7,0.0,2,1,1,0.21217341256089953,0,29.259256
699,1,1,22,9,0.3959336637437137,1,1,0,0.3414627596935507,1,9.325209
749,2,1,36,7,0.0,2,0,0,0.40065361241998604,0,1.7437631
600,0,0,29,6,0.29665470948782435,2,1,1,0.48024346325074047,0,4.9633274
760,2,1,38,3,0.3636609987744427,1,0,1,0.4033923739717143,0,13.275907
528,0,1,32,2,0.3949509938477412,1,0,1,0.555745073654534,0,10.46645
630,1,0,26,5,0.0,2,1,0,0.91309120020962,0,0.5300517
683,0,0,39,2,0.3988159495355266,2,1,0,0.5460013931330442,0,15.222372
677,0,0,26,6,0.3934811540414676,1,0,1,0.7557476238980823,0,11.14243
669,2,1,29,9,0.0,1,1,1,0.46949498677123663,0,5.195467
693,1,1,43,6,0.5131976891494073,1,1,0,0.1816733998096818,0,30.481915
612,2,0,52,5,0.5770179039625213,1,0,0,0.4915018884303451,1,94.415695
719,2,1,44,4,0.0,1,0,0,0.4248471729050124,1,74.15182
702,1,1,26,2,0.28410455416380415,1,1,1,0.5437296261793001,1,4.0763574
755,1,1,29,9,0.4664678395917642,1,1,1,0.10926348466278528,0,2.0749028
514,1,1,26,1,0.0,2,0,0,0.6077597910600462,0,0.3031992
753,1,0,40,0,0.015020799879345436,2,1,0,0.8853528511972892,1,3.194169
548,0,0,36,2,0.434095931140807,2,1,1,0.7023092205305607,0,9.909567
850,0,1,28,2,0.40295332658769945,2,1,1,0.17664551964712627,0,1.9394966
612,1,0,38,7,0.44087808719468535,1,1,1,0.967549150943915,0,35.19885
628,0,1,33,8,0.6063971630872121,1,1,1,0.160827609036663,0,15.124234
479,1,1,47,6,0.48544446870839075,1,0,1,0.0290043699173271,1,58.729332
724,1,0,41,5,0.4376209081543826,1,0,1,0.7479815822411039,0,9.503563
512,0,1,41,7,0.4878603898499188,1,0,1,0.18715947372974118,1,31.521671
638,1,0,43,3,0.5813554818213245,1,1,1,0.7138278205568632,1,40.29754
834,2,1,40,7,0.0,2,0,0,0.22515730252239086,0,5.0707097
781,1,1,29,9,0.0,2,0,0,0.8605112788271279,0,0.37802017
707,0,0,48,7,0.4188423275761088,1,1,1,0.9017516672842256,1,76.589966
670,1,1,22,2,0.4583193518930336,1,1,1,0.18692275112273218,0,0.4599438
663,2,0,33,8,0.3856906204427463,1,1,1,0.1842799487351042,0,7.449457
624,1,0,23,5,0.0,2,0,0,0.6620982803857768,0,1.7043176
598,1,0,34,4,0.0,2,0,0,0.3044424742562915,0,1.4112923
619,0,1,23,5,0.529000041411236,1,1,1,0.7195774696483513,0,18.601686
792,1,0,70,3,0.0,2,1,1,0.8612256970540686,0,1.6379529
683,1,0,26,7,0.0,2,1,0,0.4330823093605439,0,1.2210681
691,1,0,33,6,0.0,2,1,0,0.8203948977127316,0,4.4036813
765,2,0,33,5,0.3370205807465494,1,1,1,0.3451722139464318,0,10.851738
508,1,1,49,1,0.37392636189458445,2,1,1,0.6623491543442399,1,16.491085
637,1,0,33,9,0.45402310555652303,1,0,1,0.3265557860775704,0,6.9676237
667,0,0,44,5,0.5596163765136674,2,0,1,0.2857903429777544,0,35.711823
575,2,0,22,8,0.4194106858286566,1,1,1,0.17194392064442154,0,14.98545
744,2,0,46,1,0.0,3,1,1,0.8871847761461219,1,98.40703
567,1,0,41,9,0.5495910710201103,1,1,0,0.7100572104635992,1,17.18722
502,1,0,35,6,0.0,2,1,1,0.403072943466101,0,1.6474532
609,1,0,53,6,0.0,2,1,1,0.6210927643589963,0,16.096304
715,1,1,37,9,0.6586439936629251,1,1,0,0.4264143225678052,0,7.773374
541,1,1,32,8,0.0,2,0,0,0.20440732089914584,0,0.5840869
850,1,0,71,4,0.0,2,1,1,0.5361776549660492,0,2.1049626
595,2,1,23,7,0.0,2,1,1,0.8404522131863592,0,2.9511244
650,0,0,28,5,0.4863903109027255,3,0,1,0.7333292829465213,1,27.680868
625,1,0,44,7,0.0,1,1,0,0.023903382773054826,0,45.78248
817,1,1,59,1,0.47414701323553327,1,1,1,0.604097691329522,0,34.453526
526,2,1,49,2,0.0,1,1,0,0.5726951423860979,1,89.527626
850,1,0,34,4,0.2844961075630349,2,1,1,0.7700205869660551,0,0.5570181
598,1,0,40,2,0.6822620690336862,1,1,0,0.6899108864896597,1,24.743816
613,1,1,36,9,0.5233483841985406,1,0,0,0.4167005449020381,0,13.286524
709,2,1,62,3,0.0,2,1,1,0.4109570964027064,0,9.434756
678,2,0,27,5,0.34715230394938446,2,1,0,0.7477682618690085,0,6.1366615
720,1,1,71,5,0.7299194266484852,2,1,1,0.9884789997444755,0,1.1215439
662,1,1,26,0,0.0,2,0,1,0.3646267218519369,0,3.0999606
525,1,1,51,10,0.0,3,1,0,0.8552505264252735,1,90.05018
662,1,1,31,3,0.0,2,0,1,0.1386105873110882,0,0.6722177
770,1,0,33,6,0.0,2,1,1,0.6306618282045935,0,1.0977098
721,2,0,33,4,0.28910323709518876,1,1,1,0.5196491764963554,0,11.3911705
633,0,1,58,2,0.5107150078344559,2,1,0,0.7381892470730954,1,73.71834
701,1,1,51,9,0.0,2,0,0,0.3097795339454918,0,13.551036
556,0,1,42,0,0.46200244091136766,2,0,1,0.6271793456275074,1,20.147545
639,1,1,66,0,0.0,2,0,1,0.21116496625427728,0,1.4909563
632,1,1,50,2,0.0,2,0,0,0.289684164837742,0,7.7362566
456,1,1,29,5,0.426469926494857,1,1,1,0.7671134593353665,0,3.2727532
729,2,0,38,10,0.0,2,1,0,0.948668297822442,0,15.943066
632,1,0,34,2,0.0,2,0,0,0.8269488236126549,0,0.9729202
433,2,1,34,9,0.6090390723978808,1,1,0,0.09839144638312959,0,15.309209
802,1,0,60,3,0.370218282650139,1,1,0,0.19732909492856565,1,99.113205
670,1,1,25,7,0.0,2,1,1,0.7236281064841692,0,0.09727191
738,0,0,40,6,0.45811695896130583,2,1,1,0.9745130159930273,1,8.878294
706,0,1,34,0,0.5605513377961547,2,1,1,0.38633854533107914,0,27.409983
592,0,0,70,5,0.2862386875882555,2,1,0,0.525476382994576,1,77.220436
522,1,0,41,7,0.0,2,0,1,0.8839284651684236,0,3.852978
746,1,1,48,5,0.6587631655545885,1,1,0,0.7689478345181964,1,49.083767
651,2,1,42,2,0.5705339167787209,2,1,0,0.21802322121762624,0,6.579601
494,1,1,28,9,0.45728431013564114,2,0,1,0.39737874967059356,0,0.7516121
753,0,0,46,9,0.4540078005376606,3,1,0,0.4615880316570232,1,94.881424
671,0,1,36,2,0.4651102365904819,1,0,0,0.9660436571692596,0,15.336164
696,1,1,42,4,0.0,1,0,0,0.6317680838520079,1,14.374402
577,2,1,43,3,0.0,2,1,1,0.6750511673864854,0,3.5103257
587,1,1,36,1,0.0,2,0,1,0.08562827750050128,0,3.1522095
712,0,1,37,7,0.37457024882094564,2,1,0,0.3032299084562576,0,1.7761204
498,0,1,35,2,0.4861261000432487,2,0,1,0.9417472868658956,0,2.841833
660,1,1,37,2,0.3879061414935443,1,1,0,0.11641236738108489,0,6.9517574
678,2,1,29,6,0.0,2,1,0,0.32219161929964313,0,4.5400505
530,1,1,37,8,0.0,2,1,1,0.0013821819983808453,0,1.6143866
559,1,0,48,2,0.0,2,0,1,0.6898150273351105,0,23.97747
624,1,1,42,3,0.5785431447485312,1,1,0,0.3608263089125011,1,13.45159
592,1,1,28,5,0.5469263237516077,1,0,0,0.19800390937334514,0,12.873507
767,1,1,48,9,0.0,2,0,1,0.8773169337671747,0,4.072557
653,0,0,38,5,0.455436787103481,2,1,1,0.44760899665918097,0,5.2968903
678,2,1,27,2,0.0,2,1,1,0.06605465821986,0,1.7197441
586,2,0,42,2,0.0,1,1,0,0.5144379288222025,0,63.523335
550,1,0,40,8,0.5998065589100341,1,0,0,0.8323626406321802,1,20.87277
643,0,1,28,9,0.6411293525590411,2,1,0,0.13570140948460577,0,2.8453586
612,2,1,39,5,0.6787153301964157,1,1,1,0.2979763067372934,0,34.513535
674,0,0,27,4,0.4446746087226093,1,0,1,0.11008351297548914,0,3.5017438
657,2,1,29,7,0.3343549964848278,1,1,0,0.7653132874189484,0,26.973087
724,0,0,35,0,0.6854693473354063,2,0,1,0.8365873440913607,0,29.711693
500,1,0,34,4,0.0,2,1,0,0.06411802327122239,0,0.89032847
688,1,1,20,8,0.548527093211431,2,1,1,0.9879503992631296,0,0.2573021
599,1,1,50,3,0.4829038355772258,1,0,0,0.020110970597692075,1,83.336555
631,1,1,29,7,0.0,2,0,1,0.6293883065832787,0,1.1548451
634,2,1,52,1,0.0,2,1,1,0.8845936786963154,0,14.60189
545,1,1,37,3,0.36343046692782716,1,1,0,0.5273757143807233,0,16.138134
644,2,1,18,8,0.0,2,1,0,0.2958324519991659,0,2.5364425
690,0,0,54,1,0.5740490093009477,1,1,1,0.5436491184908159,1,84.97141
711,1,0,34,6,0.0,2,1,1,0.8765777131716078,0,1.5254424
712,1,0,29,8,0.5586754765650069,1,1,1,0.19081052240488966,0,3.1740263
627,1,1,27,1,0.2474825535738435,1,1,1,0.5294278603606644,0,4.2782674
694,2,1,39,3,0.0,1,1,1,0.47811290978288423,0,18.760513
534,2,1,35,4,0.0,2,0,0,0.0476524008042768,0,2.6634316
603,1,1,45,9,0.0,1,0,0,0.742596968010445,0,38.643276
808,1,0,33,2,0.4125853249819479,1,1,0,0.569535490639356,0,33.311787
723,2,1,30,1,0.0,3,1,0,0.8232593212651808,1,36.705914
585,1,0,35,2,0.0,2,1,0,0.49309439051429405,1,2.478371
706,1,1,34,8,0.0,2,1,1,0.1873598428649936,0,0.98679775
671,1,0,31,6,0.0,2,1,1,0.07918176185825745,0,0.59180355
597,2,1,43,2,0.33942968637186516,1,0,1,0.02546493190099654,1,44.483692
646,1,0,43,8,0.570199159347925,1,1,0,0.3096596724987236,0,36.951122
801,2,0,46,6,0.0,2,1,1,0.8500669813967233,0,17.341202
731,2,0,33,5,0.5475849178445321,2,1,0,0.8250242898196777,0,5.967408
620,0,0,25,1,0.5488762788110504,1,1,1,0.3809637320364095,0,17.655695
484,0,1,40,7,0.42607506497957004,2,0,0,0.5902283668090302,0,4.7351065
647,2,1,47,5,0.4209008127562869,2,1,1,0.7868217414763109,0,18.279566
688,0,0,40,8,0.6005614072231479,2,0,1,0.9811677015154947,0,12.465637
680,0,1,30,4,0.431650436238873,2,0,1,0.22188614012638205,1,3.364628
689,1,0,46,7,0.20731955352868572,2,1,1,0.3649452022668164,0,7.066145
513,0,1,34,7,0.24119406409191876,1,0,0,0.6228570328466368,0,35.588108
553,0,1,35,2,0.6320665095537396,2,1,0,0.2181637346366578,0,2.8689215
689,0,1,47,2,0.4735488420816596,2,0,0,0.15556405636738305,0,10.214443
517,2,1,46,4,0.0,1,1,0,0.11181667849279604,0,74.024345
731,1,1,37,8,0.0,2,1,1,0.8517151888005304,0,1.5045018
687,0,0,47,1,0.36357108178862585,1,0,0,0.7942454004357415,1,94.66363
507,2,1,32,7,0.0,2,1,0,0.3396054323187864,0,3.6563232
468,1,0,22,1,0.3041818293634679,1,1,1,0.9739507122930239,0,4.2496614
682,2,0,58,4,0.0,1,1,0,0.8802062096930257,0,97.52001
603,1,0,24,3,0.0,1,1,1,0.9941671929669282,1,15.239909
522,0,1,25,1,0.4441330342530707,1,1,1,0.8434404985676132,0,7.570101
629,2,1,41,10,0.5984442129471772,1,0,0,0.034626756855279675,0,37.232815
729,1,0,32,7,0.15364828006462705,1,0,1,0.89617883507875,0,5.197788
574,1,0,39,5,0.47435139900825873,1,1,0,0.5171010331486657,0,25.052633
677,0,0,39,0,0.4432622025938899,2,1,1,0.7379038698195678,0,61.015736
627,0,1,28,5,0.28337094953572584,1,1,1,0.6525268663157331,0,13.760678
788,2,1,36,10,0.436961676352339,1,1,1,0.08069545641608772,0,18.375761
697,1,1,63,7,0.5913477460111395,1,0,0,0.594309256533999,1,97.065384
578,1,1,45,1,0.5922759714910545,1,1,0,0.7169962731440853,1,36.931545
519,1,1,48,10,0.28331813924928645,1,1,0,0.6898029761842256,0,52.258007
632,1,0,40,9,0.5565022037433606,1,1,0,0.4685016419068021,1,15.552753
679,1,0,39,4,0.0,1,0,0,0.8647211808727733,1,17.920877
699,1,1,30,9,0.0,1,1,1,0.5408043968198963,0,3.1196492
615,1,1,64,0,0.3250885648431999,2,0,1,0.17943968649005976,0,1.9349827
622,2,1,36,9,0.0,2,1,1,0.5242551663683882,0,3.6324635
755,1,0,28,7,0.4963779517014259,1,0,1,0.944286729382656,0,2.9368234
767,1,0,42,2,0.5325524399169401,1,1,0,0.14303475981956276,0,24.748947
752,0,0,38,10,0.4051385963121521,2,1,0,0.8600314330018516,0,8.86752
633,1,0,26,8,0.4953478920465278,1,1,1,0.30055365287384944,0,2.9940672
717,1,0,59,4,0.0,2,1,1,0.8526666796679082,0,10.808891
585,2,1,45,0,0.0,2,0,0,0.9484511770874119,0,23.007006
751,1,0,37,9,0.731825658776438,2,0,0,0.2486405451720639,0,0.5562421
754,0,1,65,1,0.542795841929287,1,1,1,0.6076480803916774,1,42.377186
495,1,1,47,10,0.5487593787581245,1,1,0,0.3553333843382043,0,45.192726
650,1,1,34,4,0.42250437219350695,1,0,1,0.71498698125671,0,2.334509
529,1,0,31,6,0.6070614168485698,1,1,0,0.06521957846974386,0,16.341505
585,1,0,43,2,0.0,2,1,0,0.4469974882601288,0,5.60223
668,2,1,32,1,0.535859160984446,1,0,1,0.5562020672974268,0,4.4214787
591,1,0,38,2,0.5671198214382581,1,0,1,0.5981934774770991,0,33.764034
731,1,1,19,6,0.0,2,1,1,0.7579234316877261,0,0.16069265
754,1,0,45,6,0.0,1,1,0,0.3693857763416406,1,50.257736
650,0,0,46,9,0.5938816034829122,2,1,0,0.8845407236391074,0,22.343067
588,0,1,41,2,0.5234852923750835,2,0,1,0.035120153974704575,0,3.4031615
712,2,0,29,7,0.31056346423362574,1,1,0,0.6127385165283284,0,37.845726
691,1,0,34,7,0.0,2,0,1,0.8078148463178233,0,5.3464947
771,1,0,41,10,0.43168523124269303,4,1,1,0.6875598119620423,1,44.687565
678,2,0,39,6,0.0,1,0,1,0.926863415456176,0,24.508688
719,2,0,40,9,0.0,2,1,0,0.911149814807314,0,5.9704742
610,0,1,36,7,0.4601948942696217,1,0,1,0.21286762885855598,0,49.948753
722,2,1,37,9,0.0,2,1,0,0.15956708865696673,0,2.3827906
758,0,0,23,5,0.4891990210049029,1,1,0,0.5122952241939105,1,43.515022
709,1,0,32,2,0.0,2,0,0,0.5484009222880785,0,2.1397245
634,0,0,53,3,0.4534968759626668,2,1,1,0.5317181290813272,1,32.54959
678,2,0,49,1,0.0,2,1,1,0.5123555299531105,0,11.643275
633,1,1,35,3,0.0,2,1,1,0.18120820538361412,0,1.1163552
710,1,1,43,9,0.5113010226582435,1,1,0,0.16494230198984,1,28.972715
640,0,1,45,8,0.4806381347901055,1,0,0,0.9756549750501172,0,66.02567
656,1,1,63,8,0.0,2,0,1,0.2850414714605245,0,3.7335389
551,1,0,59,2,0.6654824674033988,1,1,0,0.7974370552387753,1,97.13441
786,2,0,39,7,0.0,2,0,0,0.5046382429522019,0,3.1634502
561,1,0,49,8,0.0,2,1,1,0.062513420031613,0,8.822982
807,2,1,42,5,0.0,2,1,1,0.37448236306567273,0,5.789068
602,0,1,38,2,0.28564573767779583,2,0,0,0.6855670216505677,0,3.3047314
727,0,0,31,3,0.32973335907021056,2,1,0,0.30103339868957485,0,4.5959463
678,1,1,40,1,0.0,2,1,1,0.936748559487431,0,2.7794707
730,1,1,23,8,0.0,2,1,0,0.9164522711918988,0,1.0512675
596,2,0,30,1,0.0,2,1,0,0.04057292471431021,0,5.8596363
686,0,1,39,3,0.5166487716187876,2,1,1,0.516094186994858,0,8.441048
684,0,0,26,2,0.45450880076448574,1,0,0,0.48441431156675463,0,39.190826
797,0,1,32,1,0.6055165266503225,1,1,0,0.04433163367101557,0,18.255318
658,1,0,39,4,0.0,1,1,1,0.7376628468018696,0,8.734265
653,2,0,27,6,0.42946393095300167,2,1,1,0.16690513944081656,0,2.0107355
641,1,1,37,6,0.0,2,1,0,0.22650993169847716,0,0.6005867
656,2,0,41,6,0.4032682353221581,2,1,1,0.17611196869301016,0,4.813653
750,2,0,36,6,0.0,2,1,1,0.2990527095337605,0,4.1006913
768,1,0,40,8,0.0,2,0,1,0.3453773835401281,0,0.8067225
568,1,1,33,7,0.0,2,1,0,0.7172636486784487,0,1.0235102
706,0,1,36,9,0.23344609757690865,2,1,0,0.20383161591932028,0,2.2769287
430,0,0,38,8,0.6100430656925289,1,1,0,0.49687590164860745,0,63.069862
745,0,1,35,4,0.39167432482248077,1,1,0,0.6680930528865506,0,26.516083
747,1,1,43,1,0.5212822066521113,1,0,1,0.5074655629612628,1,51.544785
657,0,1,40,7,0.39524350304938555,1,0,1,0.5966688318734439,1,33.137833
639,1,0,42,4,0.0,2,0,0,0.8384340204489528,0,1.3562653
704,1,1,44,3,0.0,2,0,1,0.764439353958303,0,4.8044786
651,2,1,23,4,0.4608885225072858,2,1,0,0.3519800140913457,0,4.259912
706,0,0,44,2,0.7410665421964752,2,1,0,0.32704038235651506,0,8.527044
632,0,1,30,2,0.2891572430862268,2,0,1,0.9136733558054793,0,3.050131
751,1,1,42,4,0.0,2,1,1,0.407193987025761,0,2.2851553
767,1,0,35,2,0.0,2,0,0,0.7212678810826434,0,0.77936894
741,1,1,39,5,0.0,1,0,1,0.20099659517483917,0,6.5390697
651,0,1,29,3,0.4858150175635056,1,1,0,0.2726206852754438,1,16.647547
601,1,1,46,2,0.3977155425934092,1,1,1,0.16337710251329002,1,44.476746
520,1,1,34,3,0.0,2,1,1,0.5235118953860094,0,1.8414831
626,0,1,27,4,0.4586903391731679,2,0,1,0.1344920939949765,0,1.602402
811,1,1,30,6,0.0,2,1,1,0.9029849350612983,0,0.8518565
730,1,0,32,9,0.5088188993387714,1,0,0,0.3044987296286795,0,14.329738
604,0,0,47,4,0.4739278804394247,1,0,1,0.2388506602380527,1,94.52568
499,0,0,44,6,0.30939785153406313,2,1,0,0.5411071757352827,0,11.477001
754,2,1,40,2,0.6402008480813864,1,0,1,0.01771694196795794,0,30.163326
716,2,0,29,8,0.0,2,0,0,0.3930642376346941,0,4.701402
636,1,0,20,10,0.4952881865302363,1,0,0,0.5028241697082071,0,6.282685
470,1,0,25,8,0.510063906823683,2,1,1,0.9163263591673004,0,0.8204566
444,1,1,43,3,0.0,2,1,1,0.7956741368800719,0,11.65303
809,2,0,48,2,0.0,1,1,0,0.8049032182573436,1,97.16736
850,0,0,30,3,0.41814327881093083,2,1,1,0.2146288970596692,0,1.2587267
637,1,1,27,1,0.0,2,1,0,0.4564416901814123,0,0.6395616
512,1,1,43,1,0.0,2,1,1,0.26232395193741004,0,9.937281
774,2,0,43,1,0.44100192233428326,1,0,0,0.5440154534758069,0,73.316864
641,1,1,57,5,0.0,2,1,1,0.6122464695378408,0,7.0428147
586,0,1,42,6,0.5050038045327488,2,1,0,0.2083734996692184,0,4.1278014
611,1,1,30,9,0.0,2,1,1,0.74445164513211,0,1.1391646
660,2,1,31,1,0.3370294289605792,1,1,1,0.688929142733131,0,8.000113
532,1,1,43,9,0.0,2,0,0,0.9529026522032854,1,3.8558767
557,0,0,38,2,0.5177144234139048,1,0,0,0.510370990429586,0,58.626972
730,2,1,25,5,0.6671466092069493,1,1,1,0.281506533873985,0,2.035213
535,1,0,27,6,0.0,2,0,1,0.24884376457951732,0,0.8021979
773,0,0,36,4,0.4219191545061185,1,0,1,0.02192144349785404,0,33.80674
510,0,0,44,4,0.4905214304341656,1,1,0,0.14226213603399124,1,73.51979
539,1,1,39,1,0.0,1,1,1,0.14087905394965217,0,11.2847595
690,2,0,48,2,0.0,2,1,1,0.015689098308888497,0,18.650194
821,1,0,40,1,0.0,2,1,0,0.971400468744765,0,2.2136981
687,0,1,35,1,0.4987731871533977,2,1,1,0.7426983776950699,0,9.0034275
557,1,0,46,4,0.3833156721121313,2,1,1,0.5818892204205501,0,8.189688
532,2,0,37,5,0.0,2,0,1,0.03375452355699969,0,2.9654138
540,2,1,39,2,0.0,2,1,0,0.40996085126129544,0,3.7275255
705,1,0,55,8,0.0,2,1,1,0.07191236763110877,0,15.048024
542,0,0,35,9,0.5083462771677537,2,1,0,0.0022870184102581795,1,10.620136
706,1,1,38,1,0.0,2,1,0,0.6118982362815648,0,1.4926816
765,1,0,56,1,0.0,1,1,0,0.06609306188741024,1,94.88649
529,1,1,67,8,0.4109300313924271,2,1,1,0.7700257374579271,1,5.801468
714,1,1,54,7,0.5026474294802324,1,1,0,0.5638828508122525,0,66.28965
582,1,1,41,1,0.16137532174916122,1,1,0,0.6426476228479819,0,9.986219
609,0,0,40,10,0.547591932644844,2,1,0,0.8506344355885986,0,18.74792
518,1,0,28,9,0.33936631402813794,1,0,0,0.013962883455369987,0,19.37916
791,0,1,35,5,0.5174554337978421,1,1,1,0.9096202687356643,1,38.23947
747,1,1,42,4,0.3197089304266924,1,1,0,0.5762069277616012,1,18.325089
565,1,0,40,2,0.0,2,1,1,0.6497848044488248,0,1.9946916
735,1,1,34,1,0.565155478066812,1,1,0,0.22925644399040104,0,7.4486504
697,1,0,49,7,0.7781577372709375,4,0,1,0.655422492848067,1,95.24554
813,0,1,27,6,0.4437983166790947,1,1,0,0.23207656331179624,0,41.0301
772,1,1,43,6,0.0,2,1,1,0.2883490373330653,0,2.101177
606,1,0,71,8,0.0,2,1,1,0.8487329539971066,0,6.7366147
667,0,0,42,10,0.25669489951079344,2,0,0,0.1300663713384628,0,14.535697
637,0,1,40,9,0.6150292734392678,1,1,1,0.6266727472473621,1,48.200375
542,1,1,67,10,0.5158722411956186,1,0,1,0.10667098707926606,0,15.529593
762,2,0,43,5,0.5348971369212099,1,1,1,0.6998639870107596,0,39.671875
698,1,0,39,4,0.0,2,0,1,0.23724385678832327,0,3.5258036
850,1,0,32,8,0.0,2,1,1,0.2779376430449108,0,0.54373795
621,1,0,50,5,0.0,2,1,0,0.958816366963045,1,7.27274
671,0,0,48,9,0.46517317050918966,2,0,0,0.38184546624202614,0,13.841516
775,1,1,31,9,0.0,2,1,0,0.8464154826785958,0,0.42150915
504,2,1,34,0,0.21913602451098774,1,1,1,0.6845568751815798,0,22.462948
751,2,0,37,3,0.3976668375594251,2,1,0,0.2742978954490154,0,6.4092703
691,0,1,30,7,0.40347764305419787,2,0,0,0.7826640444162417,0,5.9431815
841,0,1,32,2,0.46660462819784726,1,1,0,0.5674072873959463,0,36.948715
709,0,1,23,8,0.29220644924000816,2,1,0,0.31720474305296154,0,2.4622247
673,1,1,37,2,0.0,1,1,1,0.06806870056090356,0,5.94899
541,1,1,37,9,0.8462162067475285,1,0,1,0.7440858601996491,0,16.194183
661,1,0,31,3,0.5423230603309894,2,1,0,0.32781295613731115,0,0.95819414
784,2,0,42,2,0.43464675239257505,2,1,0,0.03199290532245829,0,12.900071
742,1,0,35,2,0.3153717511360888,1,1,1,0.6349903915823961,0,7.280901
850,2,0,55,7,0.0,1,0,0,0.8588384690737965,1,97.854546
443,1,0,35,9,0.43168124556069765,1,1,0,0.6451596627477924,1,18.973045
778,0,0,48,3,0.40769764329413594,2,1,0,0.9134858879022946,0,18.312857
529,1,1,39,6,0.40663952443799,2,1,0,0.06170304264057217,0,1.129525
678,0,0,37,2,0.4519088606852289,1,1,1,0.6756264223233318,0,53.18796
516,2,0,65,9,0.4086962160612702,1,1,0,0.9074808644225524,0,88.18376
469,2,1,35,5,0.0,2,1,0,0.932483002126703,0,5.208618
786,2,1,40,6,0.0,2,0,0,0.20620579265319838,0,2.9964051
703,1,0,41,6,0.4381918969570474,1,1,0,0.5813340173986615,0,13.909123
579,0,1,41,0,0.5649691474335258,1,0,1,0.04595413862023823,0,49.547558
565,1,1,38,5,0.0,2,0,1,0.40313219912501647,0,0.9538726
443,1,1,44,2,0.0,1,1,0,0.79584660335062,0,69.07007
589,1,1,37,7,0.33936679230997735,2,1,0,0.43243384743242974,1,1.2150483
691,1,0,44,6,0.5343448409671036,2,1,1,0.9878984943062061,0,7.7348156
711,1,0,28,8,0.0,2,0,0,0.5257917631133773,0,2.3874257
775,2,1,27,4,0.0,1,1,1,0.20399788179771167,0,5.476099
621,1,1,35,7,0.34922262660508896,1,1,0,0.0006588629214089945,0,12.596191
350,1,1,51,10,0.0,1,1,1,0.6291211310680169,1,90.58621
668,2,0,30,8,0.0,2,1,0,0.6923367181565839,0,4.287885
633,2,1,27,3,0.0,2,1,0,0.22000766073159986,0,2.704338
697,0,1,43,8,0.4121560271742205,1,1,0,0.3344404390619304,1,63.431625
734,0,0,30,7,0.4903998272764851,1,1,1,0.3824939281701402,0,10.032422
434,1,1,41,4,0.4309658953561584,1,0,1,0.2838897614722206,0,10.496977
646,0,1,48,8,0.6736732431881008,2,1,1,0.8783137289611157,0,39.761086
764,1,1,30,5,0.0,2,0,1,0.5257706110933594,0,0.39931637
727,2,0,41,10,0.0,2,0,1,0.23730756287225427,0,15.723145
724,1,0,29,6,0.0,2,0,1,0.32362055576307536,0,0.7653707
749,2,1,42,9,0.8858880910572099,1,0,0,0.5055346285570272,1,41.671528
706,0,0,47,10,0.5742985927075014,1,1,0,0.704704149246253,1,91.12823
728,1,1,30,10,0.4576975057881071,1,0,1,0.1882725300266175,0,5.8549633
636,1,1,44,2,0.0,2,0,0,0.4320554112917784,0,1.7597661
634,1,1,34,3,0.5780471266242004,1,1,1,0.20906531573765294,0,8.120961
627,1,1,43,8,0.2839411810588116,1,0,1,0.6386738933568156,0,31.09558
518,1,1,59,5,0.5531016597216822,1,0,1,0.6193612489992794,0,23.48736
687,2,0,29,7,0.3731278703636206,1,0,1,0.5652506814400775,0,24.678244
622,2,0,23,8,0.0,2,1,1,0.6569517888958396,0,8.546402
693,2,0,45,4,0.0,2,1,1,0.13290259219755485,0,12.596676
450,2,1,25,9,0.2958858714309065,2,0,1,0.9773521871338713,0,1.0679144
664,0,0,49,5,0.5078626943712485,2,1,0,0.5443778380835369,1,20.040386
663,2,0,28,8,0.2442214685651852,2,1,0,0.6802793166747425,0,6.6111164
660,1,1,34,8,0.42442196351514677,2,0,1,0.9113424332023707,0,0.8167146
579,1,0,29,10,0.29173008052791477,2,1,1,0.6460492477031556,0,1.0548598
655,0,0,44,6,0.5838974700843679,1,1,0,0.32424061497873047,1,76.10794
683,1,1,47,1,0.0,2,1,0,0.7449589935838872,0,5.5810776
655,1,0,32,2,0.0,1,1,1,0.3552135728962115,0,3.7438567
575,2,0,30,8,0.0,2,1,0,0.926738753550964,0,9.763385
574,2,1,30,5,0.4796967565596056,1,1,0,0.688974647078796,0,34.834934
795,1,1,32,2,0.4673818361869555,1,1,1,0.9916229499917242,0,3.3649108
776,1,0,43,4,0.0,2,0,1,0.8107070225206506,0,10.176556
707,2,0,52,7,0.0,1,1,0,0.5484385758839969,1,93.90579
705,0,0,37,3,0.43832226861511786,1,1,1,0.18156378934188214,1,49.18749
678,0,0,44,2,0.3906332248284553,2,0,1,0.1568813821719974,0,19.570768
663,1,1,34,10,0.0,1,1,1,0.5704152246539544,0,6.79861
748,1,1,66,8,0.0,1,1,1,0.8166783427817356,0,5.4336023
677,2,0,34,10,0.6842296009507287,1,1,1,0.2538551931709478,0,14.481913
634,2,1,63,10,0.0,2,1,0,0.15382108991408677,1,91.60387
350,1,0,60,3,0.0,1,0,0,0.5689771873213891,1,98.53868
727,1,1,61,0,0.5110200719343859,2,1,1,0.9436776212128257,1,17.991945
773,0,1,51,8,0.4631268815159175,2,1,1,0.4334904983425917,0,17.534874
675,1,1,39,1,0.0,2,1,0,0.7656613206561226,0,1.302418
649,2,0,36,6,0.3451895149939165,1,0,0,0.09907701185463211,0,38.4291
552,1,1,29,10,0.0,2,1,0,0.06088206423713464,0,1.420235
761,0,1,62,5,0.39400196310781005,1,0,0,0.43458845319728034,1,99.26789
622,1,1,31,7,0.0,1,1,0,0.17700285377253525,0,8.699788
615,1,1,59,8,0.0,2,1,1,0.8279039148238656,0,12.528041
681,0,1,31,4,0.38795907135044355,2,0,0,0.24109892494733245,0,3.2474904
768,1,1,30,6,0.0,2,1,1,0.9973091930279341,0,0.3992185
617,2,1,34,9,0.0,2,1,0,0.5937467028101183,0,3.1382778
452,1,0,33,6,0.5249086192724705,2,1,0,0.758134051801947,0,3.3785636
807,0,1,37,10,0.5185788779818931,2,0,1,0.860514029089778,0,8.434468
567,2,1,44,9,0.0,2,1,0,0.4383697143077163,0,6.356372
603,2,1,24,1,0.658231914001418,2,1,0,0.10924393279558196,0,9.232574
617,2,0,37,9,0.405374947254481,1,1,0,0.6193326462677186,0,39.249825
701,1,0,34,3,0.42084282108325344,1,0,1,0.3734498144572807,0,9.651421
820,0,1,39,9,0.44375343789982624,1,1,0,0.08380165305786702,1,64.38037
438,1,1,60,7,0.31244227486945003,1,0,1,0.24708869697056066,0,14.7129
600,2,0,27,6,0.0,2,1,1,0.8601803472231597,0,4.061104
782,1,1,34,9,0.0,1,1,0,0.915134795372958,1,8.897017
638,0,0,41,9,0.5752378983833636,1,1,0,0.36987667322229273,1,43.469498
850,0,1,27,1,0.40366289755334533,2,1,1,0.1312805372913113,0,1.0706413
741,0,0,19,8,0.4332897472435921,2,1,0,0.12424021494052681,0,1.4425951
689,2,1,73,1,0.4326659880113078,1,0,1,0.8398680573994816,0,1.5950438
743,0,0,35,1,0.5850233455344359,1,1,0,0.9465709975302641,0,45.08175
493,1,0,36,2,0.0,2,0,1,0.4988412393383568,0,3.734868
416,2,1,35,8,0.0,1,0,0,0.5985631627820457,0,16.757278
725,1,0,25,9,0.0,2,1,1,0.8430613123553299,0,0.34449023
497,1,1,34,2,0.0,2,1,1,0.4154174223638358,0,0.7004893
537,0,1,66,8,0.4116860754101397,2,1,1,0.6533284428662937,0,20.991516
706,2,0,29,1,0.8349613582152021,1,1,1,0.6663441858697505,1,15.405172
651,2,1,38,2,0.0,3,1,0,0.33512320426600745,1,83.93959
720,1,1,33,2,0.0,2,0,1,0.7051648432425296,0,1.4143693
797,1,1,45,8,0.0,1,0,0,0.62555194021029,0,21.497717
543,2,1,23,5,0.0,2,1,0,0.5891603148100644,0,1.1551783
454,1,1,34,4,0.0,2,1,0,0.9941256389985242,0,1.988714
691,1,1,37,9,0.5954815359495165,1,1,1,0.7320700126862115,0,15.175997
510,1,0,52,6,0.7639165766467174,1,1,1,0.6565676022060106,1,47.146954
792,2,0,40,7,0.0,1,1,0,0.7082707398556563,0,36.327396
721,1,1,41,6,0.5383505310861474,1,1,1,0.3223591352974209,0,8.99947
765,1,1,41,2,0.0,2,0,1,0.9561114586443004,0,0.6405891
850,2,1,39,8,0.0,2,1,1,0.18541200684665385,0,1.8466871
681,0,1,38,6,0.7246142846284721,2,1,1,0.2875581117996769,0,6.3895464
586,1,0,60,3,0.18740935811827028,2,0,1,0.3161783450319505,1,17.171463
753,1,0,36,7,0.512235784656631,1,1,1,0.22280252764138975,1,8.817442
593,0,0,38,5,0.5685895815308918,2,0,1,0.6766922741121776,0,9.869396
674,1,0,21,9,0.4788812461665213,2,1,1,0.169778463843297,0,0.15127209
610,1,0,35,7,0.3264510702333366,1,1,1,0.3080874723536098,0,17.749569
652,1,1,26,3,0.5500169411413217,2,0,1,0.8449716447920775,0,0.3023504
850,0,0,26,8,0.49074223721671223,1,1,0,0.3721046859975128,0,7.1613917
740,1,0,51,4,0.0,2,1,1,0.8946767416288255,0,19.323708
637,0,1,43,1,0.5406389901174617,2,0,1,0.5069048094092986,1,17.342304
685,2,1,31,7,0.4880440102194481,2,1,1,0.9038761701742515,0,4.9800115
558,2,1,40,4,0.6447513012155653,1,0,0,0.4618789094358511,0,36.821194
677,1,0,37,3,0.0,2,1,1,0.19122161166391388,0,4.313754
592,0,1,36,10,0.49098624066847224,1,0,1,0.7305686193031434,0,69.95336
652,0,1,36,9,0.6016654411358812,1,0,0,0.36172749497577017,0,35.86151
662,2,0,42,6,0.41858142483268806,1,1,0,0.2411770324065948,0,66.226425
543,1,1,64,4,0.0,2,1,1,0.7415420172626486,0,2.4598312
675,2,0,50,1,0.5309124114894618,1,0,1,0.04129634380083297,0,60.794228
643,2,0,35,6,0.0,2,1,1,0.20771013631801835,0,4.367646
611,0,0,49,9,0.46030051484250045,2,1,1,0.6932923594203246,1,54.65352
412,1,1,29,5,0.0,2,0,0,0.06250071881864717,0,0.48151216
638,2,1,41,7,0.0,2,1,0,0.2194101036649,0,3.5609238
824,2,0,38,3,0.0,2,1,0,0.964035415382169,0,11.610111
683,1,0,40,1,0.0,2,0,0,0.37878827428019374,0,4.6645503
562,0,0,39,6,0.5203906494465542,1,1,0,0.04922040054825235,1,59.353573
599,1,0,41,2,0.3640071951125655,1,1,0,0.5786212583301705,0,20.495895
753,1,1,35,4,0.0,2,1,1,0.5315098591915527,0,0.7521782
594,1,1,50,7,0.32407715818004035,1,1,1,0.9193699498302088,0,44.531116
657,1,1,34,3,0.4270124176712546,1,1,0,0.7694928865706674,0,7.434327
716,2,1,34,9,0.0,1,1,1,0.3334524947132451,0,5.2367725
850,1,1,43,7,0.0,2,1,1,0.8692806663036319,0,3.425898
664,1,1,46,2,0.0,1,1,1,0.887141922053556,1,15.14927
558,1,1,33,0,0.43235677880210255,1,1,1,0.5454777431244684,1,23.31919
606,0,1,40,1,0.5769592347235486,2,1,1,0.8333025803964278,0,6.717489
776,2,1,33,2,0.0,2,1,1,0.8846315823161112,0,2.9356117
557,2,1,36,1,0.45082152678005644,1,1,0,0.4920545912134609,0,31.572088
614,1,0,27,9,0.42413463570009646,2,0,0,0.3874831546412682,0,3.72639
620,2,1,42,4,0.4261527459216609,1,0,1,0.59873467916186,0,24.510817
695,2,1,35,7,0.0,2,1,0,0.8019585870450628,0,3.8578942
729,0,0,39,1,0.5241700325418979,1,1,1,0.9686096022170116,0,46.371918
571,1,0,53,2,0.0,2,1,0,0.1401843376042412,0,23.84683
457,1,1,40,10,0.5353577223326014,2,1,0,0.7538008379800271,0,4.5116878
559,1,0,29,3,0.3177200751109744,1,1,0,0.4112427736848869,0,13.04809
664,1,0,38,4,0.29616084363177103,2,1,0,0.7719936253912248,0,1.3451775
500,2,0,50,5,0.0,4,1,1,0.4193138944769226,1,94.29486
782,0,1,42,7,0.5039033178769915,1,1,0,0.1991116151592477,0,38.905884
708,2,1,38,8,0.3971369012813131,1,1,0,0.06209412998941398,0,33.00843
681,1,1,43,3,0.2644048824763871,1,1,1,0.0938135591949031,1,15.682094
674,2,0,39,6,0.0,2,1,1,0.0478208168880128,0,2.2285852
697,2,1,43,10,0.5110695342479491,1,0,0,0.9424668055799328,0,63.9247
774,1,0,26,5,0.0,2,1,1,0.3235533993496379,0,0.4943891
624,1,1,36,6,0.0,2,0,0,0.42373236644099516,0,0.83240473
747,2,1,37,1,0.0,2,0,1,0.9027871161695942,0,10.055145
715,1,0,32,10,0.0,2,1,0,0.30450863057421984,0,2.776331
808,1,1,24,4,0.4869253887106116,1,1,0,0.8705604385218788,0,24.170609
678,1,0,43,7,0.7097476509287097,1,0,0,0.5520243183223997,0,42.275383
813,0,1,59,2,0.5383795867078941,1,1,0,0.9382119992459279,1,95.04413
687,2,1,38,8,0.2767434379432701,2,1,1,0.332874539518524,1,6.799756
832,1,0,29,5,0.0,2,1,0,0.89392506984417,0,1.4187343
668,1,1,72,2,0.0,2,1,1,0.35389394687192627,0,0.193772
526,0,1,34,3,0.4891490405526802,1,1,1,0.23382623040500367,0,22.79627
457,1,0,38,7,0.6556326913449202,1,1,1,0.8166564406900858,0,17.012522
649,2,0,38,8,0.0,1,1,0,0.5187942948551586,0,42.797073
669,1,0,41,0,0.598726797800653,2,0,0,0.5391887425249111,0,2.2305515
668,1,1,42,8,0.7474540360191663,1,1,1,0.16445985591624,1,6.193424
466,1,0,30,3,0.0,1,1,0,0.969957730963307,0,16.626467
685,1,1,30,2,0.0,2,1,1,0.7044559755456646,0,3.0311797
610,1,1,34,0,0.4109563767504169,1,0,0,0.6282361965567712,0,10.603208
582,0,0,50,6,0.38456478484949813,2,1,1,0.10167190966737323,0,18.267937
702,0,1,36,9,0.3609452746332186,2,1,0,0.8713696658030841,0,2.6821022
556,2,1,46,3,0.5251732287001468,1,1,1,0.5424972084834102,1,35.46765
812,2,0,24,1,0.3685834356092548,1,0,0,0.4162175487759081,0,64.35217
645,0,1,47,9,0.6061302818207983,1,1,0,0.6092012787221179,1,89.92308
809,1,1,43,2,0.0,2,1,1,0.6645459141347999,0,2.276095
560,1,1,49,4,0.0,1,1,1,0.5003653848942574,1,38.82398
744,1,1,29,1,0.1733947835154903,1,1,1,0.5966378289126612,0,5.1141047
731,2,0,39,2,0.0,2,1,0,0.6836930426855764,0,8.86376
471,2,0,28,5,0.0,2,1,1,0.11173762094280003,0,4.147384
686,0,0,38,2,0.3729397063166165,3,0,0,0.05063363551219141,1,83.03631
668,2,1,45,4,0.40847744197654123,2,1,1,0.7919139777848784,0,4.07951
575,1,1,36,1,0.0,1,0,1,0.4728400562253695,0,13.869791
435,0,1,37,8,0.4557479891536839,1,0,1,0.004847212908832793,1,40.278496
743,1,1,23,3,0.4392371819171681,1,1,0,0.47790498992653796,0,5.9646087
580,1,0,39,9,0.5116124638493661,1,1,0,0.43020808487210527,0,23.1536
599,0,0,49,10,0.573492687808026,2,1,1,0.8312033799227826,1,51.759075
534,2,1,34,5,0.679960457251787,1,0,1,0.026147247062094425,0,9.17295
680,1,0,32,5,0.0,1,1,1,0.7534352030618924,0,12.67613
631,2,0,46,10,0.0,2,1,1,0.6475487409047564,0,23.240086
485,1,0,39,2,0.30027984668994495,1,1,1,0.3533016403066493,0,14.970422
699,1,0,40,8,0.4864060144897875,1,1,0,0.510417594880311,0,12.544502
712,1,1,34,1,0.0,2,1,1,0.9752958407527917,0,1.5861133
603,1,1,51,8,0.7446273106343696,1,1,0,0.46868540945660314,1,71.320885
850,1,1,40,6,0.49736600226809224,1,1,0,0.3280340272496023,0,14.190812
584,1,0,41,3,0.0,2,1,1,0.8004959473629731,0,1.9117352
604,1,0,71,2,0.0,2,1,1,0.24749983623436037,0,2.7813294
586,1,1,51,2,0.5522304693511219,1,1,1,0.4620173226543135,0,40.198128
467,2,1,39,5,0.0,2,1,1,0.037025435929131226,0,3.4797246
520,1,1,35,9,0.42004261570903156,1,1,1,0.1252493613140055,0,4.7866254
683,2,1,40,4,0.37885142927951354,1,1,1,0.5840805796953609,1,44.4495
557,1,1,36,3,0.0,1,0,1,0.7204009982953371,0,9.039045
613,2,0,32,0,0.0,2,0,1,0.6333806878556901,0,44.17221
786,1,1,34,3,0.5474810908285512,1,0,0,0.9184402610449297,0,9.289595
593,2,1,32,10,0.6318797404954339,1,1,0,0.8342746232265181,0,58.230026
670,2,0,29,9,0.0,2,1,0,0.1367511097309793,0,1.564904
657,0,0,48,5,0.5723274736766629,1,0,0,0.5065637268359128,1,91.08624
718,0,1,32,9,0.677356332206435,2,1,1,0.1398512557949284,0,1.709206
623,1,0,24,7,0.5905498523324749,2,1,1,0.547346071549833,0,4.46919
496,1,1,31,5,0.0,2,1,0,0.4685524967634409,0,0.6766507
429,1,0,39,6,0.19140771458244266,1,1,0,0.3743327987822837,0,18.84547
606,1,1,36,1,0.6203931644118933,1,1,1,0.9619715182799957,1,19.198236
499,1,0,46,6,0.0,2,1,0,0.3672649238002229,0,6.6126137
642,1,1,62,7,0.0,2,1,1,0.3055750324155957,0,3.0686834
641,1,0,52,4,0.0,1,1,0,0.45480823418636473,1,73.98391
673,1,1,32,8,0.48322711424387493,1,1,0,0.5848466028505722,0,6.280131
570,1,0,36,3,0.0,2,1,0,0.4605798353742782,0,1.4033521
472,1,0,37,1,0.0,2,1,1,0.24175468757266316,0,4.681021
550,0,1,35,9,0.5175318393216943,2,1,0,0.9866633263476661,0,3.139681
625,0,0,55,8,0.47339025179506156,4,0,0,0.6792750707692584,1,99.78236
516,1,1,46,2,0.0,2,1,1,0.8456355581958077,0,10.896313
682,0,1,32,2,0.419149783085236,2,1,1,0.820872793351765,0,7.940712
620,1,1,28,8,0.0,2,1,1,0.9995841602873073,0,2.1339958
626,1,0,39,0,0.0,2,1,1,0.41645732167421984,0,23.999939
623,1,0,29,1,0.0,2,0,0,0.19687120119971455,0,0.7008443
569,1,0,35,4,0.3743935635380884,1,1,0,0.9237714701754017,0,20.975292
724,1,0,69,5,0.4697800609004238,1,1,1,0.3113763864449055,0,4.922718
678,1,0,55,5,0.0,1,0,1,0.9840066226324613,1,52.533585
713,2,0,26,4,0.48967076632588163,2,1,0,0.7234220368045149,1,5.765369
631,1,1,32,10,0.0,2,0,1,0.9817491570444977,0,4.249921
846,1,0,37,6,0.506596004776282,1,1,1,0.20754412046350426,0,13.670358
660,1,0,43,1,0.0,1,0,1,0.56012609204179,1,47.306324
567,1,1,54,9,0.38423154197786047,1,0,0,0.2601433936940978,1,91.61796
731,1,1,31,1,0.5281517288553293,1,1,1,0.9273649133492248,0,5.845341
693,2,1,47,8,0.42887795598603407,1,1,1,0.40072671940170285,0,28.970226
772,1,1,34,9,0.0,2,1,0,0.8549280456283573,0,0.40124175
657,1,1,38,7,0.0,2,1,0,0.9291695356906583,0,0.8862098
774,0,1,34,4,0.4817702279040865,2,0,1,0.5670325516086786,0,1.1297737
667,1,0,37,9,0.28611975483751195,2,1,1,0.3386483909213329,0,2.8240201
516,1,0,37,8,0.45095249629042616,1,0,0,0.016760500627809954,0,12.91466
551,2,1,49,1,0.6009520439155197,2,1,1,0.6787932747577393,0,8.999606
542,2,1,35,2,0.6970739793196513,1,1,1,0.11152550068531543,0,14.54782
623,1,1,28,7,0.0,1,0,0,0.6476367993143345,0,8.278286
701,1,0,43,2,0.6393693949603204,1,0,1,0.18629204088990498,0,36.425247
583,1,1,48,3,0.3636796517661813,1,1,0,0.3000580555443045,1,51.620472
731,2,1,46,10,0.0,2,1,0,0.7650922663114328,0,9.798618
461,1,0,35,5,0.0,1,1,1,0.27101308174930705,0,9.286425
702,0,0,23,7,0.39368665580515183,1,1,0,0.5730166230875049,0,43.58291
565,0,0,47,10,0.5570234512347225,1,1,0,0.8292687451651631,1,93.187454
711,2,1,42,3,0.7079638190948365,3,0,1,0.0819135227414218,1,33.19482
664,1,1,54,8,0.0,1,1,1,0.8136182505429268,1,34.18351
518,2,1,50,4,0.0,1,0,0,0.5355544954543159,1,96.91761
728,2,1,42,8,0.0,2,0,1,0.20907816696494513,0,5.3424063
585,0,1,37,6,0.6078038298338582,1,1,1,0.49952625475732926,0,35.115536
573,1,1,52,8,0.0,2,0,1,0.8911724069648651,0,6.3857975
568,0,1,26,1,0.4501041837345195,2,1,0,0.11043129618878601,0,1.0267972
602,0,0,26,8,0.4530692122845575,1,1,0,0.9893423821974998,1,32.69661
603,1,1,44,9,0.0,1,1,0,0.691649352513165,0,35.016563
687,1,1,38,0,0.5757340759349743,1,0,1,0.6863918004169397,0,38.20528
741,1,1,52,1,0.6824934378735207,2,0,0,0.1091245213917929,1,14.026187
469,2,1,37,9,0.38572031377361227,1,1,1,0.5994536478233671,0,10.956263
477,0,0,58,8,0.5818494672478377,1,1,1,0.12277732523455989,0,73.28874
737,0,1,43,8,0.3840356058509653,1,0,0,0.050995970115145985,0,44.088707
835,1,1,25,7,0.0,2,1,1,0.41723019548366863,0,0.4059935
717,0,0,33,0,0.46145122109140013,1,1,1,0.40752151830499816,0,47.265007
562,1,0,51,7,0.4895294340423238,2,0,0,0.16308872497323493,0,22.987093
758,2,1,61,2,0.0,2,1,1,0.21987514807664132,0,17.193535
408,1,1,40,3,0.0,2,0,0,0.6243728776098116,0,1.1726875
650,2,0,32,4,0.31666279324804747,1,1,1,0.5916223499344188,0,7.2079206
582,0,1,33,2,0.48782356214828104,1,1,1,0.11052230488011604,0,9.0828905
706,2,0,43,1,0.0,2,1,0,0.15977120815037835,0,26.428492
567,0,1,41,0,0.5355915224384531,1,1,1,0.5287272934565251,0,48.461456
720,1,1,29,2,0.0,2,1,0,0.19958876072664936,0,0.8098559
631,2,0,31,2,0.3513850982285278,2,1,0,0.6381574440359055,0,4.9296675
623,2,1,41,2,0.5676094624713963,1,1,0,0.14385073774545468,0,29.788118
514,1,1,35,3,0.48239067902031463,1,1,0,0.04999027407117379,0,8.519714
650,0,0,35,3,0.6615531828082072,2,1,1,0.1223645858179456,0,6.980055
673,2,0,35,6,0.0,2,1,0,0.49308313943981646,0,2.6426659
504,1,0,32,8,0.8236959874824078,1,0,0,0.08135956983891961,0,8.131935
723,0,1,37,3,0.37729075578056415,2,1,0,0.6061982419321045,0,1.7431414
645,1,1,25,0,0.6951043748479712,1,1,0,0.21330932104015932,0,4.550471
664,2,1,41,7,0.49194750745212934,1,1,1,0.8246414032540106,0,14.60752
760,2,1,43,6,0.7004258183073455,1,1,1,0.7867036802014592,0,31.292969
766,2,1,36,5,0.31240225862221593,1,0,1,0.7691735560746051,0,8.141166
634,1,1,37,5,0.45973191744903286,2,0,0,0.8439316954769179,0,0.58252734
640,0,0,31,10,0.47275505365545034,1,1,0,0.8423707964110572,0,37.32909
784,0,1,28,2,0.4382658313580626,2,1,1,0.8541730235237465,0,4.6179185
547,0,0,42,1,0.5687703720662043,1,1,0,0.4310207124780417,1,69.0311
608,0,0,40,8,0.48517475760776024,1,0,0,0.30579355328433866,0,56.621082
547,1,0,35,4,0.0,1,1,1,0.6664443954397645,0,9.3694315
612,1,0,43,4,0.5559880906227704,2,1,1,0.38562007671732645,0,16.271431
573,2,1,28,8,0.0,2,0,0,0.38827933067607956,0,6.5394106
615,2,1,32,5,0.5521039638045869,1,1,1,0.28445476543009857,0,20.103027
710,1,0,33,2,0.0,2,1,0,0.3647035291870374,0,1.7869238
674,0,0,38,10,0.33371190669486567,1,1,0,0.22705438369364273,0,63.511963
702,2,0,38,9,0.0,2,1,1,0.7926550485571372,0,4.999663
616,1,1,37,9,0.0,1,1,0,0.5565600514849168,0,20.632603
688,2,1,32,6,0.4949392002147167,1,1,1,0.6938041082923418,0,31.790777
605,1,1,36,7,0.5134724222093521,1,1,0,0.9529760592136548,0,10.874995
676,1,1,33,6,0.683507714227717,1,0,0,0.39547806815550884,0,11.561571
708,2,1,33,3,0.0,2,1,0,0.6930743385993362,0,3.1747174
745,2,0,38,7,0.0,2,1,1,0.9711889485445859,0,5.1594796
661,2,1,20,8,0.0,1,1,0,0.5512573950812302,0,4.8546
726,1,1,31,9,0.0,2,1,1,0.5305792703203156,0,0.58412313
475,1,1,40,7,0.6409697259951241,1,0,1,0.8482337563237289,1,16.480398
751,0,1,54,9,0.6232315279881167,2,0,1,0.5808971756802774,0,17.082882
645,0,0,59,8,0.48493764938585227,2,0,0,0.00040088828483120134,1,90.08705
775,1,1,42,6,0.5339626937773819,2,0,1,0.9392312965888241,0,1.0754565
540,1,1,41,3,0.0,2,1,0,0.6054931745981741,0,0.82075846
591,1,0,34,3,0.38313272930854125,1,0,0,0.15481718504117142,0,24.387388
596,2,1,60,7,0.4858864011280437,1,0,1,0.15152677080661203,0,45.0996
573,2,1,41,5,0.0,2,0,1,0.07234545899133367,0,1.4135267
577,2,1,31,6,0.0,1,1,1,0.982012132158621,0,7.1704917
830,0,0,40,8,0.3096940275631433,1,0,1,0.09751331252134578,0,15.809398
663,1,1,67,9,0.0,3,1,1,0.3615704799808382,0,30.929909
421,1,1,34,2,0.0,2,1,1,0.4830643826485429,0,0.34889022
718,2,1,34,5,0.45405861798310226,2,1,0,0.1538178896084576,0,3.3039002
655,0,0,61,2,0.7333563200899618,2,1,1,0.8061049830258789,0,13.937805
712,1,1,23,2,0.0,2,0,1,0.33395289250123383,0,0.52069175
663,1,1,28,4,0.0,2,1,1,0.6198494956268323,0,0.3836536
640,1,0,47,6,0.3579120909210589,2,0,1,0.06886752684881406,1,19.366383
577,2,1,29,2,0.0,1,1,1,0.8446448135796968,0,4.639309
546,2,0,36,7,0.3414173459829846,1,0,0,0.6738965071164297,0,57.97631
802,0,1,37,9,0.4606221195227115,1,0,1,0.598913746262768,0,23.657171
590,1,0,45,2,0.32614126317183206,1,1,0,0.26080685705484874,0,59.562935
594,0,1,18,1,0.5288789962490349,1,1,0,0.8384699738825057,0,3.6233208
577,2,1,51,2,0.43390924179614127,1,0,0,0.7040126332064712,1,93.062035
541,1,1,39,7,0.0,2,1,0,0.09906666086611271,0,1.8341105
781,1,0,27,5,0.0,2,0,0,0.3648264409251083,0,1.0857449
806,0,1,34,2,0.383234005488045,2,1,0,0.7185658230360998,0,1.9040797
723,0,0,49,0,0.6132191759610446,1,1,1,0.9043397644475047,1,88.43137
535,1,1,45,2,0.0,2,1,0,0.6282935020294438,0,4.023214
768,1,0,36,3,0.5633161655395624,1,0,1,0.6293547033741722,0,10.18194
653,0,1,41,1,0.4168390042347473,1,1,0,0.07558091797766686,1,40.76795
803,0,0,50,8,0.3912864382506858,1,0,0,0.11223906883107336,1,93.42828
545,2,0,44,1,0.0,2,1,1,0.41305599684769895,0,30.624277
581,0,0,38,3,0.5386930207400145,1,1,1,0.16455491499438193,0,38.50632
513,0,0,49,5,0.6839480922313916,1,1,0,0.6311215721101364,0,94.87979
731,1,1,29,5,0.7155861569133509,1,0,0,0.5600456843628566,0,4.974142
727,0,1,39,5,0.32130758747505817,2,0,0,0.904840112230718,0,1.4142245
560,2,1,47,1,0.0,1,0,0,0.6444169418179436,1,87.80271
766,0,1,27,5,0.5033347603403439,1,1,0,0.8880977633363987,1,20.032042
630,0,0,23,4,0.5498826635148958,1,0,1,0.8728782098690424,0,15.4263735
652,0,1,41,9,0.6354533428293536,1,1,0,0.8918969261564479,0,51.97888
729,0,1,40,5,0.45267227821463296,2,1,0,0.5169718708136627,0,2.4993382
629,1,0,33,6,0.0,2,1,1,0.29561893160796854,0,1.6431615
667,0,1,33,9,0.4965096784913748,2,0,0,0.0033592708103623893,0,1.6611668
671,0,0,31,6,0.42194263017307154,2,1,0,0.7278483095135585,0,2.2032862
768,0,0,47,5,0.41671345525189135,1,1,0,0.24065048212104254,1,87.9808
732,1,0,35,3,0.0,2,1,0,0.45437024235814516,0,1.4496418
546,1,0,30,5,0.0,2,0,1,0.9927523578501746,0,0.88218975
630,1,1,55,2,0.0,1,1,1,0.5310031608018566,1,50.703495
765,0,0,46,8,0.47626062039770817,2,0,1,0.8345018449261904,1,26.221243
704,1,0,33,0,0.5201278734325957,2,1,1,0.37399961696342,0,29.026386
470,2,0,48,6,0.5602916706141525,1,1,1,0.5848532034809324,0,54.95105
688,0,0,34,9,0.3627990153292917,2,0,1,0.8189353083219447,0,5.757641
685,1,0,33,1,0.0,3,0,1,0.351081278262074,1,51.668453
567,1,0,38,1,0.50170828323165,2,1,1,0.5392024438333861,0,2.6866527
720,2,1,64,3,0.18235603148672835,2,1,0,0.39809651821748976,1,85.87025
609,1,1,39,3,0.48537121187331483,1,1,1,0.6920065366242476,0,18.832771
521,0,0,49,2,0.5099623117896195,1,1,1,0.9138550731594868,0,93.13476
556,1,0,30,7,0.0,2,1,1,0.9332721774929505,0,0.6455359
662,0,1,30,5,0.45949604478854345,2,1,1,0.7479531295238695,0,1.1251242
704,0,1,41,9,0.24742400390533068,2,1,0,0.6452570720503807,0,3.8765166
750,1,0,38,1,0.0,2,1,0,0.23878985443109813,0,1.0233996
619,2,0,32,4,0.6991130542285118,2,1,1,0.8639867607356502,1,5.1272197
468,2,1,26,1,0.5246881313444834,1,1,0,0.322153665675072,0,11.342588
435,0,1,44,3,0.6047859909973807,1,1,0,0.8373295649734549,0,91.54332
529,1,1,43,6,0.3731250006725839,2,0,0,0.49173236044042207,0,2.6803284
702,0,0,60,5,0.5524057197884609,2,1,1,0.20764488008604817,1,9.503472
608,1,0,41,5,0.0,2,1,1,0.36228794849908164,0,3.6810555
576,1,1,40,9,0.0,2,1,0,0.5623217517272899,1,2.6624744
666,1,0,27,1,0.33968058505347737,1,0,1,0.3225301016247052,0,2.262052
730,1,0,36,8,0.592867366985536,2,1,0,0.45913969784114383,0,1.5204813
647,0,1,52,7,0.5181909515532781,1,1,1,0.9540650132087612,1,78.5591
516,2,0,27,1,0.0,1,0,1,0.5615514781661648,0,9.246472
711,1,0,81,6,0.0,2,1,1,0.3613578096708236,0,0.32317457
736,1,1,54,7,0.4453181369375909,2,0,1,0.42458509787684723,0,7.390462
768,1,0,36,5,0.7180980931341487,2,1,0,0.08669317919861347,0,0.7372809
427,2,1,40,8,0.0,2,1,1,0.4143354190325176,0,1.4036143
686,2,0,47,6,0.0,1,1,0,0.16036086446255615,1,87.85011
690,1,0,42,5,0.0,2,0,1,0.6025600444842483,0,11.772051
647,2,0,29,2,0.0,2,1,0,0.8951909907396155,0,7.8290844
714,1,1,35,3,0.0,2,1,1,0.47810415894717945,0,0.88478655
736,0,0,36,8,0.414168836438731,1,1,1,0.5501740416209748,1,24.588772
608,1,0,34,4,0.35382042964137356,1,1,1,0.8441327646790269,0,12.649846
809,1,0,39,5,0.0,1,1,0,0.3885079525094646,0,32.52044
745,1,0,40,6,0.5228603772950206,1,1,1,0.24904398370044337,0,13.123817
781,1,1,38,2,0.4695563445700205,1,0,1,0.328135086900799,1,13.799106
527,1,1,31,4,0.0,1,1,0,0.8468324224963484,0,5.2218595
595,0,0,32,0,0.3685409083823636,1,1,0,0.02355084910608963,0,63.87323
850,0,0,38,2,0.4094935517444553,2,0,1,0.11982779355428441,0,3.6649432
569,1,1,37,9,0.7124639330654132,1,1,0,0.9996834197665877,0,12.967944
728,1,1,43,7,0.0,2,1,0,0.2000797076120769,0,2.930074
473,0,0,32,5,0.5843099483140746,2,1,1,0.3647116799654367,0,6.6011763
738,1,1,29,2,0.0,2,1,1,0.8521291283317557,0,1.1818026
659,1,1,35,6,0.0,2,1,1,0.2943657619302643,0,0.74525267
597,2,1,38,6,0.46115404864182113,2,1,1,0.12524931130923,0,4.1664524
445,0,0,61,2,0.5486502906419097,1,0,1,0.14950557778267823,0,67.58119
671,1,0,29,3,0.0,2,1,0,0.7902331172626985,0,0.36888203
656,2,0,34,6,0.23865199611523552,1,1,0,0.07011189568603801,1,48.629658
658,1,1,31,5,0.3988955834617952,1,0,1,0.24901528095933156,0,3.3268082
698,0,1,52,10,0.4276811752532672,3,1,0,0.14398745080155154,1,92.596
655,2,1,38,9,0.0,1,0,1,0.45243695772946313,0,8.331661
772,2,1,41,10,0.3827538902348759,1,1,1,0.3791061546377679,0,15.440684
681,2,1,33,10,0.0,1,0,0,0.7916995073029474,0,29.856829
688,0,1,29,9,0.5761442823259436,2,1,0,0.7172853507509968,0,3.4891176
633,0,1,40,5,0.34345741731234386,2,1,1,0.586395550775099,0,3.9459803
735,1,1,73,9,0.0,1,1,1,0.5714133199720574,0,0.85390854
521,0,0,29,2,0.34760248673076793,1,1,1,0.004916869561043079,0,26.986599
541,1,1,36,5,0.0,2,1,0,0.6239808901750117,0,1.1174885
612,0,0,36,2,0.5209323036297328,2,0,0,0.3879431485706885,0,10.689365
562,1,1,62,3,0.0,2,1,0,0.529922757623353,0,82.30737
703,1,0,32,6,0.0,2,0,0,0.16799074311596754,0,1.5133046
710,2,1,23,6,0.0,2,1,1,0.6709467254122767,0,1.0642259
731,2,0,40,5,0.6828508738348706,1,1,1,0.7986097172279951,1,23.900167
703,2,1,58,4,0.3703930946624584,1,0,1,0.4257266568957335,0,32.95641
618,1,0,40,0,0.0,1,1,0,0.5952946006343606,0,32.064358
689,1,0,29,1,0.3091167015261057,2,1,1,0.6149921317485819,0,6.302415
718,1,1,33,7,0.4100241655885065,1,0,0,0.5892036689503847,0,6.3531704
608,1,1,37,5,0.5822817941738816,2,0,0,0.8029858351472565,0,0.77175146
749,2,1,34,2,0.0,1,0,0,0.8709704776806185,1,32.183655
753,2,1,51,4,0.3181041354280537,2,0,1,0.34127604186199784,1,31.751942
630,2,1,39,10,0.420384786508339,1,0,0,0.2942446003593343,1,56.860786
693,0,0,43,1,0.4859659154838525,1,1,0,0.4399588660717098,1,79.51182
838,2,0,40,6,0.24580175161955203,1,0,1,0.7533107911805578,1,22.812687
756,0,0,39,5,0.5953138981647887,2,1,1,0.545486143926745,0,9.141768
775,1,0,27,4,0.6070567137438153,1,1,0,0.5205518126981127,0,11.66772
635,1,0,33,5,0.0,2,1,0,0.6147493585637428,0,0.97491646
705,2,1,36,1,0.444918851315289,1,1,1,0.10898830838345061,0,23.64577
481,1,1,40,3,0.0,1,1,1,0.16155717871056685,0,12.381525
727,2,0,49,7,0.383808342263586,1,1,0,0.9523223967888933,1,92.03877
595,1,1,20,4,0.38194961946501865,1,1,0,0.8887218729388656,0,0.9708169
535,1,0,38,0,0.5417312264114884,1,1,0,0.4021087513857573,0,36.74665
578,1,1,59,10,0.7412038887980377,1,0,0,0.04717370508883598,1,96.585686
597,1,0,29,5,0.0,2,1,1,0.8741534316527229,0,1.8188752
449,1,0,21,7,0.0,2,0,0,0.8787456202067297,0,0.52567965
850,0,0,43,8,0.367658558102216,2,1,0,0.2747169854721126,0,4.748253
494,1,0,35,9,0.44929421343940884,2,1,0,0.9187943948647095,0,1.7827142
676,1,0,34,8,0.4000012116473266,1,0,0,0.2301554798483255,0,11.807947
818,0,1,43,10,0.41969829264144665,1,1,1,0.39468774267942586,0,69.70665
712,2,1,45,6,0.4503607420845651,1,0,0,0.9920302388878137,0,73.39117
672,0,1,40,4,0.3548288470430365,2,1,0,0.9444932491052895,0,1.6471496
636,1,1,35,9,0.3805456231253096,1,0,0,0.846456636608796,0,7.851382
698,1,1,37,8,0.0,2,0,0,0.7250332906792599,0,1.0557555
597,0,0,43,7,0.47480417248293927,2,1,0,0.27901834625206706,0,10.020928
717,1,1,28,4,0.5109914945944786,1,1,1,0.2713286118824348,0,3.4043014
614,1,1,49,1,0.0,2,1,0,0.9622366936042391,0,2.921287
708,0,0,23,4,0.28470954083389,1,1,0,0.5184794647888874,0,39.182426
507,0,1,36,9,0.47116468682563517,3,1,0,0.5955491249414319,1,69.53924
581,1,0,27,5,0.40756830791338433,2,1,0,0.973443063812594,0,1.319453
579,2,0,39,2,0.6056772293483782,2,1,0,0.7947611496897954,0,7.813835
504,2,0,46,2,0.6527145742719684,1,1,1,0.8256336980181607,1,57.507927
737,1,0,32,7,0.5123648410396429,2,0,1,0.947046092901872,0,0.70364493
540,2,0,31,10,0.4709431626203293,1,1,1,0.7901554098416399,0,15.199073
609,1,1,32,7,0.4723846642276154,1,0,0,0.01902131653572916,0,8.07411
778,1,1,24,4,0.0,2,1,1,0.814065843288034,0,0.99690974
621,1,1,40,10,0.6529478562391607,1,0,0,0.4475821940995365,0,30.417421
665,0,1,63,7,0.41638252407581106,1,1,1,0.12578091207710335,1,60.33718
608,1,0,47,6,0.0,1,1,1,0.6300651212190764,0,59.328907
680,2,1,36,7,0.0,2,1,0,0.10049774753488956,0,4.875579
663,0,0,46,2,0.56487827388403,1,1,1,0.29125606495420314,0,61.927265
627,0,0,35,2,0.5494380606883058,1,1,1,0.8613704108742384,1,30.89497
607,1,1,26,1,0.0,1,1,0,0.14904733402039894,0,2.9455469
681,1,0,43,8,0.6141947911998852,1,0,0,0.5732958997584269,0,41.638954
766,1,0,45,6,0.0,2,0,0,0.7359360818958209,0,1.803021
694,1,1,30,2,0.0,3,0,1,0.07514632647417828,0,13.831586
411,1,0,54,9,0.0,1,0,1,0.38308613472586633,0,33.320244
742,1,1,39,8,0.5580152483424645,1,1,1,0.46491539942064464,0,7.5046153
673,2,1,43,8,0.5067115496973293,1,0,1,0.02999131417050328,1,10.468638
529,1,1,61,1,0.0,2,1,1,0.9568883328357858,0,10.653698
519,1,0,38,7,0.499519785104781,1,1,0,0.9411603308115924,0,22.895882
573,1,1,35,9,0.0,2,1,0,0.05866715271308409,0,1.2716744
453,0,0,28,3,0.5579422705051282,1,1,0,0.6842411950341257,0,65.78962
798,0,0,39,6,0.4774359183045196,1,1,1,0.8212621805382413,0,29.258934
693,2,0,34,10,0.4286842518410563,2,0,0,0.7731726879917031,0,17.190203
637,1,0,44,2,0.0,2,1,0,0.7483418166434894,0,3.3113587
672,1,1,47,1,0.0,1,0,0,0.4578604256706515,0,38.66068
597,1,0,28,0,0.5687805355552927,1,1,0,0.6361698042163026,0,25.289637
543,1,1,42,7,0.0,1,1,1,0.28322149765302584,0,19.557766
695,2,0,56,4,0.0,2,1,0,0.4232063162031974,0,77.67146
584,1,1,35,6,0.6441417708680047,2,1,1,0.7412036849519129,0,1.1607395
652,0,0,58,3,0.46374685435030616,2,0,1,0.9675490009295886,0,36.11429
601,1,1,38,4,0.23919596199397136,1,1,1,0.19006050077782427,0,18.581148
628,2,1,28,4,0.0,2,1,1,0.8837805510426245,0,1.8706981
607,0,1,32,9,0.5750225918419707,2,1,0,0.8829295697739133,0,2.5381148
646,1,0,46,8,0.0,2,1,0,0.6653013862823899,0,8.587263
572,1,1,30,6,0.4691014985407024,1,1,0,0.5042093519931153,0,7.875772
801,2,1,58,1,0.3186736495283803,2,1,1,0.1523776020609968,0,14.542614
597,1,0,26,8,0.5978100112280649,1,1,0,0.2116152092524836,0,10.810615
613,1,1,40,7,0.49557930074318224,1,0,0,0.9665823086104721,0,17.053265
529,0,1,29,4,0.5410937962899598,1,0,0,0.564064918199688,1,15.676172
794,2,0,37,9,0.0,2,1,0,0.34001882179748166,0,1.9805223
557,1,1,34,3,0.33110654608809503,1,1,0,0.6633715519832144,0,10.010115
499,1,0,28,4,0.5651402527615894,1,1,1,0.1099621513854573,0,4.97205
544,1,0,26,6,0.0,1,1,0,0.5009919447307217,1,6.4887247
739,1,0,30,6,0.0,1,0,0,0.6130228436815716,0,4.1660557
458,0,0,43,1,0.42595031313311316,2,1,0,0.5028119685429958,0,27.458754
528,1,1,31,9,0.482118417083207,1,1,0,0.0270412324376978,0,5.688223
773,2,1,51,4,0.0,2,0,0,0.6179402632951446,1,57.33984
646,1,0,30,5,0.0,2,1,0,0.06962534922085058,0,1.568224
564,1,1,31,0,0.44052615147448915,1,1,1,0.435287519958156,0,23.324821
624,0,0,52,0,0.5329790673177305,1,0,0,0.024242365145871428,1,94.50033
682,1,0,52,5,0.4490687035521076,1,1,0,0.1053780136002988,1,79.515594
726,1,0,44,2,0.0,2,1,1,0.13362416110738573,0,8.963942
560,1,1,24,1,0.46267518417537584,1,1,0,0.44865844688167716,0,8.601819
382,2,1,36,0,0.0,1,1,1,0.8977314833566605,1,75.904915
457,2,0,38,6,0.0,2,1,0,0.8661202644852583,0,14.418509
673,1,0,37,10,0.0,2,1,1,0.1870167100958141,0,9.43507
584,1,0,40,4,0.32858659864648637,1,0,0,0.4042412550398563,0,21.878973
629,1,0,39,10,0.0,2,1,1,0.2158351622579956,1,16.05854
584,0,0,37,10,0.5347661275540201,4,1,1,0.3546115153997207,1,85.815636
724,1,1,30,10,0.0,2,1,1,0.27129575874496015,0,1.2980748
644,1,1,31,5,0.0,2,1,1,0.2093229403408025,0,2.4777462
676,0,0,48,2,0.49598775343407364,1,1,0,0.07529194038030632,1,87.58245
499,1,1,31,4,0.0,1,1,0,0.12970693701248467,0,3.9318812
598,1,1,60,4,0.0,1,1,0,0.9886722181968378,1,97.856926
655,0,0,37,4,0.4338923425044806,1,1,0,0.39775548564887947,1,41.78853
559,1,1,28,3,0.5623774577159993,1,1,1,0.07798589765322587,0,3.3292673
543,1,0,67,0,0.5135298957437261,1,1,1,0.6730687780683056,0,14.314762
679,1,1,39,0,0.34613101279487624,1,0,1,0.7991713208611422,0,26.60574
594,0,0,32,4,0.4785806460304262,2,1,1,0.8148288661567179,0,4.332876
586,1,1,27,5,0.5190625404920381,2,1,1,0.9621697872146789,0,0.4183241
776,1,0,31,5,0.0,2,1,0,0.46322603808663726,0,1.2198964
699,1,1,39,2,0.4373264858253804,1,1,1,0.9001400133712769,0,11.459048
847,0,0,35,5,0.44537377705824704,1,1,1,0.9179504642693377,0,28.249529
582,0,1,35,8,0.4834997747491821,2,1,1,0.14370917422613858,0,1.4536481
648,1,1,38,10,0.3296050599667778,1,1,0,0.37421118716837454,0,24.891382
618,1,0,49,9,0.1765714119226655,3,1,1,0.44863144430293095,1,95.00166
543,1,0,31,4,0.5512913231025395,1,0,0,0.30919027767151763,0,8.045872
642,0,1,49,4,0.4810264199301,1,1,0,0.12380502337973276,1,85.400826
462,1,1,27,4,0.7051210314115983,1,1,0,0.4029169285666781,0,8.622206
640,2,1,47,6,0.3549135826422593,1,1,0,0.5814288764577017,0,75.014275
740,0,1,40,4,0.4556383031851698,2,1,0,0.6466723072053381,1,2.513054
773,1,0,50,4,0.0,2,1,0,0.6468685759490032,0,13.382933
583,0,0,32,7,0.3776575182377834,2,1,1,0.09069591145954436,0,2.0507736
589,2,0,46,10,0.0,2,0,1,0.8418693485227838,0,19.849092
509,1,1,35,8,0.0,2,0,1,0.3371306959814662,0,0.64104784
612,0,1,32,9,0.42455775570073095,2,1,0,0.885487464052817,0,3.7150342
505,2,1,37,0,0.5341068558951566,1,1,1,0.4686703080144154,0,27.587381
546,0,0,25,3,0.5294488292039211,1,1,0,0.6582415120644021,0,23.0427
681,1,0,41,0,0.48047113471449704,2,1,0,0.8786375598869691,0,12.595076
762,1,1,20,1,0.5557338041114621,1,1,1,0.4280171256354982,0,0.3502395
786,2,1,29,7,0.32242349872013776,2,1,0,0.3247009589415789,0,1.4550279
629,2,1,34,6,0.0,2,1,0,0.9517715941872448,0,3.6721497
787,2,0,39,7,0.6841294009053637,1,0,1,0.5039470269410729,0,16.104443
713,2,1,42,0,0.43492443485719645,1,0,1,0.8393897117174689,0,20.441675
541,1,0,39,6,0.43780648150808965,1,1,0,0.12640032123067751,0,39.304783
451,1,0,31,7,0.561709417556746,1,0,1,0.10189568103753907,0,5.2445354
644,2,1,49,10,0.0,2,1,1,0.7254595813900228,0,28.83403
686,1,1,32,6,0.0,2,1,1,0.8954939196693285,0,2.167584
847,0,0,41,3,0.40472013955945224,4,1,0,0.08007559721953446,1,71.26899
765,0,1,37,7,0.4093644953614434,1,1,0,0.04538548431375195,0,27.994358
678,0,0,37,8,0.5938702442892252,2,1,1,0.10731444852983457,0,15.035303
539,1,1,20,0,0.3326444613428504,1,1,1,0.7337755255626912,0,1.0346735
800,1,0,40,3,0.30248580210395387,2,1,0,0.6628165489804276,0,1.2976577
799,0,0,39,7,0.6671856290336846,2,0,1,0.6976958799565358,0,4.999435
629,1,0,61,6,0.0,2,1,1,0.668368979237517,0,6.001506
734,0,0,52,6,0.2841117283913959,2,0,1,0.19488256128460268,0,45.358562
542,1,0,31,3,0.0,2,1,1,0.5760850661238148,0,0.91386205
414,2,1,60,3,0.0,2,1,1,0.4692110096514217,0,7.241869
675,1,0,38,1,0.4145782058364813,1,0,0,0.11029678334280923,1,19.622093
683,1,0,38,5,0.5086390255103178,1,1,0,0.6192315866165219,0,35.79418
748,1,1,32,5,0.6167359823265296,2,1,1,0.8632151870503633,0,1.0749751
596,2,1,29,2,0.0,2,1,1,0.00789880433581407,0,3.6655471
642,1,1,35,4,0.5001086696196053,1,1,1,0.4588634714615245,0,5.876121
499,1,0,21,3,0.7035170335493587,1,1,1,0.7696166983946966,0,1.133411
649,2,0,47,8,0.44154692449033794,1,1,1,0.3570770008535815,0,34.62222
739,1,1,42,2,0.5645436360236941,2,1,0,0.8607731038314159,0,1.1710082
616,1,1,31,1,0.0,2,1,1,0.27350196943808136,0,4.774939
560,2,0,33,9,0.0,1,0,1,0.9168207063774589,0,10.928323
427,0,1,42,1,0.30164247165054153,1,1,1,0.28545936136901073,0,48.63372
435,1,1,54,3,0.0,1,1,0,0.7845693263706683,1,91.85725
633,1,1,29,7,0.0,1,1,1,0.6511279327175745,0,6.1445236
443,1,1,35,6,0.6421390055221227,1,0,0,0.06968205463621775,0,11.577819
727,1,1,62,5,0.0,2,0,1,0.1932253530212135,0,6.0823884
674,1,0,45,6,0.28894078069705514,1,0,1,0.700217870806662,0,19.76979
661,1,0,31,3,0.533939098539969,1,1,1,0.8309569563893352,0,5.3033957
619,2,1,34,1,0.0,1,1,0,0.6996058123550799,0,37.889324
562,1,0,27,3,0.0,2,1,0,0.14064068118505316,0,0.96780145
633,1,1,61,3,0.6265551084904634,1,0,1,0.25180929778793876,0,25.89426
551,2,0,48,5,0.38134722348822986,1,0,0,0.4748779508443056,0,88.267
720,0,0,29,7,0.4234026652016363,1,1,1,0.34949512678460787,1,13.17153
688,1,0,32,5,0.0,2,0,1,0.8880657602801066,0,4.8618045
635,0,0,36,9,0.3237643220002194,2,1,0,0.9836914425327618,0,4.532375
561,1,0,31,1,0.3247544451215233,2,1,1,0.3261462469665853,0,1.6554745
850,1,1,33,8,0.2911914554630528,1,1,1,0.9314360521429796,0,2.7809436
636,1,1,36,5,0.4685529889844917,2,1,1,0.5578618758091397,0,1.6291187
461,0,0,74,1,0.7431117151987886,2,1,1,0.9838752100825627,0,14.467345
771,0,0,38,5,0.5486598562786987,2,1,0,0.3649049984273498,0,3.174503
713,1,1,36,8,0.5336403716744118,1,1,1,0.7163387603516135,0,5.800075
658,0,0,45,9,0.536324529214232,1,1,1,0.796361502523491,0,63.919037
586,0,0,56,9,0.40168400644261587,2,1,1,0.2722101460689496,0,31.4275
737,1,1,30,8,0.6949280881333135,1,0,0,0.15959984178489045,0,1.9167562
742,0,1,27,5,0.7577795032237991,2,0,0,0.10892045190315675,0,1.3629
824,1,1,26,7,0.5829697627431122,1,1,0,0.10947065444749972,1,15.554931
701,0,1,41,9,0.6538355871900022,1,1,0,0.2469953380547842,0,50.945843
623,2,0,43,4,0.49237728354169624,2,0,0,0.7745586703530186,0,13.887996
744,1,1,36,10,0.0,2,1,1,0.9143686222034203,0,3.4091916
698,2,0,38,1,0.6849329941092817,1,0,0,0.08473744242575165,0,50.601208
616,1,1,40,9,0.0,2,0,0,0.4685745988741925,0,4.183276
662,1,0,39,5,0.55624994992987,2,1,0,0.308152628576029,0,1.500676
594,1,1,37,2,0.0,2,0,1,0.4793103741407304,0,2.585535
685,1,1,40,2,0.6695999160455945,2,1,1,0.8370234857428884,0,4.655664
742,1,1,27,0,0.0,2,0,1,0.6576797084121533,0,4.7467628
678,0,1,83,6,0.4916602992075389,1,0,1,0.4646585248891269,0,0.52907515
651,2,1,47,2,0.0,2,1,1,0.5990425085595674,0,8.954837
585,0,1,50,2,0.5015807812646164,1,1,0,0.04714315217103233,1,93.84047
579,0,1,40,10,0.18098523587804116,2,1,0,0.09361559028887258,0,9.43868
722,0,0,37,0,0.502107489140312,1,0,0,0.8008306793298761,0,40.570824
613,0,0,51,7,0.5869399404355768,1,1,1,0.26812220567064154,1,89.847305
694,1,1,42,8,0.5331534807618504,1,1,0,0.1819855296180785,0,12.457202
550,0,1,49,0,0.43366994144913584,3,1,0,0.3072060381766459,1,96.04828
741,1,1,42,6,0.4226278486217253,1,1,0,0.9734689662862802,1,11.104665
668,2,0,69,9,0.0,1,0,1,0.6724216662691287,0,6.2363706
529,1,0,27,1,0.0,2,1,1,0.18881003135799468,0,0.95288384
636,1,1,31,6,0.0,2,1,1,0.01185628227495726,0,1.442038
563,2,1,61,1,0.32755171631637375,1,1,0,0.5341277091962282,1,99.2501
767,1,0,35,9,0.0,2,1,0,0.19751901306574776,0,0.5428473
644,1,1,50,9,0.30616813384270886,4,1,0,0.9818915206402211,1,96.44954
780,0,1,71,9,0.5681599648686046,2,1,1,0.6125344970444677,0,7.1466527
635,2,0,41,10,0.0,2,1,1,0.3099426995278049,0,10.2143
641,0,1,35,2,0.41336129740963756,1,0,1,0.9623550549077435,1,34.34013
593,2,0,40,2,0.0,1,1,1,0.02591932529556572,0,26.958084
540,0,0,35,7,0.5116410013324534,2,1,0,0.9913175208232385,0,5.9770384
663,2,1,35,5,0.0,2,1,1,0.31314670551037627,0,1.1318774
630,1,1,34,9,0.0,2,1,1,0.5700282877014755,0,1.3770643
605,0,1,19,8,0.6621544229372174,1,1,1,0.5399686170029238,0,5.6470494
710,0,0,62,9,0.5907353061157221,1,1,0,0.2428209894044881,1,97.918106
755,1,0,78,5,0.48309239819242955,1,1,1,0.3800608458107749,0,0.97207564
641,2,1,25,10,0.0,2,1,1,0.904070388722123,0,3.8325348
737,0,1,50,4,0.5083850977103892,2,1,0,0.02106966215273558,0,10.745419
695,1,1,49,9,0.6355509920382416,1,1,0,0.6792137149097739,0,48.701977
466,0,0,47,5,0.4068812161941927,1,1,1,0.9177109413949031,1,86.14533
558,0,1,58,2,0.5681078720049244,1,1,1,0.44394364661825203,0,78.14667
665,2,1,29,1,0.7285098902108024,2,1,1,0.3186370298363494,0,1.3126094
737,1,1,45,10,0.0,2,1,0,0.006765446100102559,0,2.264655
654,1,1,29,7,0.0,2,1,1,0.7459340867052803,0,0.36029917
619,1,0,28,3,0.0,2,1,0,0.26693819259739304,0,2.092108
845,0,0,43,3,0.6060771128229793,2,1,0,0.4895391509889194,0,6.684514
727,1,0,28,2,0.4424017735647171,1,1,0,0.5071593337163699,0,13.314518
582,1,1,50,2,0.5936354477628746,1,1,1,0.5847194407065874,0,35.78299
716,1,1,41,9,0.0,1,1,1,0.5663335848573539,0,8.403551
660,2,0,36,0,0.33654528816859475,1,1,1,0.9072762948861616,0,33.94913
664,1,0,34,7,0.3743371262810331,1,0,0,0.8995979116005578,0,10.026686
801,1,1,43,4,0.6325798653947505,2,0,0,0.49291987384795244,0,0.6752105
615,2,1,42,4,0.0,3,0,1,0.601605003277813,0,37.557716
718,0,1,63,7,0.49105547196473287,1,1,1,0.5026841063321547,0,51.726597
667,1,1,40,8,0.2907367290041945,2,1,0,0.4946468387731028,0,0.8947679
670,2,1,37,0,0.7124116010608132,1,1,1,0.9725028240196938,0,23.050085
590,1,1,43,8,0.0,2,1,1,0.7181522335383028,0,7.299884
739,2,0,40,8,0.0,1,1,0,0.8351744091560744,0,33.891277
373,1,1,42,7,0.0,1,1,0,0.38891109100919136,1,77.21285
418,1,0,46,9,0.0,1,1,1,0.40505328258848716,1,23.563251
837,1,0,29,9,0.0,2,1,1,0.209293387518508,0,0.9229825
645,0,1,43,9,0.5584784244471531,1,1,0,0.05646099202473836,1,68.11213
552,0,1,39,2,0.5297245586843647,1,0,1,0.7469355823481142,0,46.09767
580,0,1,45,2,0.7147716030839454,2,1,1,0.8465411946840923,0,9.279604
684,1,1,35,3,0.5467534248666461,1,1,1,0.18628043978199915,0,14.7326145
634,2,1,35,3,0.0,2,1,1,0.09752881400173716,0,2.3828654
607,1,0,49,9,0.4781235680191906,2,1,0,0.5153324142455604,0,13.246885
802,1,1,29,9,0.5078338778904217,1,1,1,0.6723019048319114,0,3.572432
736,1,0,36,6,0.0,1,1,0,0.35245905984021475,0,7.514699
629,1,0,40,9,0.5476693345891952,1,1,0,0.8794145840927808,1,15.552753
737,1,1,28,8,0.0,2,1,0,0.5319429505517776,0,0.7025307
718,2,0,39,2,0.0,1,1,1,0.26065944297680427,0,22.163109
561,1,1,43,4,0.0,4,0,0,0.0925654900042954,1,88.44595
641,1,1,31,9,0.44836925621873014,1,1,1,0.1611154865289635,0,7.350899
677,1,1,30,1,0.31141388920098995,1,0,1,0.8711546952733986,0,6.938174
641,2,0,36,1,0.0,2,1,0,0.5100977643364941,0,4.08196
658,2,0,32,5,0.5801282504781126,1,1,1,0.1573809298788034,0,10.798191
659,0,1,48,4,0.4926032717108369,2,1,0,0.41232677720722327,1,7.7237477
567,1,0,47,2,0.0,1,0,0,0.5544972044830281,1,77.44019
584,1,0,26,0,0.5830503532330598,1,1,0,0.52551903706804,0,14.576094
709,2,0,35,1,0.4457079366367437,2,1,0,0.06332154720775833,0,9.442786
690,2,0,26,2,0.0,2,1,1,0.4662658783913864,0,6.484177
627,1,1,70,1,0.3763152601121834,1,0,1,0.7265089816077435,0,5.1714325
765,2,1,45,2,0.3648883098312945,1,1,1,0.23566180570244458,0,43.75976
645,1,0,38,7,0.23742137694232748,1,1,1,0.8386384399710172,0,14.004576
716,1,0,23,2,0.37650669241842377,2,0,1,0.929535270618344,0,0.7796695
771,1,0,57,4,0.0,1,0,0,0.42936645449640437,1,98.88836
687,0,1,44,8,0.3801070785353528,2,1,1,0.008882198249932869,0,6.682954
717,0,0,33,10,0.40727858868913674,2,1,0,0.11611283877610311,0,5.4508696
524,1,1,32,1,0.5774285089216901,1,0,0,0.93873194890112,0,8.023663
679,2,1,39,5,0.0,2,1,1,0.5002925779411933,0,2.774457
538,1,0,32,2,0.0,1,1,1,0.40063306045727365,0,3.9661787
752,0,0,37,5,0.45154209822800967,2,1,1,0.6623430537616343,0,9.557768
846,2,1,61,0,0.0,2,1,1,0.4810002355224924,0,41.163097
532,2,0,39,0,0.0,2,1,0,0.47487395046226916,0,25.579565
670,0,1,43,9,0.4451125156034469,1,1,0,0.894163992661299,1,69.8209
597,0,0,35,8,0.522527054709743,1,1,1,0.9642975404151096,0,45.979656
627,0,1,52,1,0.30331761393639944,2,0,1,0.8862184838652091,0,35.48993
700,2,0,40,2,0.0,2,1,0,0.9988073361005976,0,6.284163
766,1,0,52,7,0.3687190285107392,2,0,1,0.33094175493759653,0,22.067564
488,1,0,34,2,0.0,2,1,1,0.9063828595630882,0,1.1640145
694,1,1,39,5,0.3094977725816885,1,1,1,0.1269921777529754,0,9.479041
639,1,0,31,3,0.3920318006406506,1,0,0,0.10482111041604472,0,6.5494843
705,0,0,46,4,0.46041829174546534,1,0,0,0.3827031481506483,1,89.42551
810,0,1,69,3,0.10876300413446752,1,1,1,0.5525443679871427,0,6.7026997
638,1,0,36,6,0.0,1,1,0,0.821258080146654,0,12.906565
595,2,0,43,5,0.0,2,0,0,0.5257413082949421,0,18.429756
575,1,1,36,7,0.0,1,1,1,0.2793136244511351,1,7.615581
850,1,1,31,6,0.5260967112184872,2,1,1,0.8937646045197315,0,0.830353
419,2,0,27,2,0.4845808909904416,1,0,1,0.6736089796575573,0,2.0753431
640,1,1,55,10,0.5278491358782365,1,1,0,0.004835861824804268,0,80.93061
570,2,1,34,10,0.0,2,0,1,0.9169652701833024,0,1.5136571
640,0,0,46,5,0.4303675647750049,2,1,0,0.7793968323974939,0,7.209061
689,0,0,40,4,0.311359843353132,4,1,0,0.5962957462437662,1,84.98998
725,1,1,26,6,0.39332363988900837,1,0,0,0.6686088021406045,0,2.1574147
751,1,0,44,10,0.0,2,1,0,0.853196030220886,0,4.8100963
544,2,0,53,9,0.0,1,1,0,0.6284624681657098,1,96.28563
768,0,0,43,2,0.5152053967409637,2,0,0,0.0957019395352256,0,3.4422274
648,0,1,37,6,0.5251271940730996,1,1,0,0.4344569406378309,0,31.185276
577,2,0,33,6,0.0,2,1,0,0.28984878055854335,0,6.9805713
639,2,0,27,2,0.0,1,1,1,0.41467665162022976,0,12.465313
686,0,1,26,1,0.22886830266424113,1,1,1,0.3959269110200024,0,9.09313
657,1,0,28,7,0.0,2,0,1,0.025832667019700377,0,1.7340438
613,1,1,34,5,0.5743136585854441,1,1,0,0.22251465014908922,0,17.953985
701,1,1,33,9,0.5879293062773018,1,1,0,0.9530927203547939,0,9.095324
578,2,0,28,8,0.6440573541233415,1,1,0,0.8892009686925101,0,51.97242
689,1,0,40,1,0.0,2,1,1,0.5972323356880582,0,11.305139
687,2,0,72,4,0.0,2,1,1,0.25130454958448534,0,1.236732
499,2,0,53,1,0.2998250405174468,2,0,0,0.7242567665212027,1,80.783714
693,2,0,39,0,0.0,2,0,0,0.40948920621919394,0,32.975323
737,1,0,70,9,0.34891812050063836,2,1,1,0.21284672686241535,0,4.841902
651,1,0,32,8,0.5762577148355335,1,1,1,0.43803143200175615,0,4.1133924
753,1,1,33,5,0.4885172700995851,2,1,1,0.4140858952029919,0,0.8075055
523,2,0,24,5,0.6864617024386276,1,0,1,0.7757367828627633,0,18.268887
458,0,0,28,2,0.6852673131150581,2,1,1,0.04783786851644331,0,9.103446
643,1,1,39,7,0.0,2,1,1,0.8519864147026041,0,1.4707462
638,2,0,34,7,0.0,2,0,0,0.01967542900346983,0,4.7528715
685,0,1,38,4,0.44559151486565723,2,1,1,0.5109141923053652,0,7.47552
684,1,1,38,4,0.0,3,1,0,0.3780274016168544,0,24.026842
670,1,0,27,5,0.31621049805520646,1,1,1,0.13080499187672423,0,1.5281148
701,0,1,63,3,0.4819347967136777,3,0,0,0.7236484584277799,1,98.79051
705,1,0,31,3,0.5695759182543001,1,1,1,0.2906447065694774,0,8.504243
593,2,1,27,10,0.0,3,0,0,0.47308727983522425,1,81.98495
651,1,0,33,1,0.3859526391771257,1,1,0,0.5438174845697764,0,12.299153
741,1,1,37,9,0.41953990163894833,2,1,1,0.7475311892285713,0,1.7382406
596,0,1,54,1,0.492407096443022,1,1,1,0.6015733002501739,1,88.840065
581,0,1,41,2,0.509823370915259,2,1,1,0.22099295482718595,0,2.339207
689,2,0,28,5,0.3799494846692536,1,1,0,0.030593071638341456,1,76.52019
544,1,1,30,4,0.29182721159814334,1,0,1,0.6339860956721367,0,2.9302926
718,1,0,41,1,0.0,2,0,1,0.13750283152041018,1,6.552247
583,0,1,35,8,0.5978352405950959,2,1,0,0.21067996993712898,0,2.1059694
663,0,1,28,8,0.49292635109338623,2,1,1,0.4399101114156402,0,1.5067384
666,0,1,33,2,0.49472381395968384,1,1,0,0.40940519819642773,0,15.12509
524,2,1,29,3,0.6338647296996164,1,1,0,0.013469936378924185,1,39.981537
599,1,1,27,5,0.0,2,1,0,0.15268868176910894,0,0.93446046
667,1,1,27,7,0.6250017287895655,1,1,1,0.7470263910203424,0,1.5942415
727,1,1,52,4,0.0,2,1,1,0.592143749728099,0,6.6264167
689,2,0,55,4,0.0,2,1,1,0.2921812533096911,0,20.53794
639,1,1,39,6,0.6000676609375544,1,1,0,0.1520274686232535,0,8.109857
678,1,1,28,2,0.43498585421674596,1,1,1,0.29404223103306365,0,6.149928
523,1,1,36,8,0.6311368093714863,2,1,0,0.7765389094658539,0,0.96693945
650,1,0,47,9,0.0,1,1,0,0.9397498461103035,0,61.288635
744,2,1,35,7,0.0,2,1,1,0.21514564640923206,0,2.1480377
697,1,1,40,4,0.0,2,0,1,0.13267117009674423,0,1.7359455
800,2,0,46,6,0.0,2,1,0,0.8596643979500042,0,21.26264
664,1,1,24,7,0.0,1,0,1,0.17801585051372404,0,2.6528592
740,1,1,39,9,0.0,2,1,0,0.09518734039100733,0,0.7970896
835,1,0,56,2,0.0,2,1,1,0.199061760398118,0,24.349867
559,1,1,52,2,0.0,1,1,0,0.6450716543429897,1,79.17555
676,2,1,36,1,0.32973343878385053,1,1,0,0.5690470439927012,0,35.449512
613,0,0,45,9,0.5690168466408014,2,1,0,0.1737069390126757,0,26.01659
713,1,0,25,4,0.48295692486140496,1,1,1,0.28131386547415277,0,2.65978
751,0,0,28,10,0.5298252370115693,2,1,1,0.23311671264605768,0,5.3052936
523,1,1,22,8,0.4917313639175174,1,1,1,0.6245346930631874,0,2.5389504
775,0,0,74,0,0.6431754821250334,1,1,1,0.6743561510124216,0,3.6933289
608,2,1,45,4,0.0,2,0,0,0.18344701919033268,1,10.814013
673,1,1,51,8,0.31711425144766947,2,1,1,0.8610288782578736,0,3.3365648
616,1,1,46,2,0.0,2,1,0,0.685689883383863,0,3.7038114
650,0,0,48,7,0.5509497501555313,1,1,0,0.28794349860411667,0,86.11765
655,1,0,41,5,0.0,1,0,0,0.18269954780681552,1,11.7296
782,0,0,53,1,0.32511626533306814,1,1,0,0.9148317664336943,1,95.59442
781,2,1,35,1,0.0,2,0,0,0.2105517076880842,0,3.7536345
593,1,0,33,0,0.38233467620259687,1,1,0,0.997427604336214,0,27.239931
505,2,1,35,8,0.4660561186416366,1,1,0,0.45544979545546593,0,16.079899
707,1,1,40,1,0.0,2,1,0,0.0704008232786231,1,1.1353763
692,1,0,36,3,0.31706546670004543,1,0,1,0.8913625751259245,0,37.808193
813,0,1,30,1,0.4640009017206947,1,0,1,0.4290241718084077,0,4.0631423
850,2,1,37,4,0.3513023953271227,1,1,0,0.5482900617008923,0,34.89266
753,1,1,32,6,0.7083717935038885,1,1,1,0.8082296859350067,0,4.903113
850,2,0,32,5,0.0,1,1,1,0.019096873751443262,0,4.8801637
671,2,1,32,6,0.4938769362492955,2,1,1,0.7331943200575655,0,0.68168265
791,1,0,33,3,0.0,1,1,1,0.7220806587029062,1,16.072063
624,1,1,80,3,0.0,1,1,1,0.32898071765853637,0,0.48651242
649,1,0,35,4,0.43167502789678475,1,1,1,0.9624652154280733,0,3.2938282
732,0,0,48,4,0.4103762607359825,1,1,0,0.6042640572174642,1,90.7534
664,1,0,36,0,0.4125269347407149,1,1,1,0.7309710077312384,0,19.690504
789,0,1,43,8,0.4769045471808893,2,0,1,0.7420741680830518,1,9.293668
680,1,1,33,10,0.73244268220615,1,1,0,0.8206172189444092,0,21.377192
701,1,1,37,1,0.0,2,1,0,0.8173079029047273,0,1.8900884
684,1,0,25,1,0.0,2,0,1,0.7249036783012778,0,2.0469038
586,1,0,52,6,0.561586459267187,1,1,1,0.3364186779837474,0,48.07223
522,0,0,25,5,0.37485307281534114,2,1,0,0.5163364101271671,0,2.590493
739,2,0,27,8,0.3942891713524005,1,1,1,0.5348430775139025,0,5.355028
835,0,1,18,2,0.5694437928961515,1,1,1,0.5881614194155542,0,7.0983486
790,2,1,29,3,0.18357238191809275,2,1,1,0.9489210219575969,0,2.47568
671,1,0,48,6,0.47736421588542194,1,0,1,0.3301368780718558,0,33.97498
560,1,0,44,5,0.5709288978644677,1,1,0,0.49329555972595385,0,50.836975
651,1,1,28,10,0.3171127368885112,1,1,1,0.37341461109535956,0,8.774352
682,1,1,69,6,0.0,2,0,1,0.748034437288761,0,1.1316102
808,1,1,41,0,0.0,1,1,1,0.39942414500584805,0,12.299374
644,2,1,26,8,0.3852545868324466,2,1,1,0.6938868161909462,0,3.539129
688,1,1,29,1,0.0,2,1,0,0.773493818659682,0,3.3191864
617,1,0,26,2,0.6614159159202846,2,0,1,0.8441946205862659,0,1.3532377
738,1,1,33,4,0.3693782603127828,1,1,0,0.529080777214224,0,5.696584
663,1,1,45,5,0.3315892918913811,1,1,1,0.2433758423929485,0,11.5140295
515,1,1,48,5,0.5156991828833771,1,0,1,0.7397923001646657,1,69.10193
845,1,0,28,9,0.0,2,1,1,0.2808988258378675,0,1.761041
639,2,1,38,9,0.519067881305912,1,1,1,0.40928668687859693,0,21.136051
557,1,0,32,3,0.49224181021067165,1,1,1,0.3491094399515154,0,7.187849
543,0,1,37,8,0.5615589182045986,2,1,1,0.5902944231174077,0,4.4303155
585,0,1,44,7,0.6531251792311372,1,1,1,0.5616618387055964,0,55.956
610,1,0,27,2,0.0,2,1,0,0.07268284121133567,0,1.6338879
727,0,0,18,2,0.37392353206036766,2,1,0,0.6308628974067023,0,1.2636403
540,2,0,40,8,0.0,2,1,0,0.01774379453237784,0,10.30778
418,1,1,35,7,0.0,2,1,1,0.4443752878399887,0,0.50417554
660,1,0,32,0,0.4570337303085887,1,1,0,0.42300749721598413,0,16.608526
850,0,1,38,5,0.5849254571846283,1,1,0,0.3913225213007842,0,44.92278
618,1,0,46,6,0.598704079413279,1,1,0,0.60334201916283,1,54.939125
642,0,1,18,5,0.44314219370900754,2,0,1,0.05026565036961029,0,1.0504555
850,1,0,40,9,0.3978366674692502,1,1,1,0.8199687070115196,1,5.8478665
739,1,1,34,9,0.0,1,1,0,0.3028926762505819,0,4.0259466
508,1,0,41,5,0.0,2,1,1,0.47084126534084003,0,2.8754988
667,1,1,41,6,0.0,2,0,0,0.8359307813896226,0,0.6858384
741,1,0,60,5,0.0,1,1,1,0.19453322792326666,0,46.06474
592,1,1,29,7,0.0,2,1,1,0.4559689950390262,0,1.2433882
651,0,0,45,6,0.34561466769236865,1,1,0,0.42933255125864517,1,81.087105
773,2,1,52,2,0.0,2,1,0,0.2866584258796715,0,37.57434
850,2,1,41,8,0.5294503039062594,1,1,1,0.8767622307930407,0,10.667285
550,0,0,42,10,0.5129864081468297,1,1,0,0.3154354740877754,1,68.051704
783,1,1,40,6,0.0,2,1,0,0.5487072515425223,0,0.64317894
777,1,1,29,2,0.0,2,1,0,0.6224509440651582,0,0.8196266
659,1,1,29,6,0.49100461466247114,1,1,1,0.28482635091651254,1,2.108621
727,0,1,46,3,0.4593423170339799,4,1,0,0.6537645845178214,1,96.80676
603,1,1,38,8,0.23659315222367777,1,1,1,0.957318823947687,0,16.99602
644,2,1,37,9,0.0,2,1,1,0.4822024503340069,0,8.157754
647,1,0,35,6,0.44906160903815573,1,0,1,0.6129220840590276,0,9.078106
648,0,0,37,7,0.5520309461104308,2,1,0,0.2860486676477603,0,10.008212
721,2,1,57,1,0.0,1,1,1,0.9797404652144278,0,62.00025
524,1,1,29,7,0.0,2,1,1,0.5272361510524255,0,0.8677085
626,1,0,34,3,0.0,2,1,1,0.18931162926059436,0,1.9779178
569,1,1,43,7,0.0,2,1,0,0.2626412322376787,0,2.3417513
578,2,1,36,1,0.6268200367726994,2,1,0,0.7076756330229537,0,3.8423638
769,1,0,40,9,0.5335674336938954,1,1,1,0.25280634300575705,0,7.204048
694,0,1,31,4,0.5659240769828101,2,1,0,0.13053866644264525,0,2.1360474
664,1,0,41,5,0.0,1,1,1,0.7602863573471266,0,7.440302
646,1,1,38,7,0.0,2,1,0,0.007584824350725494,0,1.6643385
779,1,0,29,3,0.18488845411298271,3,1,0,0.6396994913014192,1,10.63866
782,0,0,72,5,0.5925393453573122,1,1,0,0.012971588786729132,1,90.235504
769,0,1,34,7,0.45875797619663033,1,0,0,0.28917916661041126,1,21.081238
655,0,1,67,6,0.5913292524466808,1,1,1,0.9350072431917248,0,4.661239
623,2,1,46,4,0.0,1,1,0,0.027690294423117403,1,70.22673
705,2,0,39,8,0.5743460223232469,1,1,1,0.05835947332970298,0,17.714827
686,1,1,41,5,0.513661582676855,3,1,1,0.5346898628819052,1,21.733644
678,0,1,36,6,0.47209665884662577,2,1,0,0.26582758653451405,0,2.5129943
738,1,1,39,5,0.0,2,1,1,0.5719416204247505,0,1.8464088
703,1,1,28,9,0.0,2,0,1,0.010698971751802297,0,1.4907771
554,2,1,42,1,0.0,2,0,1,0.9174942206980766,0,4.568775
582,1,0,38,9,0.5419690919129756,4,1,1,0.3828934163212587,1,56.718315
644,1,1,37,6,0.4674081018313054,2,1,0,0.5210816632988451,1,1.5221688
724,1,1,29,4,0.0,1,1,0,0.044860134142810634,0,3.828384
593,1,1,33,1,0.0,2,0,0,0.04986886247636649,0,1.1034746
710,2,0,30,10,0.0,2,1,0,0.09745190665708574,0,5.662246
631,1,1,35,8,0.5149719952033115,1,1,1,0.39571169046643956,0,8.557938
739,2,0,41,8,0.0,1,1,0,0.9585074874650528,1,36.608475
644,2,1,18,7,0.0,1,0,1,0.29819677779227916,1,15.510834
652,0,1,35,7,0.41457286502260743,2,1,1,0.27600785875051065,0,2.169
554,2,1,37,3,0.0,2,1,0,0.8309079517093881,0,3.3105752
483,1,0,30,9,0.0,2,0,0,0.681792061141839,0,0.8299157
669,0,0,42,1,0.4140063003269575,1,1,0,0.7430706632483401,0,36.562508
841,0,0,52,3,0.44792301926252215,1,1,0,0.4275647824367227,1,95.14601
662,1,1,34,2,0.4692414756923817,2,0,1,0.27557236716106387,0,1.3443981
821,0,1,45,0,0.5413645436679092,2,1,1,0.6588979247518137,0,23.295942
783,1,1,38,9,0.4549064921139894,1,1,0,0.766365187875442,0,8.082278
850,1,0,28,9,0.0,2,1,1,0.8243441748686999,0,1.031583
559,1,1,62,6,0.4733261221717551,1,1,1,0.10179022096610225,0,14.67876
602,2,1,34,8,0.39212223576512684,1,1,0,0.19767097757835872,0,44.58379
563,0,1,41,2,0.40064442100774866,1,1,1,0.09701536496735437,1,41.311413
695,2,0,35,7,0.3182891109294615,2,1,1,0.6398915096391705,0,3.5267193
546,1,0,20,6,0.0,1,0,1,0.1024961383812154,0,3.095358
719,0,0,76,10,0.3788482008770972,1,1,0,0.8812506094332008,0,17.808046
539,0,1,42,1,0.708369481808331,1,1,0,0.525060393267557,0,36.172295
632,1,1,71,3,0.3312766549956598,1,1,1,0.1379440736590344,0,3.2890253
772,0,1,34,7,0.44466623879041894,1,1,1,0.6053660624589647,0,17.722471
708,2,1,40,8,0.3308742206845816,1,1,0,0.5054391694406816,0,36.03612
668,0,0,28,1,0.4962612907894198,1,0,0,0.5712875579617853,0,18.005426
738,1,0,67,1,0.5207393966211541,1,0,1,0.11376411447293215,0,15.567346
785,1,1,55,5,0.0,2,1,1,0.03498869142003061,0,12.137728
597,1,1,61,5,0.0,2,1,1,0.40647676853139475,0,5.8221507
531,1,1,37,7,0.4856730874276485,1,1,0,0.7376192926424473,0,8.439922
509,1,1,26,10,0.0,2,1,1,0.03083419466559056,0,0.33074954
508,1,1,35,1,0.3463289816195891,1,0,0,0.29684454865439647,0,5.428254
749,0,0,32,7,0.3169539074609935,1,0,1,0.7882579786369598,0,11.222071
621,0,0,55,7,0.5222588980250906,1,0,1,0.378406187790934,1,94.20277
659,1,0,33,7,0.3584707241095379,1,1,0,0.6827077485899903,0,11.848482
634,0,0,59,3,0.38153757966033147,1,0,0,0.48968586500010747,1,99.087746
675,1,1,39,7,0.0,2,0,1,0.18129546371678493,0,1.3147508
770,1,1,31,3,0.6179702683268733,2,1,1,0.9303526486779486,0,0.84943306
736,1,0,29,9,0.0,2,0,0,0.8807897154178224,0,0.76543194
524,1,1,44,10,0.472578448086233,2,0,0,0.4105673091780265,0,3.1905003
674,1,1,28,5,0.0,1,1,1,0.7596408957055398,0,1.5245064
700,2,1,44,9,0.0,2,1,0,0.7114482933120112,0,6.805061
741,1,0,35,1,0.0,2,1,0,0.18274730236737607,0,1.5304494
455,1,1,40,1,0.0,3,0,1,0.6498808636224759,0,73.66817
608,2,1,37,2,0.5199761385190299,1,1,0,0.10978833478597205,0,33.383224
776,1,1,36,1,0.0,2,1,0,0.2673564325393075,0,0.71202487
635,1,1,33,1,0.0,3,0,0,0.8903637797409651,1,50.936817
746,1,0,37,4,0.0,2,0,1,0.8552215736602845,0,1.5677145
692,2,0,47,3,0.0,2,1,0,0.754026159498232,1,31.200748
683,2,1,35,9,0.24381229845153468,1,0,0,0.4147373074128579,0,24.449917
591,0,0,35,2,0.35948595702741304,2,1,0,0.28529219540466116,0,10.725858
581,1,0,24,3,0.3806653131556323,1,1,1,0.22873894456920635,0,14.7186365
684,0,1,35,3,0.39843970115515825,1,1,1,0.8844369637300361,0,43.211586
561,2,1,37,4,0.40442830792374707,1,0,1,0.444175218733389,0,13.239307
718,0,0,33,4,0.2811542327803293,1,0,0,0.44294840157235016,0,38.252625
590,1,1,31,8,0.44723979365486605,1,1,0,0.13126173549573983,0,11.321341
573,1,0,47,8,0.6159631585876163,1,1,0,0.1478898734829176,0,67.69715
350,1,0,40,0,0.44280468615763485,1,1,1,0.8616304357066099,1,89.55319
504,0,0,44,0,0.5256041207806724,2,1,1,0.7902011642111821,1,78.53047
813,2,1,27,1,0.5471359307677471,1,0,1,0.5786631623320027,0,1.5323254
641,2,1,31,3,0.6110693788063514,1,1,0,0.2996106628182991,0,35.586594
662,1,0,22,9,0.0,2,1,1,0.22185153682176648,0,0.7918233
497,2,1,44,2,0.48326410137279247,1,0,1,0.3984371507478964,0,39.74231
716,1,1,31,8,0.43674322112216957,2,1,1,0.25748423974489565,0,0.76167
526,1,0,37,5,0.21352565896376496,1,1,0,0.3141269491236413,0,19.12767
760,0,0,34,6,0.23118314691036512,1,1,0,0.4517157388530605,0,49.396343
669,1,0,31,6,0.4503846960333577,1,1,0,0.20230051969963128,0,6.855116
655,1,1,27,10,0.0,2,1,0,0.2580714458230761,0,2.2402318
547,1,0,49,2,0.0,1,0,0,0.32730800791475584,1,86.54699
648,0,0,40,5,0.5578904566391877,1,1,1,0.003280713308120925,1,23.872084
790,1,0,31,2,0.6029944667972563,1,1,1,0.8622100410589211,0,15.639671
744,0,0,50,1,0.48425282950539805,2,0,1,0.5303000936589444,1,73.42405
761,2,0,32,4,0.4125794261725947,2,1,1,0.888138817257048,0,1.7736839
750,1,0,35,3,0.0,1,1,0,0.9576360542431801,0,13.285735
680,1,1,34,9,0.0,2,1,1,0.47842078918536723,0,1.0729938
704,2,1,38,6,0.4252234841644271,1,1,0,0.8689075806739543,0,39.630474
521,1,0,41,2,0.0,2,1,1,0.5654432498303588,0,4.299708
452,1,0,35,8,0.0,2,1,1,0.7480875923650708,0,2.0133243
695,1,0,31,5,0.4228378143492444,1,0,0,0.497678028251698,0,13.408144
850,2,1,71,10,0.2774359103331556,1,1,0,0.4894558430330096,1,90.35525
625,1,1,31,5,0.0,2,0,1,0.00039248748255458387,0,1.0094917
608,0,0,40,7,0.383431854742298,1,0,0,0.8057933032604614,0,60.357464
715,1,0,38,0,0.0,2,1,1,0.0016063034019748886,0,27.008713
834,2,1,33,5,0.0,2,1,0,0.3313996486664476,0,6.622505
469,1,1,33,1,0.5094439738461143,1,1,0,0.8174062622980495,0,8.523891
480,1,0,40,7,0.0,1,1,0,0.8516867860880715,1,34.04499
527,0,1,58,3,0.5473075542344704,1,1,1,0.6307271344413391,0,75.71382
834,2,1,34,5,0.0,2,0,0,0.26715311312230317,0,5.202511
583,1,0,40,4,0.22230695339290948,2,1,0,0.13455710020306938,0,1.2446524
696,0,1,32,4,0.3364777308587722,1,0,1,0.2615406271298909,0,12.364006
606,1,1,32,5,0.33145589111499413,1,1,1,0.5844258626698849,0,5.9832854
713,1,0,39,10,0.0,2,1,1,0.6313222412740417,0,12.504096
821,0,1,42,3,0.3499719348202292,2,1,1,0.3230420005110488,0,1.7137197
550,1,0,30,4,0.0,2,1,0,0.44606614931725974,0,0.7999074
675,1,0,39,6,0.0,2,0,0,0.41707768091852765,0,1.8721604
748,2,1,39,3,0.0,2,1,1,0.6199939094183494,0,6.4054728
606,0,1,40,9,0.37981102207673245,2,0,1,0.484916309507558,0,7.649792
726,0,1,30,7,0.3700609677817795,1,1,0,0.7307821896991162,0,13.627252
547,1,1,30,6,0.0,2,1,1,0.09231021562559223,0,0.42748073
758,2,1,35,5,0.0,2,1,0,0.4750354658869922,0,2.5407345
596,1,1,37,2,0.0,1,0,1,0.6058792614694704,0,19.273666
720,2,1,34,3,0.0,2,1,1,0.3852177882987825,0,2.0599077
674,1,1,37,3,0.0,1,1,0,0.7902670705052331,0,5.0006976
756,1,0,32,4,0.0,2,1,0,0.7352135628952564,0,0.817087
649,0,1,78,4,0.27240486366396816,2,1,1,0.7128439265949897,0,0.51125085
613,0,1,28,7,0.3055280333142433,2,1,1,0.9274468711761972,0,4.388022
643,1,1,62,9,0.0,2,0,0,0.7793706298951549,0,62.54155
600,1,1,31,8,0.0,2,1,1,0.6077776927696594,0,1.3667251
735,2,1,39,1,0.2406354707602597,1,1,0,0.20108000314029986,0,28.922909
585,1,0,34,1,0.0,1,1,1,0.3774961508824093,0,11.775097
724,0,1,33,4,0.3509268643695136,1,0,1,0.9347438180346221,1,4.687225
635,2,1,29,2,0.0,2,0,0,0.585867050303304,0,3.222153
472,1,1,19,9,0.0,2,1,0,0.01721074362601628,0,0.3169124
590,1,1,36,1,0.0,2,1,0,0.24434963539017973,0,1.5274506
651,2,0,63,8,0.5180137879885814,1,1,1,0.059100394087635365,0,27.37473
686,0,0,39,4,0.628667998229879,2,1,0,0.8141228487320539,0,11.723237
606,1,1,32,6,0.0,2,0,1,0.18266269428730442,0,1.0781709
781,1,1,33,3,0.3558276589510905,1,1,0,0.03474041770989129,0,11.423944
593,1,1,45,4,0.5533130602947197,1,0,0,0.05409116570632495,0,41.001083
793,1,1,63,4,0.41343395639241415,2,1,1,0.40134072803952775,0,7.096243
791,1,0,31,10,0.3009159615364151,1,1,0,0.11087338840859301,0,11.105579
850,1,1,68,5,0.6753554799879107,1,1,1,0.9317064279638705,0,10.340161
698,1,0,57,9,0.44384375345384264,2,1,0,0.5285676282084939,0,59.55214
846,1,0,34,10,0.5675157192308639,2,0,1,0.34194295555225523,1,1.7065301
765,1,1,42,4,0.49147998695406575,2,1,1,0.41432336788163265,0,0.8963367
574,2,1,52,7,0.4604758848502992,1,1,0,0.9813241664578968,0,91.37327
617,0,0,51,10,0.666699814255262,1,0,0,0.4671854662120232,1,96.65425
581,1,1,25,5,0.3104309403072778,2,1,0,0.7516113288819082,0,0.4227047
710,0,1,37,6,0.5412381975486542,1,0,1,0.2325823116107588,0,33.937885
550,1,1,32,8,0.3886600730997993,1,1,1,0.9957313923479691,0,2.7567956
533,0,1,51,6,0.5083560420886425,2,0,0,0.39777518753040914,1,34.802967
779,1,1,49,9,0.4231214753368589,1,0,0,0.5844672666239625,0,53.14012
763,1,0,23,2,0.0,2,1,0,0.7699355788477799,0,2.0550954
563,2,0,36,4,0.5726646623734761,2,1,1,0.3176283835106253,0,4.155872
678,2,1,38,3,0.49615176424818547,1,1,0,0.6312689361834055,0,40.542305
644,2,0,31,5,0.3427937614032853,1,1,1,0.3695921460499477,0,14.220028
682,0,0,43,7,0.4427855548840568,2,1,1,0.3233694817855105,0,15.247747
625,1,1,22,9,0.0,2,1,0,0.785381653947952,0,1.0847276
733,2,1,36,1,0.0,2,0,1,0.5418829498217079,0,4.380585
512,1,0,30,6,0.0,2,1,0,0.4441210635615701,0,0.8847059
642,1,0,41,7,0.4590378109295293,1,1,1,0.18833243574761388,0,11.404938
737,0,0,22,10,0.44457596309322245,2,0,0,0.5316321208675429,0,3.576996
575,1,0,57,8,0.5497727782622818,1,1,1,0.42235808519713636,0,43.47442
543,0,0,37,3,0.4874674414619896,2,0,0,0.16995183039980316,0,5.115275
521,0,1,41,8,0.4806196013688267,1,0,1,0.10240762992865818,0,30.24005
637,1,1,32,3,0.0,2,1,1,0.9891718659131946,0,1.3833563
714,1,1,40,9,0.18541667654783664,1,1,1,0.48342451704137746,0,8.403551
726,2,0,56,2,0.420384786508339,1,1,1,0.23018758291416827,0,69.58672
680,2,0,34,7,0.0,2,1,0,0.4947385975360647,0,7.852223
812,0,1,39,5,0.4612658071649729,3,1,1,0.9280274266192421,1,21.457151
757,2,1,30,3,0.5795041723912685,1,0,1,0.991742561414615,0,6.1623015
710,2,1,62,3,0.5224368985830065,2,1,0,0.5967428889458942,1,90.41916
516,0,0,47,9,0.5113579780539582,1,0,0,0.7480843920594417,1,92.42744
803,1,0,40,6,0.6597368278092512,1,1,0,0.06158838169045143,0,27.02688
560,1,0,38,5,0.33365901669478637,1,1,1,0.16618782093689946,0,14.1418085
679,1,0,36,3,0.0,2,1,1,0.011160215800608957,0,4.008255
526,1,1,32,7,0.5003627169899939,1,0,0,0.43391558893874366,0,5.7862315
485,1,1,41,2,0.3995835918878458,2,1,1,0.06348151248444225,0,2.3942347
625,1,0,36,3,0.0,2,1,0,0.2064373147635599,1,1.152395
773,2,1,43,7,0.5506242395069648,1,1,1,0.8868125906024025,0,27.995401
530,1,0,45,1,0.0,1,0,1,0.953352595172839,1,71.737
616,0,0,43,7,0.3825625376422755,1,0,1,0.5763098375894897,1,91.36081
651,1,1,23,10,0.0,2,1,1,0.8505194746098252,0,1.9279159
586,0,1,38,2,0.545474140516574,1,0,1,0.9457521193273957,0,43.724194
607,0,1,29,7,0.40896684386875964,1,1,0,0.8163072573430762,0,22.29747
724,2,1,39,3,0.0,2,0,1,0.47780178006999663,0,1.8470753
733,1,1,64,3,0.0,2,1,1,0.37634119058370075,0,2.34384
667,0,1,70,3,0.3083200832656797,2,1,1,0.1043618665582563,0,1.2374394
700,1,0,32,8,0.4421044018310383,2,1,1,0.809248433225373,1,1.7733891
659,2,1,78,2,0.6045309073496734,1,0,1,0.24985931156425434,0,0.75264436
710,2,1,22,8,0.0,3,1,0,0.536457881727705,0,27.278175
760,1,1,37,7,0.0,1,0,0,0.1642739881658698,1,3.6191418
677,1,0,25,3,0.0,2,1,0,0.8980726659395971,0,0.9383673
798,0,0,29,8,0.3196680771862393,2,1,0,0.3510917292601443,0,2.6530738
758,1,1,35,7,0.0,2,1,0,0.3897385200286627,0,0.4323842
715,1,1,45,4,0.0,2,1,1,0.27518803045690865,0,3.2105572
752,0,1,32,9,0.46069497778958785,2,0,1,0.508377950094234,0,0.7921298
586,0,1,46,8,0.4263442579415412,1,1,1,0.39681489582255103,1,63.13627
818,1,1,36,4,0.0,2,1,1,0.0401310825183805,0,0.63815475
490,0,0,41,0,0.5566365212266065,1,1,1,0.8812968638504977,0,85.83421
610,0,0,69,5,0.34292094451575944,3,0,0,0.9637494380713357,1,98.5428
627,0,1,24,5,0.4096212928524088,2,1,0,0.28393431572715194,1,4.784735
533,1,0,35,8,0.0,2,1,1,0.9395324253466205,0,1.6006263
708,1,0,51,8,0.2820036613271946,1,1,1,0.4645866680267965,1,41.956413
681,1,1,59,4,0.4893680537783289,1,0,1,0.7008437805810455,0,13.400478
690,1,1,21,8,0.0,2,1,1,0.7789309379045699,0,0.2009054
656,0,1,68,7,0.6119819804128441,1,1,1,0.932904592388573,0,6.637095
673,2,1,40,1,0.4847753922718185,1,1,1,0.01623665060013231,0,9.887002
806,0,1,36,8,0.6695274962037376,2,1,1,0.5335644554054912,0,3.3434777
648,2,0,43,7,0.3234533192341162,1,1,1,0.722675365497405,1,29.954374
501,1,1,35,6,0.39761498383666455,1,1,1,0.06790618504067138,0,2.312689
556,0,0,43,4,0.5017603760953302,1,1,1,0.3742526911320031,0,60.14769
627,1,0,27,2,0.0,2,1,0,0.627257053048566,0,1.3772262
652,1,1,31,2,0.4748882305162228,1,0,0,0.7487147022540652,0,5.4761286
807,0,0,60,1,0.2907498418979595,2,1,1,0.08672718244592358,0,29.317516
708,0,1,21,8,0.533979194500843,2,1,0,0.2514365621916893,0,0.48144197
619,1,1,27,1,0.6157240176678906,1,1,0,0.7819904800908486,0,6.065406
601,1,1,40,10,0.39309637630162914,2,0,0,0.3898677823732166,0,4.4718943
445,1,1,64,2,0.5451243969214753,1,0,1,0.21835325273563622,0,8.96248
800,0,1,39,4,0.37964705111944064,1,1,0,0.06948043538157893,0,33.82467
554,1,1,33,3,0.4679746665269553,1,1,1,0.06378189117060679,0,5.6704483
714,0,1,54,4,0.5499706275165347,2,0,1,0.2565092966378289,1,20.933598
656,1,1,44,10,0.5722304223200743,1,0,0,0.637223654859039,0,33.185295
520,1,1,49,5,0.48305525163623214,1,1,0,0.36286340345502993,1,67.6562
480,2,1,39,5,0.4847661454895891,1,1,1,0.41217211243673774,0,16.059929
660,0,1,30,1,0.3365513862620477,2,1,1,0.30240087928397164,0,1.618685
532,1,1,36,4,0.0,2,1,1,0.6639994119438406,0,1.1337465
679,1,1,42,1,0.0,2,0,0,0.3590921432996851,0,1.1550999
780,1,0,26,3,0.559417172127536,1,1,0,0.5857187861440767,0,6.1509604
747,1,1,29,7,0.0,2,1,1,0.7085419157529543,0,0.6725827
705,1,0,39,3,0.36757776832816863,1,1,1,0.27255437894318907,0,14.449803
732,1,0,43,9,0.0,2,1,0,0.9157654055962344,0,8.739487
515,2,1,40,10,0.483686384380208,1,1,0,0.6918096178185017,0,26.470016
816,0,0,40,9,0.43445233082483814,1,1,1,0.39788289781674147,0,27.409172
641,1,0,48,3,0.5872560847314542,1,1,1,0.787310338137292,1,54.30457
509,1,1,18,7,0.4104611159056652,1,1,0,0.858877022755673,0,0.7942133
601,0,0,49,4,0.3836337693921863,2,1,0,0.5213109851990865,0,17.896904
527,1,1,39,4,0.0,2,1,0,0.8359372820104319,1,1.131505
455,1,0,27,5,0.6212844824765307,2,0,0,0.35385074274593226,0,2.0756054
803,0,1,34,4,0.5696701796334919,2,1,1,0.5743447499236176,0,1.0002595
553,1,1,32,7,0.25541083234232675,1,0,1,0.5457921231477606,0,3.291566
724,1,0,28,5,0.0,1,1,0,0.29672883760399116,0,10.443798
610,1,0,45,1,0.0,2,1,1,0.9983247400126711,0,18.251577
559,2,0,39,2,0.0,2,1,1,0.6057554496454411,0,5.2591653
825,0,0,35,6,0.4716534510087343,1,1,0,0.1316663241339548,1,59.797966
819,2,0,28,8,0.6706037897697826,1,1,1,0.5139868857475889,0,6.378586
772,0,0,42,0,0.40645650192076,1,1,0,0.45462791696607024,0,53.48354
685,2,1,23,5,0.657248646253146,1,0,0,0.705770901121057,0,61.831154
506,1,1,43,2,0.0,2,1,0,0.5278355082910418,0,3.3476346
642,0,1,22,10,0.44564914782731113,2,1,1,0.9152568070250708,0,5.73806
627,2,1,40,10,0.0,2,1,1,0.9739972167341981,0,11.4656515
600,0,1,30,2,0.4773053473623494,1,1,1,0.10921708023116207,0,14.954411
653,1,1,46,0,0.47651259521345907,1,1,0,0.39123011247574146,1,37.547813
762,2,0,35,3,0.475689910592783,3,1,1,0.23553549363964257,1,22.082695
569,2,0,30,3,0.5561151541647847,1,1,1,0.16610981348718803,0,10.343556
756,1,1,40,1,0.37773547817761394,1,1,0,0.5713948182051386,0,7.6096044
673,1,1,31,1,0.43182959264456744,1,0,1,0.19397077420893694,0,1.5246372
637,1,0,36,9,0.6653692740347287,1,1,1,0.3625005187995453,0,13.34628
644,1,1,33,7,0.6957859264691891,1,0,1,0.21967852929954806,0,6.5473514
658,2,1,35,9,0.2862889071813979,1,1,1,0.3406842353444754,0,6.197961
649,1,0,36,8,0.0,2,0,1,0.5458936828467118,0,3.5240989
603,1,0,39,9,0.30597953137068523,1,0,0,0.2410887239731394,0,27.517653
820,1,0,39,1,0.41695929211736926,1,1,0,0.30766363187684426,1,26.754427
712,2,1,27,10,0.0,1,1,0,0.4727116439619984,0,26.60582
645,0,0,31,1,0.5138657293086608,1,1,1,0.014193505479773319,0,19.150629
705,0,0,31,9,0.4421792529389124,2,1,0,0.8174441659178451,0,5.876382
590,2,0,29,10,0.3955792569006803,1,1,1,0.6481510484251246,0,45.455597
631,1,1,36,1,0.0,2,0,0,0.6657123755318632,0,0.7196731
604,1,1,34,7,0.0,2,1,1,0.9404246605550829,0,1.3663763
643,2,1,48,8,0.0,2,1,0,0.8736720356794072,0,11.027436
690,2,0,30,5,0.0,2,0,1,0.3934798273235094,0,12.912412
558,1,1,31,7,0.0,1,1,0,0.9913821769979032,0,7.9353833
637,0,1,51,1,0.41723247076133585,1,1,0,0.27630328696390505,1,87.24045
648,0,0,45,5,0.47384398183342097,1,0,0,0.25815025334919484,0,75.60517
652,2,1,28,8,0.6250493975462309,2,1,0,0.9912943686122023,0,8.183206
808,0,1,39,3,0.4950891814282046,1,0,1,0.8572357660156543,0,16.102396
551,1,0,26,2,0.5749685858509326,1,1,0,0.2488598161124387,0,6.2819085
711,0,1,26,9,0.513330452216675,1,1,0,0.09626154297735433,0,18.052837
467,0,1,28,10,0.5034524575296687,1,1,0,0.16170399273130584,1,56.57694
789,2,0,40,4,0.0,2,1,0,0.6870190603202605,0,7.0281177
602,2,1,33,5,0.0,2,0,1,0.32016437569787914,0,3.5056014
576,1,1,39,1,0.0,2,1,1,0.34404610640316147,0,2.083393
584,1,1,38,1,0.45971473915963257,1,0,1,0.8681896121079563,0,14.764457
593,1,1,32,6,0.39522935387830177,1,1,0,0.6419239537375819,0,11.190043
705,0,0,48,1,0.6251467677573792,2,1,1,0.49736934877280775,1,28.291348
595,0,0,64,2,0.4214313468866982,1,1,1,0.4496636928826703,1,60.63294
699,0,0,41,1,0.7976057529971632,2,1,0,0.4706988017355658,0,5.1187825
516,1,0,46,6,0.24795840414727752,1,0,1,0.8584333803878269,1,55.049015
838,1,1,31,2,0.0,2,1,0,0.04106082130843495,0,1.1360536
587,1,1,39,10,0.0,2,1,1,0.852070722754023,0,4.3112736
750,1,1,38,5,0.6039599584038284,1,1,1,0.23274007667732266,0,9.886142
581,0,1,39,1,0.4843540658280819,1,0,0,0.808297042367546,1,49.909195
484,1,1,41,5,0.0,1,1,1,0.37131431051665437,0,9.275057
576,2,1,26,8,0.0,2,0,1,0.17046367928137135,0,1.5394137
567,0,0,46,1,0.27197700070175906,2,1,1,0.5478573203740957,0,14.963349
638,2,1,30,9,0.5452752948418221,2,1,1,0.5332078713517141,0,2.495625
646,0,1,24,0,0.3682693638680151,1,1,1,0.09443756878781923,0,32.30742
658,1,0,40,5,0.572208899637299,1,1,1,0.9480711907987212,0,9.021739
590,2,0,38,9,0.0,2,1,1,0.7437639294552629,0,9.046446
546,2,1,25,7,0.5090841464755671,2,1,1,0.5263910703472181,0,0.621103
603,1,0,34,9,0.0,2,1,0,0.8396040321850736,0,1.5766733
619,2,0,38,10,0.4769206891929708,1,1,1,0.043179123606304395,0,71.1141
678,1,0,34,6,0.0,2,1,1,0.6229657932332537,0,2.0584612
459,1,1,26,4,0.5973726623427066,1,0,0,0.25004682947221457,0,3.558194
671,0,1,28,8,0.4777219308445115,2,1,0,0.6271152895101482,0,2.5793872
501,2,1,43,6,0.41663625259163994,1,0,0,0.4055987846839373,1,47.759953
719,2,1,37,10,0.579448851125172,1,1,0,0.40202344323882927,0,40.89075
681,2,0,37,6,0.4831897684035778,1,1,1,0.7318423909483355,0,32.47278
706,2,1,24,2,0.5622943163895748,1,1,1,0.12196809795335453,0,9.413438
763,0,0,32,1,0.4323095883272767,2,1,0,0.30273321102165257,1,6.417507
716,1,1,39,1,0.2816187640168963,2,1,1,0.38235886527163343,0,2.3407438
507,0,1,40,3,0.4787020499040069,1,1,0,0.4603611144864334,1,43.827843
678,0,1,55,4,0.5167313549497329,1,1,1,0.9206555226024085,1,64.7945
775,1,0,30,10,0.7616309075927999,2,1,1,0.48083992021238026,0,1.7229855
544,1,1,38,8,0.0,1,1,1,0.4910320935649354,0,26.572266
756,1,1,27,8,0.0,2,1,1,0.7896812645607655,0,0.46977815
757,0,0,43,5,0.5238514569800033,2,1,1,0.017430914652349295,1,14.189541
742,0,1,33,1,0.5497768038010972,1,1,1,0.2569021341538117,0,19.016119
591,1,1,49,3,0.0,2,1,0,0.2505832306985317,0,5.238964
667,1,1,24,4,0.0,2,0,0,0.9016773601878978,0,1.0149326
787,1,1,32,4,0.0,2,1,1,0.0661430666628663,0,1.234812
718,1,0,43,0,0.37123993251602677,1,1,0,0.8377964095571125,0,65.284
521,1,1,38,6,0.0,2,1,0,0.2572369661302654,0,1.7091429
607,2,1,40,1,0.4485663880502239,1,1,1,0.09916267003498834,0,28.533913
633,1,0,34,3,0.4903761124686123,2,1,1,0.19153559164900247,0,1.6028771
588,2,1,37,2,0.0,2,0,1,0.9391147354572361,0,3.1839676
724,0,0,33,9,0.47540593075060883,1,1,1,0.9857774417456866,0,11.813841
720,1,1,44,4,0.0,2,1,0,0.8173752093324912,0,2.22461
521,1,1,39,7,0.0,2,0,1,0.0032103065842787985,0,2.5840926
620,2,1,36,7,0.6748266597007575,1,1,0,0.2270342317691339,0,39.564625
505,0,0,33,3,0.42450211558007483,3,1,0,0.22719269690255417,1,76.49756
728,2,0,43,8,0.5118118276627774,1,0,1,0.6951300349183347,0,52.47928
486,0,1,62,9,0.4717329255077231,2,1,0,0.8401964887646769,1,70.33695
584,0,1,42,3,0.5479480931879555,1,1,0,0.12829985263592672,0,50.427055
687,2,0,40,1,0.0,2,1,0,0.04098281385872351,0,24.755802
771,1,1,50,3,0.4194122003878149,1,1,1,0.08135826971475775,1,65.46085
678,1,1,41,2,0.5902321137637995,1,1,0,0.0703644198020911,0,12.508823
751,1,0,48,4,0.0,1,0,1,0.1507817996618677,1,83.42074
670,1,1,33,8,0.5049049596192622,1,1,1,0.1972163841646877,0,3.6903288
675,2,1,31,2,0.3620046290507832,2,1,0,0.3013252265591364,0,4.7019024
684,2,1,24,8,0.5722757395243624,1,1,1,0.11258920226881666,0,9.539
637,1,0,21,10,0.5010488521455067,1,0,0,0.8753880495587328,0,6.282685
760,2,0,32,2,0.0,1,1,1,0.572823554649469,0,13.502686
662,2,1,37,4,0.6185272275289142,1,1,0,0.24461946115854064,0,33.50711
680,1,1,49,10,0.0,2,1,0,0.9350736495335304,0,4.925479
604,2,1,40,5,0.6195959084423481,1,0,1,0.567905584983366,0,20.288767
764,1,0,40,9,0.40048343931195335,1,1,0,0.6204798058214559,0,6.7559166
521,1,0,77,6,0.0,2,1,1,0.24523602003991377,0,1.2002436
684,0,0,56,3,0.5085171433548976,3,1,1,0.4029480315370118,1,97.67033
795,1,0,40,2,0.4061055227642427,1,1,1,0.9152538067385434,0,9.989046
678,2,0,61,8,0.0,2,1,1,0.7997125725506786,0,6.205489
589,1,1,38,4,0.0,1,1,0,0.4774050921863037,1,14.483794
660,2,0,28,3,0.5138735013885519,1,1,1,0.9903852317896358,0,10.349761
646,0,1,39,6,0.4849853978561575,2,0,1,0.3089389536700755,0,8.369808
706,0,0,56,3,0.5564140404576218,1,1,1,0.4319013965833737,0,84.20345
730,1,0,27,7,0.0,2,1,0,0.7205083085434659,0,1.3371632
606,1,0,36,10,0.0,2,0,1,0.7782237203652947,0,8.026006
690,2,0,36,10,0.36572661832539266,1,1,1,0.6789316379714262,0,45.714714
645,0,1,41,2,0.374356377125071,1,1,0,0.6199120015961523,1,35.605286
579,1,0,38,4,0.7004412030398478,1,1,1,0.9656870731154824,0,12.783687
481,1,0,28,10,0.0,2,1,0,0.7260912417135835,0,4.378347
492,0,1,45,9,0.6787418748385052,2,0,0,0.8237298161974468,0,11.754665
739,1,1,58,2,0.40486270740442865,1,1,1,0.36081920823438635,0,46.18677
624,1,1,55,7,0.47347351269194604,1,1,1,0.47509757181810863,1,48.012512
682,1,1,44,3,0.4594785875014035,1,0,0,0.11878544400990294,0,26.169596
701,2,0,34,6,0.4303754165685359,1,1,1,0.5968728013525292,0,14.538425
718,1,0,44,1,0.5335481828498575,1,0,1,0.6952546968235466,0,65.57715
496,1,0,34,1,0.40942260660493673,2,1,0,0.9042525061143338,0,1.2311219
543,2,1,41,5,0.0,2,0,1,0.7199123016248051,0,4.7876844
616,2,0,44,7,0.7700856550960592,2,1,1,0.6869715557835773,0,27.07554
635,0,1,53,8,0.4663469140000229,1,0,1,0.6182339913461735,1,89.3194
652,2,1,31,1,0.5295480328287873,1,0,0,0.7902900226971675,0,27.336973
688,1,1,26,0,0.0,2,1,0,0.5289168615602791,0,7.1365967
678,1,0,49,3,0.8151155714258328,1,0,1,0.0036368473189189563,1,59.029655
757,0,1,36,1,0.2604631625533698,1,0,0,0.3226711150914912,0,19.56443
667,1,1,36,8,0.5570124108955952,1,1,0,0.39933603659149447,0,5.517552
725,1,0,29,6,0.0,2,1,1,0.9539173491068396,0,0.96917677
632,0,0,50,5,0.43029179696027187,1,1,1,0.03487213028844254,1,83.68516
694,1,0,38,5,0.7809002850519908,1,1,1,0.42759713552644274,0,11.232276
803,1,1,36,1,0.0,2,1,1,0.7468680759012485,0,1.2041633
814,1,0,31,6,0.34983335265724824,1,1,0,0.9426143696723037,0,25.105343
611,1,1,38,4,0.2830575553604255,2,1,0,0.012164711729970211,0,1.0607787
755,0,1,38,4,0.4427969539345637,1,1,1,0.09876593214651999,0,36.4622
425,0,1,40,9,0.6647184918785154,2,0,1,0.8632589412288874,0,2.5805168
850,1,0,34,6,0.40361610564671896,1,1,0,0.16746799319334996,0,8.50844
677,2,1,18,8,0.5372574577989015,2,1,1,0.5742914448329814,0,0.5121921
797,1,0,46,8,0.0,1,0,0,0.8133614260161844,0,40.89927
692,0,0,43,10,0.47265736458974245,1,1,1,0.8062273447114199,1,62.39479
735,0,1,28,5,0.6395192167465285,2,0,1,0.5747830917852654,0,2.0197747
609,1,1,77,1,0.0,1,0,1,0.09349482875614619,0,1.1814518
700,1,0,42,8,0.0,2,1,1,0.526520982753853,0,4.65074
526,2,0,36,5,0.3632238890300042,1,0,0,0.29052839546176656,0,48.6179
693,2,0,57,9,0.0,2,1,1,0.6775206532223826,0,18.950617
748,1,0,20,7,0.0,2,0,0,0.05390934834276673,0,0.21384433
657,2,1,36,8,0.0,2,0,1,0.6193333963393504,0,2.995853
739,0,0,25,5,0.45083292583056334,1,1,0,0.6459101344178368,0,12.56966
784,2,1,23,2,0.0,1,1,1,0.03418401457339175,0,6.1609387
744,0,1,41,7,0.7589110781991207,2,1,1,0.6918155683867809,0,4.852054
645,1,1,44,10,0.0,2,0,1,0.8335578047703556,0,17.604956
669,1,0,33,9,0.0,2,0,1,0.5360984474017269,0,0.5324086
615,1,1,34,1,0.33281684208915263,2,1,1,0.36559966476798533,1,6.324246
724,0,0,53,1,0.5567505914453156,2,1,1,0.06451786145576902,0,31.90845
850,1,0,47,9,0.547241591197446,1,1,0,0.22172212446288617,0,55.135952
625,0,0,39,10,0.5175219149735257,1,1,1,0.48221255129864904,0,77.12227
635,2,1,46,8,0.0,2,1,1,0.3036669001889681,0,10.645823
724,0,1,37,6,0.5001608421969255,1,1,0,0.5928513673055776,0,26.360003
550,1,1,47,2,0.0,2,1,1,0.48527484374757784,0,4.7907186
645,1,1,45,6,0.619445169949281,1,0,1,0.01718984162987565,0,28.878529
714,2,1,29,4,0.0,2,1,1,0.1879895530023117,0,1.4182717
520,1,0,46,10,0.33964630818831665,1,1,0,0.5868457437685299,1,47.19465
633,1,1,25,1,0.0,1,1,0,0.5029850350708492,0,3.4707785
537,1,1,37,6,0.0,1,1,1,0.088962695937462,0,11.848854
764,2,1,38,4,0.4528032477250027,1,1,0,0.4554578962290899,0,29.69727
795,0,0,33,9,0.41671389367691086,1,1,1,0.604268957685459,1,12.193998
573,2,1,44,9,0.0,2,1,0,0.5356141011466594,0,8.328072
702,2,1,44,9,0.0,1,0,0,0.2960074187084867,1,55.898483
740,0,1,33,2,0.5042848672144137,1,1,0,0.6843540058075546,0,17.829481
479,1,1,34,5,0.46869021601559424,2,0,0,0.56653765434599,0,1.1036062
627,0,0,33,4,0.3316049556216232,1,0,0,0.7966928341656627,0,37.76151
479,2,1,35,4,0.5018809828325118,1,1,1,0.10191903326767704,0,6.9660454
623,1,1,48,5,0.47218127487538875,1,1,1,0.7929690785470012,0,41.450253
512,0,0,40,8,0.6119519283705986,2,0,0,0.1154587763131379,0,5.3927283
609,1,1,41,6,0.0,1,0,1,0.5629218090327626,0,15.028609
518,1,1,42,7,0.6019457940074394,2,1,0,0.5968859026036987,0,1.4126537
833,1,0,34,3,0.5769346829224568,1,0,0,0.83238564282889,0,11.162097
758,1,1,26,4,0.6207291574041078,1,1,0,0.8577841183833055,0,2.235909
611,1,1,27,7,0.0,2,1,1,0.7873877955344735,0,0.91323537
583,1,1,33,7,0.48837302826817064,1,1,0,0.06769476485004317,0,8.69932
610,0,1,50,1,0.45419640300968417,2,1,0,0.982668694860359,1,14.992814
637,1,0,33,7,0.41203107604366385,1,1,0,0.42208130876498706,0,14.34332
683,1,0,32,9,0.0,2,1,1,0.12491362925159351,0,2.9107342
774,1,1,40,9,0.3707380554391626,2,1,0,0.9580784464916399,0,0.5545237
677,1,0,58,1,0.3588024524220173,1,0,1,0.014884921510004206,0,55.889465
741,2,1,35,6,0.2964211086660724,1,0,0,0.4979680059445677,0,19.204147
498,0,1,42,3,0.6059818948801086,1,1,1,0.2671934669760962,1,46.86471
655,0,0,46,7,0.5466168355446628,1,1,0,0.5757290821273431,1,78.332985
613,1,1,40,4,0.0,1,0,0,0.756640559173401,0,15.635765
602,0,1,35,7,0.36111243413610683,2,1,1,0.2584438313858974,0,3.9676774
659,1,1,36,6,0.4935927969798416,2,1,0,0.48415333664364946,0,0.68050754
673,0,1,47,1,0.731689667306754,2,0,1,0.17019605372313054,0,8.307425
606,2,1,30,8,0.7186492730972963,2,1,1,0.009515058688104714,0,2.894098
775,1,1,30,4,0.0,2,1,0,0.2466548555387039,0,0.54548883
841,2,1,28,4,0.0,2,1,1,0.8972107836298366,0,1.9028233
714,0,1,33,3,0.1395650321610659,1,1,0,0.26830312294824155,0,22.172247
597,1,0,53,4,0.3522593974310447,1,1,0,0.3468987788333786,1,86.71204
726,2,1,36,2,0.0,1,1,0,0.9759973077428894,0,27.669361
644,1,1,28,7,0.6180214843405146,1,1,0,0.14585362902157153,0,7.2471046
800,1,0,29,2,0.0,2,0,0,0.8388899639915611,0,0.4577683
771,1,1,39,5,0.0,2,1,0,0.48134126809110267,0,0.519769
516,1,1,35,10,0.22865702166166355,1,1,1,0.5084895107482764,0,7.2401247
709,1,0,36,7,0.0,1,0,1,0.21039009225381022,1,14.824118
772,0,1,42,3,0.29922631136809374,2,1,0,0.46442905297455905,1,1.6801331
792,1,0,28,4,0.5187077749376251,1,1,0,0.1909142323091855,0,12.632508
